timestamp_s,voltage_V,current_A,power_W,power_calculated_W,phase
0.205583,49.302825927734375,-0.0009059906005859375,-0.04466789588332176,-0.044667896872852,rest
1.425583,49.30307388305664,0.000476837158203125,0.023509537801146507,0.02350953764107544,rest
2.645583,49.303226470947266,0.0021457672119140625,0.10579324513673782,0.10579324680293212,rest
3.865583,49.302730560302734,-0.0038623809814453125,-0.19042593240737915,-0.19042592884943588,rest
5.085583,49.30274963378906,-0.001621246337890625,-0.07993189990520477,-0.07993190229171887,rest
6.3055829999999995,49.30318832397461,0.0047206878662109375,0.232744961977005,0.2327449628864997,rest
7.525582999999999,49.303245544433594,0.00152587890625,0.07523078471422195,0.07523078238591552,rest
8.745583,49.303321838378906,-0.006389617919921875,-0.3150293827056885,-0.3150293887301814,rest
9.965582999999999,49.30316925048828,-0.0011920928955078125,-0.0587739571928978,-0.05877395778952632,rest
11.195583,49.303226470947266,0.000286102294921875,0.014105766080319881,0.014105766240390949,rest
12.415583,49.30339813232422,-0.0004291534423828125,-0.021158723160624504,-0.021158723029657267,rest
13.635582999999999,49.302921295166016,4.76837158203125e-05,0.0023509464226663113,0.00235094648814993,rest
14.855583,49.303245544433594,0.0012874603271484375,0.06347597390413284,0.06347597263811622,rest
16.075582999999998,49.30295944213867,0.000762939453125,0.03761517256498337,0.03761517291422933,rest
17.295583,49.30339813232422,-0.00019073486328125,-0.009403876960277557,-0.009403876902069896,rest
18.515583,49.30326461791992,0.0034809112548828125,0.17162029445171356,0.171620288710983,rest
19.735583,49.30276870727539,9.5367431640625e-05,0.004701878409832716,0.004701878424384631,rest
20.955583,49.302978515625,-0.000476837158203125,-0.023509491235017776,-0.02350949216634035,rest
22.185582999999998,49.303321838378906,0.0001430511474609375,0.007052896544337273,0.007052896762616001,rest
23.405583,49.30307388305664,-0.0070095062255859375,-0.345590204000473,-0.34559020332380896,rest
24.625583,49.30299758911133,-0.00095367431640625,-0.047019001096487045,-0.04701900252257474,rest
25.845582999999998,49.30295944213867,0.000476837158203125,0.02350948378443718,0.023509483071393333,rest
27.065583,49.303016662597656,-0.00209808349609375,-0.10344184190034866,-0.1034418455674313,rest
28.285583,49.30280685424805,-0.0005245208740234375,-0.02586035057902336,-0.02586035134299891,rest
29.505582999999998,49.30307388305664,-0.0013828277587890625,-0.06817766278982162,-0.06817765915911878,rest
30.725583,49.30299758911133,-0.0002384185791015625,-0.011754750274121761,-0.011754750630643684,rest
31.955582999999997,49.30280685424805,-0.00019073486328125,-0.009403764270246029,-0.009403764124726877,rest
33.175582999999996,49.302940368652344,0.00133514404296875,0.06582652777433395,0.06582652713404968,rest
34.395582999999995,49.302711486816406,-0.0034332275390625,-0.1692674309015274,-0.16926742682699114,rest
35.615583,49.30341720581055,0.002193450927734375,0.10814462602138519,0.10814462621056009,rest
36.835583,49.302921295166016,0.000476837158203125,0.023509465157985687,0.023509464881499298,rest
38.055583,49.30316925048828,0.0006198883056640625,0.03056245855987072,0.030562458050553687,rest
39.275583,49.302978515625,-0.0013828277587890625,-0.06817752867937088,-0.06817752728238702,rest
40.495582999999996,49.303245544433594,-0.000667572021484375,-0.03291346877813339,-0.03291346729383804,rest
41.715582999999995,49.30299758911133,0.001239776611328125,0.06112470477819443,0.06112470327934716,rest
42.945583,49.30328369140625,-4.76837158203125e-05,-0.0023509636521339417,-0.0023509637685492635,rest
44.165583,49.30309295654297,-0.0011920928955078125,-0.058773867785930634,-0.058773866840056144,rest
45.385583,49.302825927734375,0.0003337860107421875,0.016456592828035355,0.016456593584734946,rest
46.605582999999996,49.303016662597656,-0.0021457672119140625,-0.10579279810190201,-0.10579279660305474,rest
47.825582999999995,49.30299758911133,-0.00152587890625,-0.07523040473461151,-0.07523040403611958,rest
49.045583,49.30307388305664,-0.0009059906005859375,-0.04466812312602997,-0.044668121518043336,rest
50.265583,49.30356979370117,-0.0001430511474609375,-0.007052932400256395,-0.00705293223290937,rest
51.485583,49.30286407470703,-0.002384185791015625,-0.11754719167947769,-0.11754718798329122,rest
52.715582999999995,49.30257797241211,0.0013828277587890625,0.06817696988582611,0.06817697340011364,rest
53.935582999999994,49.30316925048828,9.5367431640625e-05,0.004701916594058275,0.004701916623162106,rest
55.155583,49.303436279296875,-0.0004291534423828125,-0.021158739924430847,-0.0211587394005619,rest
56.375583,49.30316925048828,-0.0014781951904296875,-0.07287970930337906,-0.07287970765901264,rest
57.595583,49.3028450012207,0.0006198883056640625,0.030562257394194603,0.030562257052224595,rest
58.815583,49.30269241333008,-0.0002384185791015625,-0.011754677630960941,-0.011754677871067543,rest
60.035582999999995,49.30267333984375,-0.0026702880859375,-0.1316523402929306,-0.13165234122425318,rest
165.21480599999998,49.302730560302734,0.004863739013671875,0.23979561030864716,0.23979561410669703,rest
287.214806,49.303226470947266,0.0021457672119140625,0.10579324513673782,0.10579324680293212,rest
410.21480599999995,49.30370330810547,-0.006198883056640625,-0.30562788248062134,-0.3056278910662513,rest
532.214806,49.303436279296875,0.001430511474609375,0.07052913308143616,0.07052913133520633,rest
654.214806,49.303741455078125,0.0030517578125,0.1504630744457245,0.15046307817101479,rest
776.214806,49.303531646728516,-0.0017642974853515625,-0.08698609471321106,-0.0869860969032743,rest
898.214806,49.303855895996094,0.0004291534423828125,0.021158918738365173,0.02115891948051285,rest
1020.214806,49.30458068847656,-0.0030994415283203125,-0.15281666815280914,-0.15281666492228396,rest
1142.214806,49.303951263427734,0.0012874603271484375,0.06347688287496567,0.06347688122332329,rest
1264.214806,49.304237365722656,-9.5367431640625e-05,-0.004702018573880196,-0.004702018486568704,rest
1387.214806,49.30459976196289,0.006103515625,0.3009313941001892,0.3009313950315118,rest
1509.214806,49.30492401123047,0.0002384185791015625,0.011755210347473621,0.01175520992546808,rest
1631.214806,49.304771423339844,4.76837158203125e-05,0.002351034665480256,0.0023510347091360018,rest
1753.214806,49.304771423339844,0.0002384185791015625,0.011755173094570637,0.011755173545680009,rest
1875.214806,49.30488586425781,-0.0006198883056640625,-0.03056352213025093,-0.03056352215935476,rest
1997.214806,49.305267333984375,0.0005245208740234375,0.025861641392111778,0.025861641915980726,rest
2119.214806,49.30534362792969,0.0019073486328125,0.09404247999191284,0.0940424797590822,rest
2241.214806,49.30540084838867,0.001621246337890625,0.0799361988902092,0.07993620056367945,rest
2363.214806,49.30604934692383,-4.76837158203125e-05,-0.0023510956671088934,-0.0023510956452810206,rest
2486.214806,49.30612564086914,-0.000858306884765625,-0.04231978580355644,-0.0423197870986769,rest
2608.214806,49.30635452270508,0.000858306884765625,0.04231998324394226,0.04231998354953248,rest
2730.214806,49.30671691894531,0.00057220458984375,0.02821352891623974,0.02821352973114699,rest
2852.214806,49.30646896362305,0.000858306884765625,0.04232008010149002,0.04232008177496027,rest
2974.214806,49.306488037109375,0.0041961669921875,0.2068982571363449,0.2068982576020062,rest
3096.214806,49.30635452270508,-0.0003337860107421875,-0.016457771882414818,-0.016457771380373742,rest
3218.214806,49.30686950683594,-0.0010967254638671875,-0.054076097905635834,-0.054076099331723526,rest
3340.214806,49.30665969848633,-0.000858306884765625,-0.04232024401426315,-0.04232024548400659,rest
3463.214806,49.3071174621582,-0.000667572021484375,-0.032916050404310226,-0.03291605207778048,rest
3585.214806,49.30704116821289,-0.000762939453125,-0.03761828690767288,-0.037618287024088204,rest
3707.214806,49.30723190307617,0.0010013580322265625,0.04937419295310974,0.04937419271300314,rest
3829.214806,49.30717468261719,-0.005626678466796875,-0.27743563055992126,-0.27743561804527417,rest
3951.214806,49.306888580322266,-0.00152587890625,-0.07523634284734726,-0.07523634121753275,rest
4073.214806,49.307308197021484,0.0006198883056640625,0.03056502342224121,0.03056502373510739,rest
4195.214806,49.30742263793945,0.0007152557373046875,0.0352674163877964,0.03526741693349322,rest
4317.214806,49.30744171142578,0.002384185791015625,0.11755809932947159,0.1175581019197125,rest
4439.214806,49.307289123535156,0.0016689300537109375,0.082290418446064,0.08229041668528225,rest
4562.214806,49.30746078491211,-0.0001430511474609375,-0.007053488865494728,-0.007053488843666855,rest
4684.214806,49.30753707885742,0.00324249267578125,0.15987932682037354,0.1598793278390076,rest
4806.214806,49.307823181152344,0.0017642974853515625,0.08699367195367813,0.08699366844666656,rest
4928.214806,49.308013916015625,0.0030517578125,0.1504761129617691,0.1504761166870594,rest
5050.214806,49.30767059326172,0.0068187713623046875,0.3362177312374115,0.336217732183286,rest
5172.214806,49.307518005371094,0.006389617919921875,0.3150562047958374,0.31505620063398965,rest
5294.214806,49.30744171142578,-0.0016689300537109375,-0.08229067176580429,-0.08229067134379875,rest
5416.214806,49.30732727050781,0.002765655517578125,0.1363670825958252,0.13636708172271028,rest
5539.214806,49.30765151977539,0.0011444091796875,0.056428130716085434,0.05642812902806327,rest
5661.214806,49.307823181152344,0.0018596649169921875,0.09169603139162064,0.09169602890324313,rest
5783.214806,49.30767059326172,-0.0045299530029296875,-0.22336143255233765,-0.22336143047141377,rest
5905.214806,49.30768966674805,0.002574920654296875,0.12696339190006256,0.12696338853857014,rest
6027.214806,49.30734634399414,0.0001430511474609375,0.007053472567349672,0.007053472472762223,rest
6149.214806,49.307613372802734,0.00133514404296875,0.06583276391029358,0.06583276626770385,rest
6271.214806,49.30736541748047,0.0003337860107421875,0.01645810902118683,0.0164581088029081,rest
6393.214806,49.30768966674805,0.0008106231689453125,0.03996995463967323,0.03996995565103134,rest
6515.214806,49.30763244628906,-0.001430511474609375,-0.07053513079881668,-0.07053513400023803,rest
6638.214806,49.307861328125,0.003719329833984375,0.18339219689369202,0.18339219968765974,rest
6760.214806,49.307289123535156,0.0019550323486328125,0.09639734774827957,0.09639734525990207,rest
6882.214806,49.30736541748047,0.0017642974853515625,0.08699285984039307,0.08699286081537139,rest
7004.214806,49.30744171142578,0.00095367431640625,0.047023240476846695,0.047023240767885,rest
7126.214806,49.30765151977539,0.003337860107421875,0.1645820438861847,0.16458204299851786,rest
7248.214806,49.307518005371094,0.00209808349609375,0.10345128923654556,0.10345128976041451,rest
7370.214806,49.30694580078125,0.0035762786865234375,0.1763353794813156,0.1763353793649003,rest
7492.214806,49.307403564453125,0.0024318695068359375,0.11990917474031448,0.11990917118964717,rest
7615.214806,49.30747985839844,0.00133514404296875,0.06583258509635925,0.0658325880067423,rest
7737.214806,49.30744171142578,0.0028133392333984375,0.13871856033802032,0.13871856026526075,rest
7859.214806,49.30704116821289,0.0022411346435546875,0.11050371825695038,0.1105037181332591,rest
7981.214806,49.30707931518555,0.000762939453125,0.03761831670999527,0.03761831612791866,rest
8103.214806,49.30788040161133,0.0030040740966796875,0.14812453091144562,0.14812452627666062,rest
8225.214806,49.30757522583008,0.0018596649169921875,0.09169556945562363,0.09169556778942933,rest
8347.214806,49.30715560913086,0.0057697296142578125,0.2844889461994171,0.28448895591282053,rest
8469.214806,49.307098388671875,0.0011920928955078125,0.05877863988280296,0.05877864168724045,rest
8591.214806,49.30717468261719,-9.5367431640625e-05,-0.004702298436313868,-0.00470229861093685,rest
8714.214806,49.306888580322266,0.005435943603515625,0.26802945137023926,0.26802946558746044,rest
8836.214806,49.30717468261719,-0.00057220458984375,-0.02821379154920578,-0.028213791665621102,rest
8958.214806,49.30694580078125,0.0004291534423828125,0.021160244941711426,0.021160245523788035,rest
9080.214806,49.30713653564453,0.0015735626220703125,0.07758786529302597,0.07758786705380771,rest
9202.214806,49.307403564453125,0.001811981201171875,0.0893440917134285,0.08934408833738416,rest
9324.214806,49.307003021240234,0.0010013580322265625,0.04937396198511124,0.04937396352033829,rest
9446.214806,49.306983947753906,0.0035762786865234375,0.17633551359176636,0.17633551578910556,rest
9568.214806,49.307098388671875,0.0009059906005859375,0.044671766459941864,0.04467176768230274,rest
9691.214806,49.30704116821289,-0.0001430511474609375,-0.007053428795188665,-0.007053428817016538,rest
9813.214806,49.30742263793945,-0.0003814697265625,-0.01880928874015808,-0.018809289031196386,rest
9935.214806,49.3073844909668,-0.0012874603271484375,-0.06348130106925964,-0.0634813013675739,rest
10057.214806,49.3073844909668,0.0012874603271484375,0.06348130106925964,0.0634813013675739,rest
10179.214806,49.306907653808594,9.5367431640625e-05,0.004702273290604353,0.004702273145085201,rest
10301.214806,49.30694580078125,0.0014781951904296875,0.07288528978824615,0.07288529013749212,rest
10423.214806,49.307193756103516,0.003910064697265625,0.1927943229675293,0.1927943176269764,rest
10545.214806,49.3072509765625,0.0026226043701171875,0.1293134093284607,0.12931341188959777,rest
10667.214806,49.30707931518555,0.0011444091796875,0.056427475064992905,0.05642747419187799,rest
10790.214806,49.30707931518555,0.001239776611328125,0.06112976372241974,0.061129763707867824,rest
10912.214806,49.30746078491211,0.0036716461181640625,0.18103954195976257,0.18103954698744928,rest
11034.214806,49.30692672729492,0.0062465667724609375,0.30799901485443115,0.3079990101468866,rest
11156.214806,49.30713653564453,0.00362396240234375,0.1786872148513794,0.17868720897240564,rest
11257.549756,49.76583480834961,51.907875061035156,2583.23876953125,2583.238735539926,charge
11269.749756,49.859619140625,51.99718475341797,2592.559814453125,2592.559828190133,charge
11281.949756,49.92238998413086,51.978919982910156,2594.911865234375,2594.9119143407734,charge
11294.149755999999,49.97455596923828,51.979923248291016,2597.673583984375,2597.6735836484295,charge
11306.449756,50.02004623413086,51.94377899169922,2598.230224609375,2598.23022674027,charge
11318.649755999999,50.06193161010742,52.02155303955078,2604.29931640625,2604.299430517567,charge
11330.849756,50.09950637817383,52.014686584472656,2605.91015625,2605.9101222975005,charge
11343.049756,50.133514404296875,52.00438690185547,2607.16259765625,2607.162679830799,charge
11355.249756,50.16654968261719,52.019737243652344,2609.650634765625,2609.650732910377,charge
11367.449756,50.198116302490234,52.027320861816406,2611.673583984375,2611.6735035284364,charge
11379.649755999999,50.22703170776367,51.96842956542969,2610.219970703125,2610.21995958552,charge
11391.849756,50.255069732666016,51.99589538574219,2613.057373046875,2613.0573484228808,charge
11404.049756,50.28266906738281,51.99127197265625,2614.260009765625,2614.2599229933694,charge
11416.349756,50.309600830078125,51.969146728515625,2614.547119140625,2614.5470273913816,charge
11428.549756,50.33609390258789,51.96814727783203,2615.87353515625,2615.8735413204704,charge
11440.749756,50.3614616394043,52.00004577636719,2618.79833984375,2618.7983106137835,charge
11452.877556,49.860496520996094,-0.0042438507080078125,-0.21160049736499786,-0.21160050346225034,rest
11465.077556,49.81035232543945,0.006389617919921875,0.31826913356781006,0.31826911981625017,rest
11477.277556,49.774322509765625,0.0028133392333984375,0.14003205299377441,0.14003205433255062,rest
11489.477556,49.74626541137695,0.0026702880859375,0.13283686339855194,0.13283685984788463,rest
11501.677555999999,49.72373962402344,0.0024318695068359375,0.12092164903879166,0.12092164615751244,rest
11513.977556,49.70508575439453,0.002193450927734375,0.10902566462755203,0.10902566646109335,rest
11526.177555999999,49.689292907714844,0.001621246337890625,0.08055858314037323,0.0805585841590073,rest
11538.377556,49.67571258544922,0.000476837158203125,0.023687224835157394,0.023687225620960817,rest
11550.577556,49.6653938293457,-0.004863739013671875,-0.24155952036380768,-0.2415595135971671,rest
11562.777556,49.65625762939453,0.0053882598876953125,0.26756080985069275,0.2675608211575309,rest
11574.977556,49.64834213256836,-0.000858306884765625,-0.04261351376771927,-0.042613513869582675,rest
11587.177555999999,49.641265869140625,-0.0028133392333984375,-0.13965772092342377,-0.1396577208652161,rest
11599.377556,49.63541030883789,0.0025272369384765625,0.12544044852256775,0.12544044238893548,rest
11611.577556,49.630165100097656,0.003147125244140625,0.156192347407341,0.15619234545738436,rest
11623.877556,49.62562561035156,0.0080108642578125,0.39754414558410645,0.39754415047354996,rest
11636.077556,49.622039794921875,0.0048160552978515625,0.23898248374462128,0.23898248764453456,rest
11648.277556,49.61872100830078,0.0030994415283203125,0.15379032492637634,0.15379032447526697,rest
11660.477556,49.615421295166016,0.0042438507080078125,0.21056044101715088,0.2105604407915962,rest
11672.677555999999,49.61275100708008,0.0017642974853515625,0.08753164857625961,0.08753165184316458,rest
11684.877556,49.61067199707031,0.00457763671875,0.22709962725639343,0.22709963377565145,rest
11697.077556,49.60853576660156,0.006103515625,0.3027864694595337,0.302786473184824,rest
11709.277556,49.60643768310547,0.006866455078125,0.34062036871910095,0.3406203759368509,rest
11721.477556,49.60460662841797,0.0032901763916015625,0.16320790350437164,0.16320790564350318,rest
11733.777556,49.60294723510742,0.0004291534423828125,0.021287275478243828,0.02128727555827936,rest
11745.977556,49.601497650146484,0.0026226043701171875,0.13008511066436768,0.13008510450163158,rest
11758.177555999999,49.599876403808594,0.007534027099609375,0.373686820268631,0.37368681296356954,rest
11770.377556,49.59917068481445,-0.0021457672119140625,-0.10642827302217484,-0.10642827419360401,rest
11782.577556,49.59768295288086,0.007963180541992188,0.3949553072452545,0.3949553038182785,rest
11794.777556,49.5964241027832,0.0020503997802734375,0.10169249773025513,0.1016924970826949,rest
11806.977556,49.59587097167969,0.001621246337890625,0.08040712773799896,0.08040712418733165,rest
11819.177555999999,49.594974517822266,0.00705718994140625,0.35000115633010864,0.3500011553114746,rest
11831.477556,49.59394454956055,0.0026226043701171875,0.13006529211997986,0.13006529570702696,rest
11843.677555999999,49.59310531616211,-0.00400543212890625,-0.1986418217420578,-0.19864181740558706,rest
11855.877556,49.592647552490234,0.0024318695068359375,0.12060284614562988,0.12060284734616289,rest
11868.077556,49.591426849365234,0.0027179718017578125,0.13478809595108032,0.13478809978550998,rest
11880.277556,49.59104537963867,0.003147125244140625,0.15606923401355743,0.15606923079758417,rest
11892.477556,49.59024429321289,0.0049114227294921875,0.24355866014957428,0.24355865298275603,rest
11904.677555999999,49.58972930908203,0.000667572021484375,0.03310471400618553,0.03310471583972685,rest
11916.877556,49.588356018066406,0.0011920928955078125,0.05911392718553543,0.05911392690904904,rest
11929.077556,49.58839416503906,0.0022411346435546875,0.11113426834344864,0.11113426808151416,rest
11941.377556,49.587974548339844,0.00286102294921875,0.1418723315000534,0.14187233318807557,rest
11953.577556,49.587135314941406,0.0017642974853515625,0.08748646080493927,0.08748645814193878,rest
11965.777556,49.58677291870117,0.0032901763916015625,0.16314922273159027,0.1631492295928183,rest
11977.977556,49.58616256713867,0.00171661376953125,0.085120290517807,0.08512028944096528,rest
11990.177555999999,49.58587646484375,0.0039577484130859375,0.19624842703342438,0.1962484238902107,rest
12002.377556,49.5854377746582,0.0003814697265625,0.018915344029664993,0.018915343389380723,rest
12014.577556,49.5848274230957,0.0019073486328125,0.09457555413246155,0.09457555279368535,rest
12026.777556,49.58467483520508,0.00553131103515625,0.2742682695388794,0.27426825909060426,rest
12039.077556,49.584102630615234,0.0022411346435546875,0.11112464964389801,0.11112465017504292,rest
12051.277556,49.58353042602539,0.00286102294921875,0.14185962080955505,0.1418596184521448,rest
12063.477556,49.583072662353516,0.0022411346435546875,0.11112233996391296,0.11112234187748982,rest
12075.677555999999,49.583072662353516,0.002193450927734375,0.10875803977251053,0.10875803673116025,rest
12087.877556,49.582767486572266,0.003814697265625,0.18914324045181274,0.18914324755314738,rest
12100.077556,49.58261489868164,0.0010013580322265625,0.04964995011687279,0.04964994968759129,rest
12112.277556,49.582252502441406,0.001621246337890625,0.08038504421710968,0.08038504529395141,rest
12124.477556,49.581451416015625,0.0024318695068359375,0.12057562172412872,0.12057561980327591,rest
12136.677555999999,49.581146240234375,0.0066280364990234375,0.3286256492137909,0.3286256469436921,rest
12148.977556,49.58101272583008,0.0011920928955078125,0.059105172753334045,0.05910517302254448,rest
12161.177555999999,49.58080291748047,0.0022411346435546875,0.11111725866794586,0.1111172550736228,rest
12173.377556,49.580631256103516,0.004482269287109375,0.22223374247550964,0.2222337407147279,rest
12185.577556,49.580345153808594,-0.002765655517578125,-0.13712215423583984,-0.1371221551380586,rest
12197.777556,49.579925537109375,0.0032901763916015625,0.16312670707702637,0.16312670049956068,rest
12209.977556,49.579734802246094,0.00782012939453125,0.38771992921829224,0.3877199415001087,rest
12222.177555999999,49.579315185546875,0.0052928924560546875,0.2624179720878601,0.26241798332193866,rest
12234.377556,49.579429626464844,0.002765655517578125,0.1371196210384369,0.13711962310480885,rest
12246.677555999999,49.57878112792969,0.0026226043701171875,0.13002552092075348,0.13002552805119194,rest
12258.877556,49.57893371582031,0.0013828277587890625,0.06855912506580353,0.06855912579339929,rest
12271.077556,49.57847595214844,0.0008106231689453125,0.040189459919929504,0.040189461287809536,rest
12283.277556,49.57817077636719,0.006198883056640625,0.30732929706573486,0.30732928280485794,rest
12295.477556,49.578285217285156,0.002574920654296875,0.12766015529632568,0.12766015061060898,rest
12307.677555999999,49.57792282104492,0.001239776611328125,0.0614655502140522,0.06146554915176239,rest
12319.877556,49.57735061645508,0.0030517578125,0.15129806101322174,0.15129806706681848,rest
12332.077556,49.57744598388672,0.0013828277587890625,0.06855706870555878,0.06855706851638388,rest
12344.277556,49.57704544067383,0.0034809112548828125,0.1725732982158661,0.17257329545827815,rest
12356.577556,49.57704544067383,-0.0015735626220703125,-0.07801258563995361,-0.07801258561812574,rest
12368.777556,49.576969146728516,0.002002716064453125,0.09928859025239944,0.09928859253705014,rest
12380.977556,49.576778411865234,0.0036716461181640625,0.1820283830165863,0.18202838600700488,rest
12393.177555999999,49.576072692871094,0.0025272369384765625,0.12529048323631287,0.12529048217402305,rest
12405.377556,49.57603454589844,0.0030994415283203125,0.15365801751613617,0.15365802028100006,rest
12417.577556,49.575958251953125,0.006198883056640625,0.30731555819511414,0.3073155676247552,rest
12429.777556,49.57557678222656,0.0029087066650390625,0.14420081675052643,0.1442008106096182,rest
12441.977556,49.57542419433594,0.0051975250244140625,0.25766950845718384,0.2576695078460034,rest
12454.277556,49.57563400268555,0.0029087066650390625,0.14420098066329956,0.14420097704714863,rest
12466.477556,49.57542419433594,-0.0026226043701171875,-0.1300167292356491,-0.13001672414247878,rest
12478.677555999999,49.57509994506836,0.00457763671875,0.22693680226802826,0.22693679784424603,rest
12490.877556,49.57498550415039,0.0043392181396484375,0.2151166796684265,0.21511667637241771,rest
12503.077556,49.574737548828125,-0.003147125244140625,-0.15601791441440582,-0.15601790801156312,rest
12515.277556,49.57477569580078,0.00247955322265625,0.12292329221963882,0.12292329483898357,rest
12527.477556,49.57450866699219,0.0026226043701171875,0.1300143301486969,0.1300143230764661,rest
12539.677555999999,49.57429885864258,0.00362396240234375,0.17965538799762726,0.17965539518627338,rest
12551.877556,49.57420349121094,-0.000286102294921875,-0.014183293096721172,-0.014183293387759477,rest
12564.177555999999,49.57406997680664,-0.00247955322265625,-0.12292154133319855,-0.12292154497117735,rest
12576.377556,49.573936462402344,0.0032901763916015625,0.1631069928407669,0.16310699538735207,rest
12588.577556,49.57365036010742,0.0032901763916015625,0.1631060540676117,0.16310605406033574,rest
12600.777556,49.57374572753906,-0.0026702880859375,-0.13237617909908295,-0.1323761825915426,rest
12612.977556,49.57319259643555,0.00247955322265625,0.12291936576366425,0.12291936945985071,rest
12625.177555999999,49.573402404785156,0.001239776611328125,0.061459943652153015,0.061459944845410064,rest
12637.377556,49.57307815551758,0.002574920654296875,0.12764674425125122,0.12764674283971544,rest
12649.577556,49.57324981689453,0.00286102294921875,0.1418302059173584,0.14183020539348945,rest
12661.877556,49.57326889038086,0.0002384185791015625,0.011819188483059406,0.011819188330264296,rest
12674.077556,49.5728874206543,-0.003147125244140625,-0.15601208806037903,-0.15601208542648237,rest
12686.277556,49.572410583496094,0.001049041748046875,0.05200352892279625,0.05200352825340815,rest
12698.477556,49.57221984863281,0.0030517578125,0.1512824147939682,0.15128240920603275,rest
12710.677555999999,49.572391510009766,0.0020503997802734375,0.10164321959018707,0.10164322065975284,rest
12722.877556,49.572105407714844,0.001621246337890625,0.08036859333515167,0.08036859435378574,rest
12735.077556,49.5720100402832,0.0025272369384765625,0.1252802163362503,0.12528021488833474,rest
12747.277556,49.571781158447266,-0.00286102294921875,-0.14182600378990173,-0.14182600352796726,rest
12759.477556,49.571876525878906,0.0020503997802734375,0.10164216160774231,0.10164216473640408,rest
12771.777556,49.571533203125,0.0023365020751953125,0.11582399159669876,0.1158239901997149,rest
12783.977556,49.571475982666016,0.0030517578125,0.15128013491630554,0.15128013910725713,rest
12796.177555999999,49.57134246826172,0.0019073486328125,0.09454983472824097,0.09454983228351921,rest
12808.377556,49.5710563659668,0.0028133392333984375,0.13946019113063812,0.13946019771537976,rest
12820.577556,49.571075439453125,0.0049591064453125,0.24582824110984802,0.24582823971286416,rest
12832.777556,49.5709228515625,0.002193450927734375,0.10873138904571533,0.1087313867174089,rest
12844.977556,49.5710563659668,0.006198883056640625,0.3072851896286011,0.30728518140676897,rest
12857.177555999999,49.57084655761719,-0.0026226043701171875,-0.13000471889972687,-0.13000471881241538,rest
12869.477556,49.57042694091797,-0.0014781951904296875,-0.07327476888895035,-0.07327476669161115,rest
12881.677555999999,49.570655822753906,0.00133514404296875,0.06618396937847137,0.06618396582780406,rest
12893.877556,49.570274353027344,0.0020503997802734375,0.10163888335227966,0.10163887964154128,rest
12906.077556,49.570369720458984,0.002384185791015625,0.11818496882915497,0.11818497114290949,rest
12918.277556,49.57071304321289,0.0019073486328125,0.09454863518476486,0.09454863175051287,rest
12930.477556,49.570064544677734,0.0003337860107421875,0.016545794904232025,0.01654579409660073,rest
12942.677555999999,49.56998825073242,0.0042438507080078125,0.21036763489246368,0.21036762973380974,rest
12954.877556,49.57000732421875,0.00133514404296875,0.06618309766054153,0.06618309998884797,rest
12967.077556,49.56958770751953,0.0021457672119140625,0.10636479407548904,0.10636479601089377,rest
12979.377556,49.5701789855957,0.0015735626220703125,0.07800178229808807,0.07800178082106868,rest
12991.577556,49.569664001464844,0.0018596649169921875,0.09218296408653259,0.09218296509061474,rest
13003.777556,49.569950103759766,0.001239776611328125,0.06145566329360008,0.06145566476334352,rest
13015.977556,49.56960678100586,0.0023365020751953125,0.11581949144601822,0.11581948911043582,rest
13028.177555999999,49.5697021484375,0.0013828277587890625,0.068546362221241,0.0685463601257652,rest
13040.377556,49.56890106201172,0.0021457672119140625,0.10636332631111145,0.1063633226294769,rest
13052.577556,49.56892013549805,0.001811981201171875,0.08981794863939285,0.08981795144791249,rest
13064.777556,49.569129943847656,0.0015735626220703125,0.07800012826919556,0.07800013008818496,rest
13077.077556,49.56857681274414,0.002956390380859375,0.14654406905174255,0.14654406368208583,rest
13089.277556,49.56871032714844,0.000476837158203125,0.02363620325922966,0.023636202968191355,rest
13101.477556,49.568519592285156,0.004291534423828125,0.21272501349449158,0.2127250081684906,rest
13113.677555999999,49.568634033203125,-4.76837158203125e-05,-0.0023636166006326675,-0.0023636166588403285,rest
13125.877556,49.5684814453125,-0.004863739013671875,-0.2410881519317627,-0.24108815705403686,rest
13138.077556,49.56815719604492,-0.0006198883056640625,-0.0307267215102911,-0.030726720979146194,rest
13150.277556,49.56825256347656,0.003528594970703125,0.17490628361701965,0.17490628670202568,rest
13162.477556,49.568119049072266,0.003528594970703125,0.17490582168102264,0.17490581558377016,rest
13174.677555999999,49.56806182861328,0.0019073486328125,0.09454357624053955,0.09454357495997101,rest
13186.977556,49.56796646118164,0.0014781951904296875,0.07327113300561905,0.07327112962229876,rest
13199.177555999999,49.568119049072266,0.006198883056640625,0.3072669804096222,0.3072669733228395,rest
13211.377556,49.568023681640625,0.0004291534423828125,0.021272288635373116,0.021272287995088845,rest
13223.577556,49.567813873291016,0.001621246337890625,0.08036163449287415,0.08036163671931718,rest
13235.777556,49.56754684448242,0.0040531158447265625,0.2009030133485794,0.20090300949959783,rest
13247.977556,49.56769943237305,0.00209808349609375,0.10399717092514038,0.10399717211839743,rest
13260.177555999999,49.56766128540039,0.002574920654296875,0.12763279676437378,0.12763279482896905,rest
13272.377556,49.56743240356445,0.0015735626220703125,0.07799746096134186,0.07799745890224585,rest
13284.677555999999,49.56737518310547,-0.0005245208740234375,-0.025999123230576515,-0.025999122954090126,rest
13296.877556,49.56758499145508,-0.0045299530029296875,-0.22453883290290833,-0.22453883048001444,rest
13309.077556,49.56708908081055,0.000858306884765625,0.04254377260804176,0.04254377381585073,rest
13321.277556,49.56737518310547,0.0023365020751953125,0.11581427603960037,0.11581427497731056,rest
13333.477556,49.567604064941406,-0.0055789947509765625,-0.27653738856315613,-0.27653740289679263,rest
13345.677555999999,49.56708908081055,0.001239776611328125,0.06145211681723595,0.061452117734006606,rest
13357.877556,49.567203521728516,-0.001621246337890625,-0.08036064356565475,-0.08036064718908165,rest
13370.077556,49.566802978515625,-0.0012874603271484375,-0.06381529569625854,-0.06381529237842187,rest
13382.277556,49.567222595214844,0.000762939453125,0.037816789001226425,0.037816789699718356,rest
13394.577556,49.56636428833008,-0.0055789947509765625,-0.2765304744243622,-0.27653048618958564,rest
13406.777556,49.56707000732422,0.0041484832763671875,0.2056281566619873,0.20562816098390613,rest
13418.977556,49.566612243652344,-0.0003814697265625,-0.01890816166996956,-0.018908162019215524,rest
13431.177555999999,49.56621170043945,0.0018596649169921875,0.09217654168605804,0.09217654496751493,rest
13443.377556,49.56645965576172,0.000858306884765625,0.042543232440948486,0.042543233575997874,rest
13455.577556,49.566402435302734,0.0015735626220703125,0.07799583673477173,0.0779958381826873,rest
13467.777556,49.566593170166016,0.00438690185546875,0.2174437791109085,0.21744377954746597,rest
13479.977556,49.56626892089844,0.0008106231689453125,0.04017956554889679,0.040179565985454246,rest
13492.277556,49.56645965576172,0.005054473876953125,0.2505323886871338,0.2505323755030986,rest
13504.477556,49.566192626953125,0.0022411346435546875,0.11108451336622238,0.11108451144536957,rest
13516.677555999999,49.56624984741211,0.002384185791015625,0.11817514896392822,0.11817514860013034,rest
13528.877556,49.56573486328125,0.0001430511474609375,0.007090435363352299,0.007090435246936977,rest
13541.077556,49.56615447998047,0.0021457672119140625,0.10635742545127869,0.10635742910380941,rest
13553.277556,49.5660400390625,0.000476837158203125,0.023634929209947586,0.023634929675608873,rest
13565.477556,49.5659065246582,-0.0013828277587890625,-0.06854110956192017,-0.06854111143184127,rest
13577.677555999999,49.56592559814453,-0.0026226043701171875,-0.129991814494133,-0.12999181308259722,rest
13589.877556,49.565696716308594,0.001621246337890625,0.08035820722579956,0.08035820428631268,rest
13602.177555999999,49.56554412841797,-0.00019073486328125,-0.009453876875340939,-0.009453877282794565,rest
13614.377556,49.56562042236328,-0.0002384185791015625,-0.01181736495345831,-0.011817364793387242,rest
13626.577556,49.56535339355469,-0.001430511474609375,-0.07090380787849426,-0.0709038067725487,rest
13638.777556,49.565391540527344,0.00152587890625,0.075630784034729,0.07563078543171287,rest
13650.977556,49.56514358520508,0.00095367431640625,0.047269005328416824,0.04726900442619808,rest
13663.177555999999,49.56510543823242,0.006008148193359375,0.29779449105262756,0.29779449869238306,rest
13675.377556,49.56493377685547,-0.00057220458984375,-0.028361283242702484,-0.028361282602418214,rest
13687.577556,49.56520080566406,-0.0056743621826171875,-0.28125089406967163,-0.2812509010254871,rest
13699.877556,49.565162658691406,0.0,0.0,0.0,rest
13712.077556,49.564857482910156,-0.0009059906005859375,-0.044905293732881546,-0.04490529499889817,rest
13724.277556,49.565162658691406,0.00095367431640625,0.04726902395486832,0.047269022616092116,rest
13736.477556,49.5646858215332,0.0006198883056640625,0.03072456829249859,0.0307245691146818,rest
13748.677555999999,49.564476013183594,0.0011920928955078125,0.059085458517074585,0.05908545972488355,rest
13760.877556,49.5646858215332,0.0005245208740234375,0.025997713208198547,0.025997712327807676,rest
13773.077556,49.564476013183594,0.0005245208740234375,0.025997601449489594,0.02599760227894876,rest
13785.277556,49.564361572265625,0.0010013580322265625,0.049631670117378235,0.04963167157256976,rest
13797.477556,49.564781188964844,0.0003337860107421875,0.016544030979275703,0.016544030586373992,rest
13809.777556,49.56422805786133,0.0003814697265625,0.018907252699136734,0.01890725252451375,rest
13821.977556,49.56451416015625,0.0009059906005859375,0.044904984533786774,0.044904983951710165,rest
13834.177555999999,49.56451416015625,0.00209808349609375,0.10399048775434494,0.1039904891513288,rest
13846.377556,49.56489562988281,0.0,0.0,0.0,rest
13858.577556,49.564151763916016,-0.00171661376953125,-0.0850825086236,-0.08508250539307483,rest
13870.777556,49.564266204833984,0.0017642974853515625,0.08744610846042633,0.08744611022848403,rest
13882.977556,49.56438064575195,0.0015735626220703125,0.07799265533685684,0.07799265677022049,rest
13895.177555999999,49.56441879272461,0.0005245208740234375,0.025997571647167206,0.025997572265623603,rest
13907.377556,49.56418991088867,0.0004291534423828125,0.021270642057061195,0.021270642719173338,rest
13919.677555999999,49.56403732299805,-0.00095367431640625,-0.04726795107126236,-0.047267949412344024,rest
13931.877556,49.564170837402344,-0.001811981201171875,-0.0898093432188034,-0.08980934580904432,rest
13944.077556,49.56388473510742,-0.000762939453125,-0.037814244627952576,-0.03781424311455339,rest
13956.277556,49.56399917602539,0.00057220458984375,0.028360748663544655,0.02836074781953357,rest
13968.477556,49.56357955932617,0.001811981201171875,0.08980827778577805,0.08980827442428563,rest
13980.677555999999,49.56369400024414,0.002288818359375,0.11344229429960251,0.11344229278620332,rest
13992.877556,49.56367492675781,-0.000286102294921875,-0.014180281199514866,-0.014180281141307205,rest
14005.077556,49.56369400024414,-0.000476837158203125,-0.023633811622858047,-0.023633810997125693,rest
14017.377556,49.56350326538086,-0.0035762786865234375,-0.1772529035806656,-0.17725290035741637,rest
14029.577556,49.5637321472168,0.001430511474609375,0.07090149074792862,0.07090148756105918,rest
14041.777556,49.563236236572266,-0.0010967254638671875,-0.05435726419091225,-0.054357263252313714,rest
14053.977556,49.56317901611328,0.0049114227294921875,0.24342572689056396,0.243425723965629,rest
14066.177555999999,49.563140869140625,0.0003814697265625,0.018906837329268456,0.018906837794929743,rest
14078.377556,49.56331253051758,-0.000476837158203125,-0.023633629083633423,-0.023633629098185338,rest
14090.577556,49.56352233886719,0.000762939453125,0.03781396523118019,0.03781396662816405,rest
14102.777556,49.56321716308594,-0.000476837158203125,-0.02363358438014984,-0.02363358362345025,rest
14114.977556,49.56329345703125,0.001239776611328125,0.06144741177558899,0.06144741200841963,rest
14127.277556,49.563255310058594,0.00553131103515625,0.2741497755050659,0.2741497810347937,rest
14139.477556,49.56279754638672,-0.00057220458984375,-0.02836005948483944,-0.02836006024153903,rest
14151.677555999999,49.56291198730469,0.0026226043701171875,0.12998391687870026,0.1299839095736388,rest
14163.877556,49.56321716308594,0.0011920928955078125,0.059083957225084305,0.059083959058625624,rest
14176.077556,49.56329345703125,0.003910064697265625,0.19379568099975586,0.19379568402655423,rest
14188.277556,49.56281661987305,0.0012874603271484375,0.06381016224622726,0.06381016009981977,rest
14200.477556,49.56300735473633,0.0026226043701171875,0.12998415529727936,0.1299841596846818,rest
14212.677555999999,49.56291198730469,0.0017642974853515625,0.08744372427463531,0.08744372098590247,rest
14224.977556,49.562530517578125,0.001621246337890625,0.08035307377576828,0.08035307109821588,rest
14237.177555999999,49.562740325927734,-0.002002716064453125,-0.09926009923219681,-0.09926009624905419,rest
14249.377556,49.56245422363281,0.0030040740966796875,0.14888928830623627,0.1488892849010881,rest
14261.577556,49.5628547668457,0.00457763671875,0.226880744099617,0.22688074386678636,rest
14273.777556,49.562110900878906,0.000476837158203125,0.02363305538892746,0.02363305611652322,rest
14285.977556,49.562339782714844,-0.00209808349609375,-0.10398592799901962,-0.10398592712590471,rest
14298.177555999999,49.56249237060547,0.0064849853515625,0.32141202688217163,0.32141203701030463,rest
14310.377556,49.56193923950195,0.002193450927734375,0.10871168226003647,0.10871168160520028,rest
14322.577556,49.562225341796875,0.001049041748046875,0.05199284479022026,0.05199284350965172,rest
14334.877556,49.562339782714844,-0.00152587890625,-0.07562612742185593,-0.07562612881883979,rest
14347.077556,49.56214904785156,0.002288818359375,0.11343875527381897,0.11343875667080283,rest
14359.277556,49.56230163574219,0.0018596649169921875,0.09216926991939545,0.09216927355737425,rest
14371.477556,49.562435150146484,0.0008106231689453125,0.04017645865678787,0.04017645824205829,rest
14383.677555999999,49.5625114440918,-0.005054473876953125,-0.25051242113113403,-0.2505124193703523,rest
14395.877556,49.56178665161133,0.003147125244140625,0.15597714483737946,0.15597714991599787,rest
14408.077556,49.562129974365234,0.0001430511474609375,0.007089919410645962,0.007089919563441072,rest
14420.277556,49.561824798583984,0.0005245208740234375,0.025996211916208267,0.02599621166154975,rest
14432.577556,49.56197738647461,0.0020503997802734375,0.10162186622619629,0.10162186754314462,rest
14444.777556,49.56174850463867,0.005245208740234375,0.25996172428131104,0.2599617164378287,rest
14456.977556,49.5616340637207,0.0072479248046875,0.3592189848423004,0.3592189968912862,rest
14469.177555999999,49.561805725097656,0.0010013580322265625,0.04962911084294319,0.04962911225447897,rest
14481.377556,49.56188201904297,0.002956390380859375,0.14652426540851593,0.14652427125838585,rest
14493.577556,49.56193923950195,0.00171661376953125,0.08507870882749557,0.08507870734320022,rest
14505.777556,49.56174850463867,0.00133514404296875,0.06617207080125809,0.06617207327508368,rest
14517.977556,49.56159591674805,0.0019550323486328125,0.0968945249915123,0.09689452326711034,rest
14530.177555999999,49.561500549316406,0.0035762786865234375,0.17724573612213135,0.1772457380866399,rest
14542.477556,49.561767578125,0.003528594970703125,0.1748834103345871,0.17488340381532907,rest
14554.677555999999,49.56159591674805,0.0038623809814453125,0.19142577052116394,0.1914257654789253,rest
14566.877556,49.56153869628906,0.005435943603515625,0.2694137394428253,0.26941372925648466,rest
14579.077556,49.56134796142578,0.0043392181396484375,0.21505750715732574,0.21505750009964686,rest
14591.277556,49.561004638671875,0.00209808349609375,0.10398312658071518,0.10398312588222325,rest
14603.477556,49.561405181884766,0.003814697265625,0.18906176090240479,0.18906175682786852,rest
14615.677555999999,49.56138610839844,0.0032901763916015625,0.16306570172309875,0.16306570250890218,rest
14627.877556,49.56157684326172,0.000762939453125,0.0378124825656414,0.03781248233281076,rest
14640.177555999999,49.56106185913086,0.0040531158447265625,0.20087672770023346,0.2008767251027166,rest
14652.377556,49.56132888793945,0.00209808349609375,0.1039838045835495,0.10398380618426017,rest
14664.577556,49.561519622802734,0.0038623809814453125,0.19142547249794006,0.19142547080264194,rest
14676.777556,49.561119079589844,0.0028133392333984375,0.13943223655223846,0.13943224075774197,rest
14688.977556,49.561309814453125,0.003719329833984375,0.184334859251976,0.18433485820423812,rest
14701.177555999999,49.56106185913086,0.0071048736572265625,0.3521250784397125,0.35212508282711497,rest
14713.377556,49.56165313720703,0.0022411346435546875,0.11107433587312698,0.11107433783763554,rest
14725.577556,49.5611572265625,0.0016689300537109375,0.08271410316228867,0.08271410479210317,rest
14737.777556,49.56104278564453,0.00400543212890625,0.19851338863372803,0.19851339311571792,rest
14750.077556,49.56096649169922,0.001621246337890625,0.08035053312778473,0.08035053542698734,rest
14762.277556,49.560813903808594,-0.0030517578125,-0.15124760568141937,-0.1512476010248065,rest
14774.477556,49.56106185913086,0.002956390380859375,0.14652185142040253,0.14652184654551093,rest
14786.677555999999,49.56094741821289,0.0026226043701171875,0.12997876107692719,0.12997875728615327,rest
14798.877556,49.56104278564453,0.00667572021484375,0.33085566759109497,0.3308556551928632,rest
14811.077556,49.56033706665039,0.0029087066650390625,0.14415648579597473,0.1441564827473485,rest
14823.277556,49.56075668334961,0.00514984130859375,0.25523003935813904,0.2552300320530776,rest
14835.477556,49.56087112426758,0.00152587890625,0.07562388479709625,0.07562388782389462,rest
14847.777556,49.56066131591797,0.00438690185546875,0.21741776168346405,0.21741775708505884,rest
14859.977556,49.5606803894043,0.003814697265625,0.18905898928642273,0.18905899196397513,rest
14872.177555999999,49.56075668334961,0.00457763671875,0.22687113285064697,0.22687113960273564,rest
14884.377556,49.560585021972656,0.002574920654296875,0.1276145726442337,0.12761457401211374,rest
14896.577556,49.56035614013672,0.004100799560546875,0.20323708653450012,0.20323708668001927,rest
14908.777556,49.56062316894531,0.0036716461181640625,0.1819690763950348,0.18196906967204995,rest
14920.977556,49.56031799316406,0.003337860107421875,0.1654254049062729,0.16542540834052488,rest
14933.177555999999,49.56045150756836,0.0034332275390625,0.17015230655670166,0.1701523069641553,rest
14945.377556,49.5604133605957,0.00286102294921875,0.14179347455501556,0.14179347999743186,rest
14957.677555999999,49.56045150756836,0.0048160552978515625,0.23868587613105774,0.23868587504694005,rest
14969.877556,49.560298919677734,0.0050067901611328125,0.24813801050186157,0.24813801701384364,rest
14982.077556,49.56031799316406,0.0045299530029296875,0.22450591623783112,0.22450591131928377,rest
14994.277556,49.56022262573242,0.0021457672119140625,0.10634469985961914,0.1063447007254581,rest
15006.477556,49.56033706665039,-0.000667572021484375,-0.03308509290218353,-0.0330850944010308,rest
15018.677555999999,49.560508728027344,0.003814697265625,0.1890583336353302,0.18905833712778986,rest
15030.877556,49.55995559692383,0.0034809112548828125,0.17251381278038025,0.1725138072288246,rest
15043.077556,49.55982208251953,0.0032901763916015625,0.16306056082248688,0.16306055658787955,rest
15162.384205999999,49.56016540527344,0.003719329833984375,0.18433059751987457,0.18433060176903382,rest
15284.384205999999,49.55915451049805,0.0036716461181640625,0.18196368217468262,0.18196367727796314,rest
15406.384205999999,49.558658599853516,0.0050067901611328125,0.24812979996204376,0.24812980427668663,rest
15528.384205999999,49.5585823059082,0.0030517578125,0.15124079585075378,0.15124079072847962,rest
15650.384205999999,49.558372497558594,-0.0004291534423828125,-0.021268146112561226,-0.02126814615621697,rest
15772.384205999999,49.557952880859375,0.002002716064453125,0.09925051033496857,0.0992505083559081,rest
15894.384205999999,49.5573616027832,0.0031948089599609375,0.15832629799842834,0.1583263028805959,rest
16016.384205999999,49.557342529296875,-0.00057220458984375,-0.028356939554214478,-0.028356938855722547,rest
16138.384205999999,49.55726623535156,0.00209808349609375,0.10397528111934662,0.10397528239991516,rest
16261.384205999999,49.556636810302734,0.001049041748046875,0.05198698118329048,0.05198698090680409,rest
16383.384205999999,49.55644607543945,0.0029087066650390625,0.1441451609134674,0.14414516499527963,rest
16505.384206,49.55615997314453,-4.76837158203125e-05,-0.0023630219511687756,-0.002363021849305369,rest
16627.384206,49.55606460571289,0.0004291534423828125,0.021267155185341835,0.02126715571648674,rest
16749.384206,49.556026458740234,-0.0016689300537109375,-0.0827055424451828,-0.08270554189948598,rest
16871.384206,49.55568313598633,-0.002956390380859375,-0.1465059518814087,-0.14650594494014513,rest
16993.384206,49.55595016479492,-4.76837158203125e-05,-0.0023630119394510984,-0.0023630118448636495,rest
17115.384206,49.55545425415039,-0.0003814697265625,-0.018903905525803566,-0.018903905584011227,rest
17238.384206,49.55495834350586,-0.0007152557373046875,-0.0354444682598114,-0.03544446826708736,rest
17360.384206,49.554786682128906,0.002384185791015625,0.1181478202342987,0.11814781828434207,rest
17482.384206,49.554100036621094,0.0065326690673828125,0.3237205445766449,0.3237205364712281,rest
17604.384206,49.554100036621094,-0.0022411346435546875,-0.11105740815401077,-0.11105741032224614,rest
17726.384206,49.55421447753906,0.0015735626220703125,0.07797665894031525,0.07797665966791101,rest
17848.384206,49.554386138916016,0.0011920928955078125,0.05907343327999115,0.0590734316574526,rest
17970.384206,49.55364227294922,0.0026226043701171875,0.1299595981836319,0.12995959878026042,rest
18092.384206,49.553890228271484,0.00762939453125,0.37806618213653564,0.3780661791097373,rest
18214.384206,49.55322265625,0.003147125244140625,0.15595020353794098,0.15595019795000553,rest
18337.384206,49.55333709716797,0.00171661376953125,0.08506394177675247,0.08506394078722224,rest
18459.384206,49.55312728881836,0.0035762786865234375,0.1772157996892929,0.17721579297358403,rest
18581.384206,49.5527458190918,0.00095367431640625,0.047257181257009506,0.04725718099507503,rest
18650.583555999998,50.033226013183594,52.002716064453125,2601.863525390625,2601.8636461521965,charge
18662.783556,50.10965347290039,52.01649475097656,2606.528564453125,2606.5285268463776,charge
18674.983556,50.16716003417969,51.98597717285156,2607.98876953125,2607.9888363636564,charge
18687.183556,50.21709442138672,52.00634002685547,2611.607177734375,2611.6072876393446,charge
18699.383556,50.26042938232422,51.91101837158203,2609.070068359375,2609.070073029434,charge
18711.683556,50.30132293701172,52.037574768066406,2617.558837890625,2617.558853267401,charge
18723.883556,50.338191986083984,51.89628601074219,2612.365234375,2612.3652085734648,charge
18736.040756,49.92441177368164,0.004673004150390625,0.23329699039459229,0.2332969834242249,rest
18748.240756,49.86268997192383,0.0072479248046875,0.3614010214805603,0.3614010274759494,rest
18760.440756,49.83020782470703,0.003910064697265625,0.19483934342861176,0.19483933647279628,rest
18772.640756,49.80628967285156,0.00514984130859375,0.2564944922924042,0.25649448798503727,rest
18784.840755999998,49.78750228881836,0.003814697265625,0.18992425501346588,0.18992424884345382,rest
18797.040756,49.77216720581055,0.00457763671875,0.2278389036655426,0.22783890017308295,rest
18809.240756,49.75982666015625,0.00514984130859375,0.25625520944595337,0.25625521084293723,rest
18821.540756,49.74956512451172,0.0033855438232421875,0.16842932999134064,0.1684293329162756,rest
18833.740756,49.74149703979492,0.0038623809814453125,0.19212061166763306,0.19212061215512222,rest
18845.940756,49.734554290771484,-0.001239776611328125,-0.061659738421440125,-0.06165973718452733,rest
18858.140756,49.728755950927734,0.00476837158203125,0.2371251881122589,0.23712518668617122,rest
18870.340755999998,49.723758697509766,0.0049591064453125,0.246585413813591,0.24658541224198416,rest
18882.540756,49.719886779785156,-0.0010967254638671875,-0.05452906712889671,-0.05452906589198392,rest
18894.740756,49.71616744995117,0.0051975250244140625,0.2584010362625122,0.2584010244390811,rest
18906.940756,49.712772369384766,0.0057697296142578125,0.28682926297187805,0.2868292549464968,rest
18919.240756,49.71000671386719,0.009632110595703125,0.4788122773170471,0.4788122823811136,rest
18931.440756,49.70802307128906,0.0044345855712890625,0.22043448686599731,0.2204344818892423,rest
18943.640756,49.705467224121094,0.0056743621826171875,0.2820468246936798,0.28204682348587085,rest
18955.840755999998,49.703941345214844,0.004100799560546875,0.203825905919075,0.20382590082590468,rest
18968.040756,49.701900482177734,0.0038623809814453125,0.1919676810503006,0.1919676751640509,rest
18980.240756,49.70054626464844,0.002574920654296875,0.1279749572277069,0.12797496310668066,rest
18992.440756,49.699649810791016,0.003147125244140625,0.15641102194786072,0.15641102254448924,rest
19004.640756,49.698238372802734,0.0040531158447265625,0.2014327198266983,0.20143271740380442,rest
19016.840755999998,49.69745635986328,0.002002716064453125,0.09952989220619202,0.09952989421435632,rest
19029.140756,49.696388244628906,-0.000286102294921875,-0.014218250289559364,-0.014218250726116821,rest
19041.340755999998,49.695167541503906,0.00286102294921875,0.14217901229858398,0.1421790148015134,rest
19053.540756,49.69465255737305,0.0056743621826171875,0.28198546171188354,0.2819854571498581,rest
19065.740756,49.69350814819336,0.00133514404296875,0.06634799391031265,0.0663479913782794,rest
19077.940756,49.69362258911133,0.0046253204345703125,0.2298489212989807,0.2298489280292415,rest
19090.140756,49.69230651855469,0.003910064697265625,0.19430013000965118,0.19430013344390318,rest
19102.340755999998,49.69198226928711,0.00400543212890625,0.19903786480426788,0.1990378623304423,rest
19114.540756,49.69167709350586,0.0033855438232421875,0.16823334991931915,0.16823335045046406,rest
19126.840755999998,49.69074249267578,0.0024318695068359375,0.12084139883518219,0.12084140143997502,rest
19139.040756,49.69038009643555,0.0013828277587890625,0.0687132403254509,0.0687132369421306,rest
19151.240756,49.689788818359375,0.0007152557373046875,0.035540904849767685,0.03554090653778985,rest
19163.440756,49.68950271606445,-0.00095367431640625,-0.04738760367035866,-0.04738760253530927,rest
19175.640756,49.688720703125,0.0034332275390625,0.17059268057346344,0.17059268429875374,rest
19187.840755999998,49.68801498413086,0.0029087066650390625,0.144527867436409,0.14452786035690224,rest
19200.040756,49.68793869018555,0.0042438507080078125,0.21086819469928741,0.2108681937897927,rest
19212.240756,49.6875,0.0006198883056640625,0.030800700187683105,0.030800700187683105,rest
19224.440756,49.68719482421875,0.0037670135498046875,0.18717233836650848,0.18717233615461737,rest
19236.740756,49.68681335449219,0.001049041748046875,0.0521235428750515,0.0521235415362753,rest
19248.940756,49.68647003173828,0.0037670135498046875,0.18716961145401,0.18716960585152265,rest
19261.140756,49.68620300292969,0.00457763671875,0.22744539380073547,0.22744538728147745,rest
19273.340755999998,49.686031341552734,0.004100799560546875,0.20375245809555054,0.2037524554907577,rest
19285.540756,49.68587875366211,0.0027179718017578125,0.13504481315612793,0.13504481739801122,rest
19297.740756,49.68547821044922,0.004482269287109375,0.2227036952972412,0.2227036929980386,rest
19309.940756,49.68475341796875,0.003719329833984375,0.18479397892951965,0.18479398568160832,rest
19322.140756,49.68494415283203,0.0030994415283203125,0.1539955735206604,0.15399557923956309,rest
19334.340755999998,49.68524932861328,0.0001430511474609375,0.007107532117515802,0.007107531928340904,rest
19346.640756,49.684600830078125,0.00152587890625,0.0758126825094223,0.07581268437206745,rest
19358.840755999998,49.68391418457031,-4.76837158203125e-05,-0.0023691137321293354,-0.002369113644817844,rest
19371.040756,49.683475494384766,0.003337860107421875,0.16583649814128876,0.16583649085077923,rest
19383.240756,49.68353271484375,0.0026226043701171875,0.13030025362968445,0.13030025002080947,rest
19395.440756,49.683265686035156,0.002574920654296875,0.12793046236038208,0.12793046698789112,rest
19407.640756,49.68315124511719,-0.0021457672119140625,-0.10660848021507263,-0.10660847692633979,rest
19419.840755999998,49.68294143676758,0.0034332275390625,0.17057284712791443,0.17057284276233986,rest
19432.040756,49.68313217163086,0.004291534423828125,0.2132168710231781,0.21321687199815642,rest
19444.340755999998,49.68250274658203,0.0037670135498046875,0.18715466558933258,0.18715466103458311,rest
19456.540756,49.68217849731445,0.0029087066650390625,0.144510880112648,0.14451088372879894,rest
19468.740756,49.68202590942383,0.002002716064453125,0.09949899464845657,0.09949899140337948,rest
19480.940756,49.681758880615234,0.00514984130859375,0.25585317611694336,0.2558531741669867,rest
19493.140756,49.68158721923828,0.0016689300537109375,0.08291509747505188,0.08291509402624797,rest
19505.340755999998,49.681243896484375,0.0026226043701171875,0.13029424846172333,0.13029424735577777,rest
19517.540756,49.68130111694336,-0.001811981201171875,-0.09002158045768738,-0.09002158367366064,rest
19529.740756,49.681053161621094,0.0042438507080078125,0.21083897352218628,0.21083897263451945,rest
19541.940756,49.68090057373047,0.00209808349609375,0.10423468053340912,0.10423467756481841,rest
19554.240756,49.68069076538086,0.003719329833984375,0.1847788691520691,0.18477887533663306,rest
19566.440756,49.680633544921875,0.0039577484130859375,0.19662344455718994,0.19662344857351854,rest
19578.640756,49.680442810058594,0.0044345855712890625,0.2203121781349182,0.2203121748607373,rest
19590.840755999998,49.67994689941406,0.0049591064453125,0.2463681399822235,0.24636814487166703,rest
19603.040756,49.67977523803711,0.0048160552978515625,0.23926053941249847,0.2392605447312235,rest
19615.240756,49.67967987060547,0.00286102294921875,0.14213471114635468,0.14213470421964303,rest
19627.440756,49.67979431152344,-0.002002716064453125,-0.09949452430009842,-0.09949452214641497,rest
19639.640756,49.679508209228516,0.002288818359375,0.11370737105607986,0.11370737047400326,rest
19651.940756,49.67914581298828,-0.0006198883056640625,-0.030795522034168243,-0.03079552152485121,rest
19664.140756,49.6795654296875,-0.002574920654296875,-0.1279209405183792,-0.12792093912139535,rest
19676.340755999998,49.67872619628906,0.0008106231689453125,0.04027072712779045,0.04027072645840235,rest
19688.540756,49.678993225097656,0.004863739013671875,0.24162565171718597,0.24162565750884824,rest
19700.740756,49.67897415161133,0.0045299530029296875,0.2250434160232544,0.22504341814055806,rest
19712.940756,49.67876434326172,0.0011444091796875,0.056852832436561584,0.05685283394996077,rest
19725.140756,49.67887878417969,0.0046253204345703125,0.22978073358535767,0.22978073320700787,rest
19737.340755999998,49.67823028564453,0.0030040740966796875,0.14923708140850067,0.1492370847699931,rest
19749.540756,49.678001403808594,0.00362396240234375,0.1800312101840973,0.18003120931098238,rest
19761.840755999998,49.6782112121582,0.0029087066650390625,0.14449934661388397,0.14449934406002285,rest
19774.040756,49.677734375,0.0029087066650390625,0.14449796080589294,0.14449795708060265,rest
19786.240756,49.67756271362305,0.0008106231689453125,0.04026978462934494,0.04026978331239661,rest
19798.440756,49.677791595458984,0.003814697265625,0.18950574100017548,0.189505735761486,rest
19810.640756,49.67714309692383,0.002288818359375,0.1137019544839859,0.1137019571615383,rest
19822.840755999998,49.6776008605957,0.0007152557373046875,0.035532187670469284,0.03553218903107336,rest
19835.040756,49.67735290527344,0.0050067901611328125,0.2487240880727768,0.24872408175724559,rest
19847.240756,49.67756271362305,-0.0032901763916015625,-0.16344794631004333,-0.1634479440326686,rest
19859.540756,49.67704772949219,0.0029087066650390625,0.14449596405029297,0.14449595983023755,rest
19871.740756,49.67723846435547,0.0025272369384765625,0.1255461573600769,0.12554615204862785,rest
19883.940756,49.67668533325195,0.0034809112548828125,0.1729201376438141,0.17292013308178866,rest
19896.140756,49.676570892333984,0.0042438507080078125,0.21081994473934174,0.21081995055283187,rest
19908.340755999998,49.67662811279297,0.0030040740966796875,0.14923226833343506,0.1492322717240313,rest
19920.540756,49.67700958251953,0.0029087066650390625,0.14449584484100342,0.14449584887188394,rest
19932.740756,49.6763801574707,0.00324249267578125,0.16107529401779175,0.16107529881992377,rest
19944.940756,49.6760368347168,0.0025272369384765625,0.12554311752319336,0.12554311524581863,rest
19957.140756,49.676170349121094,0.0033855438232421875,0.16818085312843323,0.16818085168779362,rest
19969.440756,49.676170349121094,0.008440017700195312,0.4192677438259125,0.4192677570244996,rest
19981.640756,49.675865173339844,0.004291534423828125,0.21318568289279938,0.21318568542483263,rest
19993.840755999998,49.6757698059082,0.0034809112548828125,0.1729169487953186,0.17291694621235365,rest
20006.040756,49.67599868774414,0.0059604644775390625,0.29609203338623047,0.29609202556457603,rest
20018.240756,49.6757698059082,-0.0010967254638671875,-0.05448068305850029,-0.0544806816833443,rest
20030.440756,49.67567443847656,0.002956390380859375,0.14686068892478943,0.14686068607261404,rest
20042.640756,49.67567443847656,0.004482269287109375,0.22265975177288055,0.22265974985202774,rest
20054.840755999998,49.67550277709961,0.002574920654296875,0.12791047990322113,0.12791047811333556,rest
20067.140756,49.675350189208984,0.0026226043701171875,0.1302787959575653,0.13027879049332114,rest
20079.340755999998,49.6754264831543,0.0028133392333984375,0.13975383341312408,0.13975382626085775,rest
20091.540756,49.675235748291016,0.0042438507080078125,0.21081428229808807,0.21081428440083982,rest
20103.740756,49.674930572509766,0.0049591064453125,0.24634326994419098,0.24634326837258413,rest
20115.940756,49.67498779296875,0.0049114227294921875,0.24397486448287964,0.24397486413363367,rest
20128.140756,49.67466354370117,0.0031948089599609375,0.1587010622024536,0.15870106017246144,rest
20140.340755999998,49.674930572509766,0.000286102294921875,0.014212111942470074,0.014212111636879854,rest
20152.540756,49.67479705810547,0.002002716064453125,0.09948451071977615,0.09948451406671666,rest
20164.740756,49.67456817626953,0.00743865966796875,0.3695122003555298,0.36951220681658015,rest
20177.040756,49.674339294433594,0.007343292236328125,0.3647731840610504,0.3647731900855433,rest
20189.240756,49.67447280883789,0.0026702880859375,0.1326451599597931,0.13264515291666612,rest
20201.440756,49.674720764160156,0.003814697265625,0.1894940286874771,0.18949402146972716,rest
20213.640756,49.67414855957031,0.0031948089599609375,0.1586994081735611,0.15869941489654593,rest
20225.840755999998,49.67405319213867,0.001811981201171875,0.0900084525346756,0.09000845057016704,rest
20238.040756,49.674434661865234,0.0034809112548828125,0.17291229963302612,0.1729122986944276,rest
20250.240756,49.674034118652344,0.0040531158447265625,0.201334610581398,0.20133461475779768,rest
20262.440756,49.674339294433594,0.00095367431640625,0.04737314209342003,0.04737314156955108,rest
20274.740756,49.673824310302734,0.00133514404296875,0.0663217082619667,0.06632171061937697,rest
20286.940756,49.6735954284668,-0.002574920654296875,-0.12790556252002716,-0.12790556684194598,rest
20299.140756,49.67376708984375,0.001621246337890625,0.08053341507911682,0.08053341298364103,rest
20311.340755999998,49.67363357543945,0.0024318695068359375,0.12079979479312897,0.12079979478585301,rest
20323.540756,49.67355728149414,0.0041961669921875,0.20843854546546936,0.20843854144914076,rest
20335.740756,49.67338562011719,0.003814697265625,0.18948893249034882,0.18948892829939723,rest
20347.940756,49.673423767089844,0.0041961669921875,0.208437979221344,0.20843798120040447,rest
20360.140756,49.67355728149414,0.0068187713623046875,0.3387126326560974,0.33871262985485373,rest
20372.340755999998,49.67306137084961,0.00152587890625,0.07579507678747177,0.07579507655464113,rest
20384.640756,49.67308044433594,0.0031948089599609375,0.1586959958076477,0.15869600247242488,rest
20396.840755999998,49.67302322387695,0.0056743621826171875,0.281862735748291,0.28186272447783267,rest
20409.040756,49.6729850769043,0.0010013580322265625,0.049740441143512726,0.04974044259142829,rest
20421.240756,49.67323303222656,0.003337860107421875,0.16580229997634888,0.16580230294493958,rest
20433.440756,49.672813415527344,0.0026226043701171875,0.13027213513851166,0.13027213753957767,rest
20445.640756,49.67277526855469,0.0032901763916015625,0.16343219578266144,0.1634321924939286,rest
20457.840755999998,49.67315673828125,0.0015735626220703125,0.07816382497549057,0.07816382276359946,rest
20470.040756,49.67308044433594,0.007534027099609375,0.37423834204673767,0.37423833418870345,rest
20482.340755999998,49.672794342041016,0.0003337860107421875,0.016580084338784218,0.016580083865846973,rest
20494.540756,49.672489166259766,0.0026702880859375,0.13263985514640808,0.132639856019523,rest
20506.740756,49.67264175415039,0.001049041748046875,0.05210867524147034,0.05210867493588012,rest
20518.940756,49.67277526855469,0.0030517578125,0.1515892744064331,0.15158927999436855,rest
20531.140756,49.6727180480957,0.0062465667724609375,0.31028395891189575,0.31028395005705534,rest
20543.340755999998,49.6728515625,-0.0007152557373046875,-0.035528793931007385,-0.035528792068362236,rest
20555.540756,49.67203140258789,0.003814697265625,0.18948376178741455,0.18948376236949116,rest
20567.740756,49.672088623046875,0.000762939453125,0.03789679706096649,0.03789679612964392,rest
20579.940756,49.671897888183594,0.0020503997802734375,0.10184724628925323,0.10184724851569626,rest
20592.240756,49.67205047607422,0.0030994415283203125,0.1539556086063385,0.15395561604236718,rest
20604.440756,49.6721076965332,0.0041961669921875,0.20843246579170227,0.2084324587485753,rest
20616.640756,49.671974182128906,0.003337860107421875,0.1657980978488922,0.1657981010794174,rest
20628.840755999998,49.67191696166992,0.0008106231689453125,0.04026520624756813,0.04026520673505729,rest
20641.040756,49.671783447265625,0.003147125244140625,0.15632332861423492,0.15632332360837609,rest
20653.240756,49.671897888183594,0.00095367431640625,0.04737081378698349,0.04737081326311454,rest
20665.440756,49.67191696166992,0.0035762786865234375,0.1776406168937683,0.17764061794878216,rest
20677.640756,49.671630859375,0.00171661376953125,0.08526700735092163,0.08526700548827648,rest
20689.940756,49.67145919799805,0.003147125244140625,0.15632230043411255,0.1563223031553207,rest
20702.140756,49.6714973449707,0.0034809112548828125,0.17290207743644714,0.17290207415499026,rest
20714.340755999998,49.67144012451172,0.002574920654296875,0.12790001928806305,0.12790001710527577,rest
20726.540756,49.67123031616211,0.003528594970703125,0.17526964843273163,0.1752696534822462,rest
20738.740756,49.671382904052734,0.004673004150390625,0.23211458325386047,0.23211457846628036,rest
20750.940756,49.67130661010742,0.0033855438232421875,0.16816438734531403,0.16816438528621802,rest
20763.140756,49.6708869934082,0.002765655517578125,0.13737256824970245,0.13737256267631892,rest
20775.340755999998,49.67119216918945,0.002384185791015625,0.11842534691095352,0.11842535059258807,rest
20787.540756,49.67121124267578,0.00286102294921875,0.14211048185825348,0.1421104752807878,rest
20799.840755999998,49.670677185058594,0.0018596649169921875,0.09237081557512283,0.09237081576429773,rest
20812.040756,49.670753479003906,0.00514984130859375,0.25579649209976196,0.25579649809515104,rest
20824.240756,49.67081069946289,0.002002716064453125,0.09947653114795685,0.0994765305222245,rest
20836.440756,49.67092514038086,0.0028133392333984375,0.13974116742610931,0.13974116245663026,rest
20848.640756,49.670143127441406,0.0031948089599609375,0.15868662297725677,0.158686618306092,rest
20860.840755999998,49.67060089111328,0.00247955322265625,0.12316089868545532,0.12316089851083234,rest
20873.040756,49.67063903808594,-0.0004291534423828125,-0.021316325291991234,-0.02131632572854869,rest
20885.240756,49.67041015625,0.0023365020751953125,0.11605501919984818,0.11605501640588045,rest
20897.540756,49.67048645019531,0.002574920654296875,0.12789756059646606,0.12789756146958098,rest
20909.740756,49.67050552368164,0.0044345855712890625,0.2202681005001068,0.22026810711395228,rest
20921.940756,49.670753479003906,0.003528594970703125,0.17526796460151672,0.17526797091704793,rest
20934.140756,49.67071533203125,-0.0038623809814453125,-0.19184722006320953,-0.1918472262332216,rest
20946.340755999998,49.67048645019531,0.0029087066650390625,0.14447687566280365,0.14447687499341555,rest
20958.540756,49.670047760009766,0.002956390380859375,0.1468440443277359,0.14684405141451862,rest
20970.740756,49.6699333190918,0.003147125244140625,0.15631750226020813,0.15631750102329534,rest
20982.940756,49.67048645019531,0.002574920654296875,0.12789756059646606,0.12789756146958098,rest
20995.140756,49.67010498046875,0.0047206878662109375,0.23447705805301666,0.23447706189472228,rest
21007.440756,49.66970443725586,0.0007152557373046875,0.035526540130376816,0.03552654106897535,rest
21019.640756,49.66999053955078,0.0076770782470703125,0.38132041692733765,0.3813204039033735,rest
21031.840755999998,49.669742584228516,0.00324249267578125,0.16105377674102783,0.16105377653730102,rest
21044.040756,49.669551849365234,0.0065326690673828125,0.3244747519493103,0.32447474495711504,rest
21056.240756,49.669857025146484,0.003814697265625,0.18947546184062958,0.189475467777811,rest
21068.440756,49.6696662902832,0.0033855438232421875,0.16815882921218872,0.168158831911569,rest
21080.640756,49.66972351074219,0.001811981201171875,0.09000060707330704,0.09000060526886955,rest
21092.840755999998,49.66970443725586,0.0023365020751953125,0.11605336517095566,0.11605336749198614,rest
21105.140756,49.66949462890625,0.0007152557373046875,0.03552639111876488,0.035526391002349555,rest
21117.340755999998,49.669551849365234,0.0024318695068359375,0.12078987061977386,0.12078986856067786,rest
21129.540756,49.66926574707031,0.0021457672119140625,0.10657868534326553,0.10657868187990971,rest
21141.740756,49.6693229675293,0.001430511474609375,0.07105253636837006,0.07105253644112963,rest
21153.940756,49.6690559387207,0.000667572021484375,0.033157672733068466,0.03315767207823228,rest
21166.140756,49.66896057128906,0.0009059906005859375,0.044999610632658005,0.04499961141846143,rest
21178.340755999998,49.669246673583984,0.00133514404296875,0.06631559878587723,0.06631559881498106,rest
21190.540756,49.669189453125,0.0039577484130859375,0.19657815992832184,0.19657815573737025,rest
21202.740756,49.66917037963867,0.0029087066650390625,0.14447304606437683,0.1444730469302158,rest
21215.040756,49.66930389404297,0.001621246337890625,0.08052618056535721,0.08052617704379372,rest
21227.240756,49.66880798339844,0.0033855438232421875,0.16815592348575592,0.16815592607599683,rest
21239.440756,49.6690559387207,0.0019550323486328125,0.09710460901260376,0.09710461108625168,rest
21251.640756,49.66920852661133,0.00133514404296875,0.06631554663181305,0.06631554788327776,rest
21263.840755999998,49.669132232666016,0.00171661376953125,0.0852627158164978,0.08526271631126292,rest
21276.040756,49.66920852661133,0.0021457672119140625,0.10657855868339539,0.10657855909812497,rest
21288.240756,49.669227600097656,0.003147125244140625,0.15631528198719025,0.1563152800372336,rest
21300.440756,49.66865539550781,0.001049041748046875,0.052104491740465164,0.052104493079241365,rest
21312.740756,49.668941497802734,0.0018596649169921875,0.09236758947372437,0.09236758796760114,rest
21324.940756,49.668827056884766,0.00324249267578125,0.16105081140995026,0.16105080794659443,rest
21337.140756,49.668636322021484,0.0031948089599609375,0.15868180990219116,0.1586818043506355,rest
21349.340755999998,49.6685791015625,0.0034809112548828125,0.17289191484451294,0.17289191600866616,rest
21361.540756,49.668941497802734,0.002765655517578125,0.13736718893051147,0.13736718210566323,rest
21373.740756,49.668312072753906,0.002288818359375,0.11368174105882645,0.1136817445512861,rest
21385.940756,49.66875076293945,0.0036716461181640625,0.18236607313156128,0.18236607593280496,rest
21398.140756,49.668235778808594,0.00247955322265625,0.12315503507852554,0.12315503408899531,rest
21410.340755999998,49.66827392578125,0.0031948089599609375,0.15868064761161804,0.15868064656388015,rest
21422.640756,49.668521881103516,0.0026226043701171875,0.1302608847618103,0.13026088254264323,rest
21434.840755999998,49.668216705322266,0.002765655517578125,0.1373651772737503,0.13736517757934052,rest
21447.040756,49.66777801513672,0.0027179718017578125,0.13499562442302704,0.13499562010110822,rest
21459.240756,49.6681022644043,0.003528594970703125,0.17525862157344818,0.1752586158545455,rest
21471.440756,49.66815948486328,0.0013828277587890625,0.06868250668048859,0.06868250966363121,rest
21483.640756,49.66806411743164,0.003147125244140625,0.15631161630153656,0.15631161841156427,rest
21495.840755999998,49.668121337890625,0.004863739013671875,0.2415727823972702,0.24157277948688716,rest
21508.040756,49.66827392578125,0.0050067901611328125,0.24867862462997437,0.24867862521205097,rest
21520.240756,49.66808319091797,0.00476837158203125,0.23683588206768036,0.23683587642153725,rest
21532.540756,49.66814041137695,-0.0021457672119140625,-0.10657626390457153,-0.1065762671714765,rest
21544.740756,49.66775894165039,0.0051021575927734375,0.25341272354125977,0.25341273340018233,rest
21556.940756,49.667911529541016,0.00438690185546875,0.2178882509469986,0.2178882532462012,rest
21569.140756,49.667911529541016,0.000667572021484375,0.03315690904855728,0.03315690810268279,rest
21581.340755999998,49.66764450073242,0.007152557373046875,0.35525068640708923,0.35525067687558476,rest
21593.540756,49.66796875,0.0020503997802734375,0.10183919221162796,0.10183919221162796,rest
21605.740756,49.66756820678711,-0.0036716461181640625,-0.18236173689365387,-0.1823617340050987,rest
21617.940756,49.66768264770508,0.00095367431640625,0.04736679419875145,0.047366793296532705,rest
21630.240756,49.667606353759766,0.0013828277587890625,0.0686817467212677,0.06868174477858702,rest
21642.440756,49.66716766357422,0.00057220458984375,0.02841978147625923,0.02841978130163625,rest
21654.640756,49.667625427246094,0.0044345855712890625,0.22025533020496368,0.22025533507985529,rest
21666.840755999998,49.66785430908203,-0.00152587890625,-0.07578713446855545,-0.07578713120892644,rest
21679.040756,49.667396545410156,0.0008106231689453125,0.040261540561914444,0.04026154238090385,rest
21691.240756,49.66754913330078,0.0010967254638671875,0.054471664130687714,0.054471665862365626,rest
21703.440756,49.66712951660156,0.0047206878662109375,0.23446302115917206,0.2344630156585481,rest
21715.640756,49.667720794677734,0.003337860107421875,0.16578389704227448,0.16578390386712272,rest
21727.840755999998,49.667396545410156,-0.000667572021484375,-0.033156562596559525,-0.03315656431368552,rest
21740.140756,49.66682434082031,0.0010013580322265625,0.04973427206277847,0.049734273488866165,rest
21752.340755999998,49.66716766357422,0.002384185791015625,0.11841575801372528,0.11841575542348437,rest
21764.540756,49.66684341430664,0.0013828277587890625,0.06868068873882294,0.06868068976473296,rest
21776.740756,49.66714859008789,0.002002716064453125,0.09946919977664948,0.0994691963569494,rest
21788.940756,49.667110443115234,0.0035762786865234375,0.1776234358549118,0.17762342849891866,rest
21801.140756,49.66684341430664,0.0039577484130859375,0.19656887650489807,0.19656887070595985,rest
21813.340755999998,49.6668815612793,0.0052928924560546875,0.26288145780563354,0.26288146273145685,rest
21825.540756,49.66697692871094,0.0035762786865234375,0.1776229441165924,0.17762295101420023,rest
21837.840755999998,49.666786193847656,0.003910064697265625,0.19420035183429718,0.19420034732320346,rest
21850.040756,49.666786193847656,-0.00324249267578125,-0.1610441952943802,-0.16104419046314433,rest
21862.240756,49.66682434082031,0.0007152557373046875,0.035524480044841766,0.03552448106347583,rest
21874.440756,49.666709899902344,0.0030040740966796875,0.14920248091220856,0.14920247667760123,rest
21886.640756,49.667110443115234,0.0022411346435546875,0.1113106831908226,0.11131068185932236,rest
21898.840755999998,49.66642379760742,0.00324249267578125,0.16104301810264587,0.16104301539598964,rest
21911.040756,49.666404724121094,0.0030994415283203125,0.15393811464309692,0.15393811736430507,rest
21923.240756,49.66642379760742,0.0057697296142578125,0.28656184673309326,0.2865618362193345,rest
21935.440756,49.666385650634766,0.00553131103515625,0.2747202217578888,0.2747202270256821,rest
21947.740756,49.66623306274414,0.001239776611328125,0.0615750327706337,0.061575034123961814,rest
21959.940756,49.66630935668945,0.00133514404296875,0.06631167978048325,0.06631167707382701,rest
21972.140756,49.66653823852539,0.0006198883056640625,0.03078770637512207,0.030787706236878876,rest
21984.340755999998,49.666290283203125,0.0026702880859375,0.13262329995632172,0.13262330321595073,rest
21996.540756,49.66621398925781,0.0031948089599609375,0.15867406129837036,0.15867406546021812,rest
22008.740756,49.666175842285156,0.003337860107421875,0.1657787412405014,0.16577874703216366,rest
22020.940756,49.66634750366211,-0.003528594970703125,-0.17525242269039154,-0.17525242401461583,rest
22033.140756,49.66625213623047,0.0032901763916015625,0.1634107232093811,0.16341073023795616,rest
22045.440756,49.66611862182617,0.002384185791015625,0.11841325461864471,0.1184132543130545,rest
22057.640756,49.66585159301758,0.002574920654296875,0.1278856247663498,0.1278856270801043,rest
22069.840755999998,49.665870666503906,0.002002716064453125,0.09946663677692413,0.09946663703885861,rest
22082.040756,49.6661376953125,0.0012874603271484375,0.06394318491220474,0.06394318188540637,rest
22094.240756,49.66611862182617,0.003528594970703125,0.17525161802768707,0.17525161638332065,rest
22106.440756,49.66592788696289,0.00782012939453125,0.38839396834373474,0.38839398257550783,rest
22118.640756,49.66604232788086,0.0029087066650390625,0.1444639414548874,0.14446394834521925,rest
22130.840755999998,49.66651916503906,0.001621246337890625,0.08052166551351547,0.08052166231209412,rest
22143.040756,49.66606140136719,0.002288818359375,0.11367659270763397,0.11367659317329526,rest
22155.340755999998,49.66596603393555,0.0029087066650390625,0.14446373283863068,0.14446372642851202,rest
22167.540756,49.666099548339844,0.006771087646484375,0.3362935185432434,0.3362935131008271,rest
22179.740756,49.66575622558594,0.002956390380859375,0.14683136343955994,0.14683136396342888,rest
22191.940756,49.665985107421875,0.001430511474609375,0.07104776054620743,0.07104776159394532,rest
22204.140756,49.6656608581543,0.0048160552978515625,0.23919257521629333,0.23919256909721298,rest
22216.340755999998,49.66554641723633,-0.003719329833984375,-0.18472254276275635,-0.18472254851076286,rest
22228.540756,49.66573715209961,0.0005245208740234375,0.026050716638565063,0.0260507158600376,rest
22240.740756,49.665374755859375,0.0016689300537109375,0.08288803696632385,0.08288803655887023,rest
22253.040756,49.665794372558594,0.00362396240234375,0.17998696863651276,0.17998697148868814,rest
22265.240756,49.665889739990234,0.0023365020751953125,0.11604445427656174,0.11604445444390876,rest
22277.440756,49.6656608581543,0.0043392181396484375,0.21551012992858887,0.2155101365133305,rest
22289.640756,49.66581344604492,0.001811981201171875,0.08999352157115936,0.08999352030514274,rest
22301.840755999998,49.66545104980469,0.0007152557373046875,0.03552350029349327,0.03552349880919792,rest
22314.040756,49.665584564208984,0.005435943603515625,0.269979327917099,0.2699793167266762,rest
22326.240756,49.66562271118164,0.0008106231689453125,0.040260106325149536,0.040260104469780345,rest
22381.639206,49.66535568237305,0.002384185791015625,0.11841143667697906,0.11841143532365095,rest
22503.639206,49.664955139160156,0.006008148193359375,0.29839441180229187,0.2983944104926195,rest
22626.639206,49.66442108154297,0.0030517578125,0.15156377851963043,0.15156378503888845,rest
22748.639206,49.66438293457031,0.000476837158203125,0.023681823164224625,0.023681823222432286,rest
22870.639206,49.6638298034668,-0.0061511993408203125,-0.305492103099823,-0.30549211714969715,rest
22992.639206,49.66331481933594,0.0010967254638671875,0.05446702241897583,0.05446702198241837,rest
23114.639206,49.66348648071289,0.00457763671875,0.2273413985967636,0.22734139929525554,rest
23236.639206,49.66297149658203,0.000858306884765625,0.042626071721315384,0.04262607035343535,rest
23358.639206,49.663124084472656,0.0021457672119140625,0.10656550526618958,0.10656550330168102,rest
23480.639206,49.66259002685547,0.00324249267578125,0.1610305905342102,0.1610305844224058,rest
23603.639206,49.6623420715332,0.006961822509765625,0.345740407705307,0.3457404109212803,rest
23725.639206,49.66230392456055,0.00324249267578125,0.161029651761055,0.16102965673781,rest
23847.639206,49.66176986694336,0.00171661376953125,0.08525007963180542,0.08525007797288708,rest
23969.639206,49.66157913208008,0.00362396240234375,0.17997169494628906,0.17997169561567716,rest
24091.639206,49.66156005859375,-0.000762939453125,-0.03788876533508301,-0.03788876347243786,rest
24213.639206,49.66133117675781,0.0053882598876953125,0.26758816838264465,0.26758815874927677,rest
24335.639206,49.661216735839844,0.0050067901611328125,0.24864329397678375,0.2486432913428871,rest
24457.639206,49.660606384277344,0.0027179718017578125,0.13497613370418549,0.13497612781065982,rest
24579.639206,49.66041564941406,0.0031948089599609375,0.1586555391550064,0.1586555408721324,rest
24702.639206,49.66056823730469,0.000858306884765625,0.042624007910490036,0.04262400761945173,rest
24824.639206,49.65974807739258,0.0032901763916015625,0.16338932514190674,0.16338933073711814,rest
24946.639206,49.65995788574219,0.002765655517578125,0.13734233379364014,0.1373423365294002,rest
25068.639206,49.6592903137207,0.0033855438232421875,0.16812370717525482,0.16812370358820772,rest
25190.639206,49.65932846069336,0.0019073486328125,0.09471765160560608,0.09471765224589035,rest
25312.639206,49.65925216674805,0.0057220458984375,0.2841525077819824,0.2841525201802142,rest
25434.639206,49.65925216674805,9.5367431640625e-05,0.004735875409096479,0.004735875336336903,rest
25556.639206,49.659156799316406,0.0023365020751953125,0.11602872610092163,0.1160287229140522,rest
25679.639206,49.658756256103516,0.001811981201171875,0.08998073637485504,0.08998073280963581,rest
25801.639206,49.65831756591797,0.0016689300537109375,0.08287625759840012,0.08287625860248227,rest
25923.639206,49.658355712890625,0.0029087066650390625,0.14444158971309662,0.14444159023696557,rest
25936.145706,49.23259735107422,-51.988365173339844,-2559.522216796875,-2559.5222495196504,discharge
25937.365706,49.2146110534668,-51.9805908203125,-2558.20458984375,-2558.2045595510863,discharge
25938.585705999998,49.20148849487305,-51.95417404174805,-2556.22265625,-2556.2226963756984,discharge
25939.805706,49.189605712890625,-52.04777526855469,-2560.20947265625,-2560.209543693345,discharge
25941.025706,49.179744720458984,-52.052833557128906,-2559.945068359375,-2559.9450663161406,discharge
25942.245705999998,49.17133331298828,-52.02021789550781,-2557.903564453125,-2557.9034731542924,discharge
25943.475705999997,49.162845611572266,-51.94358825683594,-2553.694580078125,-2553.6946099819033,discharge
25944.695706,49.1547966003418,-52.00510025024414,-2556.300048828125,-2556.300124981135,discharge
25945.915706,49.14670944213867,-52.02903747558594,-2557.055908203125,-2557.055987366766,discharge
25947.135705999997,49.140377044677734,-51.921844482421875,-2551.458984375,-2551.459014721331,discharge
25948.355706,49.13290023803711,-51.976680755615234,-2553.76513671875,-2553.7650702699466,discharge
25949.575706,49.12649154663086,-52.026222229003906,-2555.86572265625,-2555.865766536299,discharge
25950.795705999997,49.119510650634766,-52.04539489746094,-2556.4443359375,-2556.444328982325,discharge
25952.015706,49.11283493041992,-52.0289421081543,-2555.288818359375,-2555.2888453621563,discharge
25953.245705999998,49.106502532958984,-52.01683044433594,-2554.364501953125,-2554.3646159712807,discharge
25954.465706,49.10106658935547,-51.95789337158203,-2551.18798828125,-2551.1879822806804,discharge
25955.685706,49.0948486328125,-52.01411437988281,-2553.625,-2553.6250722501427,discharge
25956.905705999998,49.08895492553711,-52.03185272216797,-2554.189208984375,-2554.1892729706888,discharge
25958.125706,49.083709716796875,-51.972389221191406,-2550.99755859375,-2550.997665821342,discharge
25959.345706,49.07815933227539,-51.975677490234375,-2550.87060546875,-2550.870581268682,discharge
25960.565705999998,49.07304763793945,-51.97062683105469,-2550.35693359375,-2550.357046253921,discharge
25961.785706,49.066734313964844,-52.012779235839844,-2552.09716796875,-2552.097219695861,discharge
25963.005706,49.062137603759766,-51.987266540527344,-2550.6064453125,-2550.6064246546885,discharge
25964.235706,49.056968688964844,-52.00214385986328,-2551.067626953125,-2551.0675430923584,discharge
25965.455705999997,49.051151275634766,-52.052162170410156,-2553.218505859375,-2553.218480844662,discharge
25966.675705999998,49.04664993286133,-52.00657653808594,-2550.748291015625,-2550.74835367006,discharge
25967.895706,49.04212951660156,-51.99413299560547,-2549.903076171875,-2549.90300447389,discharge
25969.115706,49.03715133666992,-52.03118133544922,-2551.4609375,-2551.4609133721387,discharge
25970.335705999998,49.0325927734375,-52.03395080566406,-2551.359619140625,-2551.359520247206,discharge
25971.555706,49.02799606323242,-51.9805908203125,-2548.504150390625,-2548.5042021027766,discharge
25972.775706,49.02299880981445,-52.005149841308594,-2549.448486328125,-2549.4483987746935,discharge
25974.005706,49.01811599731445,-52.01344299316406,-2549.60107421875,-2549.6009820586187,discharge
25975.225705999997,49.01445388793945,-51.96337890625,-2546.95654296875,-2546.9566392619163,discharge
25976.445706,49.009456634521484,-52.079010009765625,-2552.364013671875,-2552.3639826424187,discharge
25977.665706,49.00564193725586,-51.96409225463867,-2546.53369140625,-2546.5336986253533,discharge
25978.885705999997,49.00102615356445,-51.98678970336914,-2547.406005859375,-2547.4060418946465,discharge
25980.105706,48.99686813354492,-52.00953674316406,-2548.304443359375,-2548.304413491569,discharge
25981.325706,48.99280548095703,-52.002906799316406,-2547.768310546875,-2547.7682972632465,discharge
25982.545705999997,48.98876190185547,-51.976585388183594,-2546.2685546875,-2546.268566053186,discharge
25983.765706,48.984127044677734,-52.03423309326172,-2548.8515625,-2548.8514845127065,discharge
25984.995705999998,48.980960845947266,-52.039337158203125,-2548.936767578125,-2548.936735794996,discharge
25986.215706,48.976688385009766,-52.029991149902344,-2548.256591796875,-2548.256663223583,discharge
25987.435706,48.972625732421875,-51.99504089355469,-2546.333740234375,-2546.333677622024,discharge
25988.655705999998,48.96873474121094,-52.06623077392578,-2549.617431640625,-2549.6174437430454,discharge
25989.875706,48.96455764770508,-52.069618225097656,-2549.56591796875,-2549.565823276789,discharge
25991.095706,48.96100997924805,-52.07624435424805,-2549.70556640625,-2549.7055195100984,discharge
25992.315705999998,48.95723342895508,-52.05659866333008,-2548.547119140625,-2548.5470522780815,discharge
25993.535706,48.95395278930664,-51.9892692565918,-2545.080322265625,-2545.080232737746,discharge
25994.765706,48.95051956176758,-51.97248458862305,-2544.080078125,-2544.0801235290564,discharge
25995.985706,48.946800231933594,-51.964141845703125,-2543.478515625,-2543.478470145492,discharge
25997.205705999997,48.94289016723633,-52.0237922668457,-2546.19482421875,-2546.194750999348,discharge
25998.425705999998,48.93989562988281,-51.95183563232422,-2542.517333984375,-2542.517413626774,discharge
25999.645706,48.935794830322266,-52.0191650390625,-2545.59912109375,-2545.5991875962354,discharge
26000.865706,48.932533264160156,-51.99580383300781,-2544.286376953125,-2544.286400655401,discharge
26002.085705999998,48.92932891845703,-52.046630859375,-2546.606689453125,-2546.6067204158753,discharge
26003.305706,48.9256477355957,-52.045536041259766,-2546.361572265625,-2546.3615625649254,discharge
26004.525706,48.9225959777832,-52.013633728027344,-2544.64208984375,-2544.6419882126793,discharge
26005.755706,48.91977310180664,-51.910926818847656,-2539.470703125,-2539.4707614825165,discharge
26006.975705999997,48.91622543334961,-51.97234344482422,-2542.290771484375,-2542.2908682464913,discharge
26008.195706,48.912906646728516,-52.002906799316406,-2543.61328125,-2543.613325633487,discharge
26009.415706,48.909854888916016,-51.96990966796875,-2541.8408203125,-2541.840740450425,discharge
26010.635705999997,48.90644073486328,-51.99785232543945,-2543.02978515625,-2543.0298830942775,discharge
26011.855706,48.9030647277832,-52.042484283447266,-2545.036865234375,-2545.0369775080617,discharge
26013.075706,48.899879455566406,-52.0313720703125,-2544.327880859375,-2544.327822146006,discharge
26014.295705999997,48.896942138671875,-51.98826599121094,-2542.067138671875,-2542.067234062124,discharge
26015.515706,48.89375686645508,-51.98750305175781,-2541.8642578125,-2541.864334306738,discharge
26016.745705999998,48.89097213745117,-51.980926513671875,-2541.39794921875,-2541.3980298588285,discharge
26017.965706,48.88763427734375,-51.99880599975586,-2542.0986328125,-2542.0986105746124,discharge
26019.185706,48.884944915771484,-51.96595001220703,-2540.3525390625,-2540.352603842475,discharge
26020.405705999998,48.88105392456055,-52.046730041503906,-2544.09912109375,-2544.099017755798,discharge
26021.625706,48.87845993041992,-52.02918243408203,-2543.106201171875,-2543.1063088167866,discharge
26022.845706,48.87556076049805,-52.07171630859375,-2545.034423828125,-2545.034334344091,discharge
26024.065705999998,48.87310028076172,-52.01616287231445,-2542.191162109375,-2542.191144279059,discharge
26025.285706,48.86951446533203,-52.04334259033203,-2543.332763671875,-2543.332883542462,discharge
26026.515706,48.86711120605469,-51.996707916259766,-2540.928955078125,-2540.92890809261,discharge
26027.735706,48.86434555053711,-52.03104019165039,-2542.462646484375,-2542.4627272786893,discharge
26028.955705999997,48.86161804199219,-51.97572708129883,-2539.6181640625,-2539.6181241012528,discharge
26030.175705999998,48.85894775390625,-52.022125244140625,-2541.746337890625,-2541.746299350634,discharge
26031.395706,48.85578155517578,-52.034854888916016,-2542.20361328125,-2542.2035037081514,discharge
26032.615706,48.85284423828125,-52.00376510620117,-2540.53173828125,-2540.5318365374114,discharge
26033.835705999998,48.85089874267578,-51.97377014160156,-2538.96533203125,-2538.965382462484,discharge
26035.055706,48.84786605834961,-51.98545455932617,-2539.37841796875,-2539.378521296385,discharge
26036.275706,48.84521484375,-52.01172637939453,-2540.52392578125,-2540.523949395865,discharge
26037.505706,48.842315673828125,-52.0457763671875,-2542.0361328125,-2542.0362388156354,discharge
26038.725705999997,48.83995056152344,-52.010154724121094,-2540.17333984375,-2540.173385423259,discharge
26039.945706,48.83756637573242,-51.98211669921875,-2538.68017578125,-2538.6800746491645,discharge
26041.165706,48.8343620300293,-52.03962326049805,-2541.32177734375,-2541.321802209495,discharge
26042.385705999997,48.83216857910156,-52.05921936035156,-2542.16455078125,-2542.1645759011153,discharge
26043.605706,48.82942199707031,-52.004432678222656,-2539.346435546875,-2539.3463889631676,discharge
26044.825706,48.82678985595703,-51.99317932128906,-2538.66015625,-2538.6600406636717,discharge
26046.045705999997,48.824405670166016,-52.01697540283203,-2539.697998046875,-2539.6979088029184,discharge
26047.275706,48.821773529052734,-51.99899673461914,-2538.683349609375,-2538.6832423155283,discharge
26048.495705999998,48.819732666015625,-51.95198059082031,-2536.28173828125,-2536.28180391388,discharge
26049.715706,48.8163948059082,-52.02727508544922,-2539.783935546875,-2539.7840012468805,discharge
26050.935706,48.81391525268555,-52.07733917236328,-2542.098876953125,-2542.0988209451025,discharge
26052.155705999998,48.81181716918945,-51.988746643066406,-2537.665283203125,-2537.6651959966694,discharge
26053.375706,48.809242248535156,-52.046966552734375,-2540.373046875,-2540.372998773819,discharge
26054.595706,48.80695343017578,-52.015159606933594,-2538.701416015625,-2538.7014725987683,discharge
26055.815705999998,48.804283142089844,-51.99165344238281,-2537.415283203125,-2537.415375627461,discharge
26057.035706,48.80260467529297,-51.98664855957031,-2537.083740234375,-2537.0838580460986,discharge
26058.265706,48.79953384399414,-52.01744842529297,-2538.42724609375,-2538.427234908304,discharge
26059.485706,48.79737854003906,-52.01811981201172,-2538.347900390625,-2538.3478834078414,discharge
26060.705705999997,48.79463195800781,-51.999237060546875,-2537.28369140625,-2537.2836344665848,discharge
26061.925705999998,48.792076110839844,-52.010772705078125,-2537.713623046875,-2537.7135804097634,discharge
26063.145706,48.789825439453125,-52.00648498535156,-2537.38720703125,-2537.3873241548426,discharge
26064.365706,48.78786087036133,-52.00572204589844,-2537.248046875,-2537.247931637976,discharge
26065.585705999998,48.78547668457031,-52.02312469482422,-2537.972900390625,-2537.972936857841,discharge
26066.805706,48.782920837402344,-51.993370056152344,-2536.388427734375,-2536.3884555190452,discharge
26068.035706,48.780364990234375,-52.02174377441406,-2537.6396484375,-2537.639648744371,discharge
26069.255706,48.778533935546875,-51.99665832519531,-2536.32080078125,-2536.3207626505755,discharge
26070.475705999997,48.77647399902344,-52.00071334838867,-2536.411376953125,-2536.411442568351,discharge
26071.695706,48.773841857910156,-51.99308395385742,-2535.90234375,-2535.902454470488,discharge
26072.915706,48.77189636230469,-51.982643127441406,-2535.2919921875,-2535.2920832502423,discharge
26074.135705999997,48.769283294677734,-52.05259323120117,-2538.567626953125,-2538.5676655150746,discharge
26075.355706,48.76689910888672,-52.05950927734375,-2538.78076171875,-2538.780836586375,discharge
26076.575706,48.76474380493164,-52.02341079711914,-2536.908203125,-2536.9082993802294,discharge
26077.795705999997,48.76230239868164,-52.06208038330078,-2538.6669921875,-2538.666907154984,discharge
26079.025706,48.76054763793945,-51.98097229003906,-2534.62060546875,-2534.6206756148604,discharge
26080.245705999998,48.758296966552734,-51.967811584472656,-2533.862060546875,-2533.861989937577,discharge
26081.465706,48.755855560302734,-52.00967788696289,-2535.7763671875,-2535.776342794634,discharge
26082.685706,48.75337600708008,-52.02226638793945,-2536.26123046875,-2536.2611139516957,discharge
26083.905705999998,48.75171661376953,-51.981117248535156,-2534.168701171875,-2534.1686973677133,discharge
26085.125706,48.749351501464844,-52.04624938964844,-2537.220947265625,-2537.2209058288718,discharge
26086.345706,48.7474250793457,-52.00300216674805,-2535.012451171875,-2535.0124520246027,discharge
26087.565705999998,48.74479293823242,-51.994850158691406,-2534.478271484375,-2534.478204839834,discharge
26088.795705999997,48.743038177490234,-52.011444091796875,-2535.19580078125,-2535.195805032854,discharge
26090.015706,48.7409782409668,-51.98554992675781,-2533.82666015625,-2533.8265578247956,discharge
26091.235706,48.73823165893555,-52.0289421081543,-2535.798583984375,-2535.7986334365705,discharge
26092.455705999997,48.73634338378906,-51.9866943359375,-2533.641357421875,-2533.641386544332,discharge
26093.675705999998,48.734283447265625,-51.973915100097656,-2532.91162109375,-2532.911510352278,discharge
26094.895706,48.73188018798828,-52.071998596191406,-2537.56640625,-2537.5663967386936,discharge
26096.115706,48.729400634765625,-52.060794830322266,-2536.891357421875,-2536.891328651109,discharge
26097.335705999998,48.7275505065918,-52.02369689941406,-2534.9873046875,-2534.987318205822,discharge
26098.555706,48.725337982177734,-52.034996032714844,-2535.4228515625,-2535.4227685953083,discharge
26099.785706,48.72419357299805,-51.93309783935547,-2530.398193359375,-2530.3983119702025,discharge
26101.005706,48.72161865234375,-51.9963264465332,-2533.34521484375,-2533.3451884507667,discharge
26102.225705999997,48.71967315673828,-51.989219665527344,-2532.897705078125,-2532.8977897783625,discharge
26103.445706,48.71706008911133,-52.070045471191406,-2536.699462890625,-2536.699534062791,discharge
26104.665706,48.715267181396484,-52.02970504760742,-2534.640869140625,-2534.640982763449,discharge
26105.885705999997,48.71368408203125,-51.961421966552734,-2531.232177734375,-2531.232294131769,discharge
26107.105706,48.710994720458984,-52.03242492675781,-2534.55126953125,-2534.5511758999783,discharge
26108.325706,48.70939254760742,-51.95150375366211,-2530.526123046875,-2530.526189775628,discharge
26109.555706,48.706626892089844,-52.05426025390625,-2535.387451171875,-2535.3874323307537,discharge
26110.775706,48.704872131347656,-52.04601287841797,-2534.894287109375,-2534.8944021898205,discharge
26111.995705999998,48.70281219482422,-52.020790100097656,-2533.558837890625,-2533.558770471427,discharge
26113.215706,48.70073318481445,-52.071144104003906,-2535.90283203125,-2535.9028956371185,discharge
26114.435706,48.69844436645508,-52.06003189086914,-2535.24267578125,-2535.242566753368,discharge
26115.655705999998,48.69688034057617,-52.00343322753906,-2532.405029296875,-2532.4049651806126,discharge
26116.875706,48.69499206542969,-51.959896087646484,-2530.186767578125,-2530.1867277084966,discharge
26118.095706,48.692874908447266,-51.97105407714844,-2530.6201171875,-2530.620035038737,discharge
26119.315705999998,48.69060516357422,-52.00796127319336,-2532.299072265625,-2532.2991077155166,discharge
26120.545705999997,48.68833541870117,-52.04615783691406,-2534.040771484375,-2534.0407900183345,discharge
26121.765706,48.68684768676758,-52.034996032714844,-2533.419921875,-2533.419926226343,discharge
26122.985706,48.684959411621094,-52.031280517578125,-2533.140869140625,-2533.1407801329624,discharge
26124.205705999997,48.6829948425293,-52.05101776123047,-2533.99951171875,-2533.9994292183837,discharge
26125.425705999998,48.681087493896484,-52.012969970703125,-2532.0478515625,-2532.0479419612093,discharge
26126.645706,48.67897033691406,-52.022315979003906,-2532.392822265625,-2532.3927763995016,discharge
26127.865706,48.67744445800781,-51.98035430908203,-2530.270751953125,-2530.2708097879076,discharge
26129.085705999998,48.67483139038086,-52.001617431640625,-2531.169921875,-2531.1699605121976,discharge
26130.315705999998,48.673057556152344,-52.0176887512207,-2531.85986328125,-2531.8599585261836,discharge
26131.535706,48.67128372192383,-52.002525329589844,-2531.02978515625,-2531.0296645729977,discharge
26132.755706,48.66903305053711,-52.036285400390625,-2532.5556640625,-2532.555693978793,discharge
26133.975705999997,48.6671257019043,-52.019596099853516,-2531.644287109375,-2531.6442223538616,discharge
26135.195706,48.665122985839844,-52.01068115234375,-2531.106201171875,-2531.106194856111,discharge
26136.415706,48.66325378417969,-52.03447341918945,-2532.166748046875,-2532.1667855241685,discharge
26137.635705999997,48.66132736206055,-52.00624465942383,-2530.69287109375,-2530.692896243636,discharge
26138.855706,48.659095764160156,-52.08000946044922,-2534.166259765625,-2534.1661677343654,discharge
26140.075706,48.65720748901367,-52.00786590576172,-2530.5576171875,-2530.557522437448,discharge
26141.305706,48.65577697753906,-51.95307922363281,-2527.8173828125,-2527.8174360014964,discharge
26142.525706,48.653812408447266,-51.96299743652344,-2528.197998046875,-2528.1979294572375,discharge
26143.745705999998,48.652076721191406,-51.970577239990234,-2528.4765625,-2528.476511124609,discharge
26144.965706,48.64969253540039,-51.99456024169922,-2529.519287109375,-2529.5193692720204,discharge
26146.185706,48.647708892822266,-51.99427795410156,-2529.402587890625,-2529.4024980036193,discharge
26147.405705999998,48.645896911621094,-51.97868347167969,-2528.549560546875,-2528.5496777651133,discharge
26148.625706,48.644447326660156,-51.96428298950195,-2527.77392578125,-2527.77382675049,discharge
26149.845706,48.6424446105957,-51.955177307128906,-2527.226806640625,-2527.2268343956966,discharge
26151.075706,48.64025115966797,-52.032135009765625,-2530.856201171875,-2530.8561152487528,discharge
26152.295705999997,48.63758087158203,-52.06413269042969,-2532.2734375,-2532.2734642395517,discharge
26153.515706,48.63645553588867,-52.004005432128906,-2529.29052734375,-2529.2904978878505,discharge
26154.735706,48.63504409790039,-51.994850158691406,-2528.771728515625,-2528.7718303316797,discharge
26155.955705999997,48.632450103759766,-52.03390121459961,-2530.5361328125,-2530.53610452298,discharge
26157.175705999998,48.63029479980469,-52.04496383666992,-2530.9619140625,-2530.9619342224323,discharge
26158.395706,48.6284065246582,-52.06584930419922,-2531.87939453125,-2531.879286016192,discharge
26159.615706,48.62730026245117,-52.0075798034668,-2528.98828125,-2528.9881990265712,discharge
26160.835705999998,48.625240325927734,-51.97510528564453,-2527.302001953125,-2527.301985479862,discharge
26162.065705999998,48.6229133605957,-52.022125244140625,-2529.46728515625,-2529.467288579908,discharge
26163.285706,48.62089157104492,-52.025794982910156,-2529.54052734375,-2529.5405367614876,discharge
26164.505706,48.61936569213867,-52.02293395996094,-2529.322021484375,-2529.3220505773206,discharge
26165.725705999997,48.61745834350586,-52.00962829589844,-2528.575927734375,-2528.575937137066,discharge
26166.945706,48.615665435791016,-52.04620361328125,-2530.2607421875,-2530.2608220663387,discharge
26168.165706,48.61335754394531,-52.00762939453125,-2528.265380859375,-2528.2654827693477,discharge
26169.385705999997,48.61223220825195,-51.97224426269531,-2526.48681640625,-2526.486806482135,discharge
26170.605706,48.6102294921875,-51.94477844238281,-2525.047607421875,-2525.0476010050625,discharge
26171.835705999998,48.60799789428711,-52.04234313964844,-2529.674072265625,-2529.6741057457984,discharge
26173.055706,48.606624603271484,-52.00114440917969,-2527.60009765625,-2527.600105237507,discharge
26174.275706,48.60523223876953,-51.97582244873047,-2526.296875,-2526.2969209215953,discharge
26175.495705999998,48.602333068847656,-52.01072692871094,-2527.8427734375,-2527.842673342093,discharge
26176.715706,48.6004638671875,-52.00782012939453,-2527.604248046875,-2527.6041830098256,discharge
26177.935706,48.59895706176758,-52.016544342041016,-2527.94970703125,-2527.9498049803806,discharge
26179.155705999998,48.597354888916016,-51.982975006103516,-2526.235107421875,-2526.2350845532637,discharge
26180.375706,48.59546661376953,-52.02932357788086,-2528.38916015625,-2528.389256865921,discharge
26181.595706,48.593406677246094,-52.004005432128906,-2527.0517578125,-2527.051784809155,discharge
26182.825706,48.59184265136719,-51.96251678466797,-2524.954345703125,-2524.9544393696124,discharge
26184.045705999997,48.58909606933594,-52.05698013305664,-2529.401611328125,-2529.4016087646014,discharge
26185.265706,48.588218688964844,-51.955318450927734,-2524.416259765625,-2524.416374948487,discharge
26186.485706,48.5856819152832,-52.05235290527344,-2528.9990234375,-2528.9990611976827,discharge
26187.705705999997,48.58449935913086,-51.98631286621094,-2525.72900390625,-2525.7289841320016,discharge
26188.925705999998,48.5816764831543,-52.053260803222656,-2528.834716796875,-2528.8346762354195,discharge
26190.145706,48.58070373535156,-52.01082229614258,-2526.722412109375,-2526.72234900092,discharge
26191.365706,48.57847213745117,-52.02455520629883,-2527.2734375,-2527.273405552478,discharge
26192.595706,48.57688903808594,-52.01091766357422,-2526.528564453125,-2526.5285761124687,discharge
26193.815705999998,48.57475280761719,-52.01005935668945,-2526.375732421875,-2526.3757767606876,discharge
26195.035706,48.57339859008789,-51.971435546875,-2524.42919921875,-2524.429254117422,discharge
26196.255706,48.57105255126953,-52.00824737548828,-2526.09521484375,-2526.095316374267,discharge
26197.475705999997,48.56966018676758,-52.03013610839844,-2527.0859375,-2527.0860302561778,discharge
26198.695706,48.56760025024414,-52.02064514160156,-2526.517822265625,-2526.5178979971097,discharge
26199.915706,48.56645584106445,-51.93782043457031,-2522.435791015625,-2522.435862616694,discharge
26201.135705999997,48.563899993896484,-52.016353607177734,-2526.116943359375,-2526.116994626136,discharge
26202.355706,48.56243133544922,-52.017879486083984,-2526.11474609375,-2526.114700758626,discharge
26203.585705999998,48.56046676635742,-52.000953674316406,-2525.190673828125,-2525.1905827205337,discharge
26204.805706,48.55884552001953,-51.95808410644531,-2523.024658203125,-2523.02457964106,discharge
26206.025706,48.556480407714844,-52.05545425415039,-2527.629638671875,-2527.6296446063498,discharge
26207.245705999998,48.55497360229492,-52.04167175292969,-2526.882080078125,-2526.8819981827983,discharge
26208.465706,48.553104400634766,-51.981449127197266,-2523.86083984375,-2523.8607263690938,discharge
26209.685706,48.55104446411133,-52.03275680541992,-2526.24462890625,-2526.244689250234,discharge
26210.905705999998,48.550167083740234,-51.94525909423828,-2521.950927734375,-2521.9510082334455,discharge
26212.125706,48.5479736328125,-52.0237922668457,-2525.649658203125,-2525.64969524974,discharge
26213.355706,48.546485900878906,-51.89738464355469,-2519.435546875,-2519.435651890817,discharge
26214.575706,48.54423522949219,-51.988887786865234,-2523.7607421875,-2523.7607980452594,discharge
26215.795705999997,48.54198455810547,-52.03318786621094,-2525.794189453125,-2525.794201910612,discharge
26217.015706,48.540706634521484,-52.00653076171875,-2524.433837890625,-2524.433752783807,discharge
26218.235706,48.53899002075195,-51.99909210205078,-2523.9833984375,-2523.9834126296046,discharge
26219.455705999997,48.53675842285156,-52.01120376586914,-2524.455322265625,-2524.455232465698,discharge
26220.675705999998,48.53538513183594,-52.00023651123047,-2523.8515625,-2523.8515060191276,discharge
26221.895706,48.53351593017578,-52.03270721435547,-2525.330322265625,-2525.3302244780934,discharge
26223.115706,48.53172302246094,-51.99480056762695,-2523.397216796875,-2523.397259756166,discharge
26224.345706,48.53019714355469,-52.0085334777832,-2523.984375,-2523.9843828239827,discharge
26225.565705999998,48.52846145629883,-51.99561309814453,-2523.26708984375,-2523.2671061299334,discharge
26226.785706,48.52611541748047,-52.04296112060547,-2525.442626953125,-2525.4427380059496,discharge
26228.005706,48.52468490600586,-51.973960876464844,-2522.02001953125,-2522.0200748475327,discharge
26229.225705999997,48.522605895996094,-52.02069091796875,-2524.179443359375,-2524.179483850021,discharge
26230.445706,48.52058410644531,-52.06322479248047,-2526.13818359375,-2526.1380773963174,discharge
26231.665706,48.51877212524414,-52.05750274658203,-2525.76611328125,-2525.7661131706845,discharge
26232.885705999997,48.516902923583984,-52.01592254638672,-2523.6513671875,-2523.651464663708,discharge
26234.105706,48.51583480834961,-52.02307891845703,-2523.943115234375,-2523.9431030295964,discharge
26235.335705999998,48.513851165771484,-51.99146270751953,-2522.30615234375,-2522.306083683361,discharge
26236.555706,48.51198196411133,-51.978302001953125,-2521.570556640625,-2521.5704492438817,discharge
26237.775706,48.51051330566406,-51.98822021484375,-2521.975341796875,-2521.975248469971,discharge
26238.995705999998,48.50831985473633,-52.00505065917969,-2522.677734375,-2522.6776314372546,discharge
26240.215706,48.50639343261719,-52.0091552734375,-2522.776611328125,-2522.7765477914363,discharge
26241.435706,48.50452423095703,-52.01559066772461,-2522.991455078125,-2522.9914779301907,discharge
26242.655705999998,48.50271224975586,-52.030418395996094,-2523.616455078125,-2523.6164116954023,discharge
26243.875706,48.501129150390625,-51.98040008544922,-2521.108154296875,-2521.1080978333484,discharge
26245.105706,48.49945068359375,-51.96676254272461,-2520.359375,-2520.359437126899,discharge
26246.325706,48.49775314331055,-51.979400634765625,-2520.884033203125,-2520.884140522103,discharge
26247.545705999997,48.49618911743164,-51.97014617919922,-2520.35400390625,-2520.3540375670127,discharge
26248.765706,48.49458694458008,-51.96614074707031,-2520.076416015625,-2520.076530633087,discharge
26249.985706,48.49262237548828,-51.999237060546875,-2521.579345703125,-2521.579366590595,discharge
26251.205705999997,48.491153717041016,-51.941776275634766,-2518.716552734375,-2518.7166577179596,discharge
26252.425705999998,48.48905563354492,-52.034996032714844,-2523.1279296875,-2523.1278175215994,discharge
26253.645706,48.48743438720703,-51.973388671875,-2520.05615234375,-2520.0562731083483,discharge
26254.865706,48.48562240600586,-52.01802062988281,-2522.126220703125,-2522.126106568321,discharge
26256.095706,48.48337173461914,-52.00166702270508,-2521.216064453125,-2521.2161530816957,discharge
26257.315705999998,48.481807708740234,-52.04997253417969,-2523.476806640625,-2523.4767596473102,discharge
26258.535706,48.47982406616211,-52.022315979003906,-2522.03271484375,-2522.0327261764032,discharge
26259.755706,48.47816467285156,-52.06828308105469,-2524.1748046875,-2524.17480143602,discharge
26260.975705999997,48.476505279541016,-52.05698013305664,-2523.54052734375,-2523.540472257082,discharge
26262.195706,48.47522735595703,-51.98931884765625,-2520.194091796875,-2520.1940512214787,discharge
26263.415706,48.47297668457031,-52.03132629394531,-2522.11328125,-2522.1132663136814,discharge
26264.635705999997,48.471717834472656,-51.97000503540039,-2519.075439453125,-2519.075419932051,discharge
26265.865706,48.470191955566406,-51.93967819213867,-2517.526123046875,-2517.5261720833078,discharge
26267.085705999998,48.468379974365234,-51.991127014160156,-2519.92578125,-2519.9256994177995,discharge
26268.305706,48.46578598022461,-52.003623962402344,-2520.396484375,-2520.396509157872,discharge
26269.525706,48.46414566040039,-51.99851989746094,-2520.063720703125,-2520.063842435775,discharge
26270.745705999998,48.46229553222656,-52.071285247802734,-2523.493896484375,-2523.4940144218854,discharge
26271.965706,48.46048355102539,-52.048065185546875,-2522.2744140625,-2522.2744067868916,discharge
26273.185706,48.45926284790039,-52.00309753417969,-2520.03173828125,-2520.031772313814,discharge
26274.405705999998,48.457298278808594,-52.02341079711914,-2520.913818359375,-2520.9139344769937,discharge
26275.625706,48.45563888549805,-52.01354217529297,-2520.349365234375,-2520.3494168016186,discharge
26276.855706,48.45418930053711,-51.966522216796875,-2517.99560546875,-2517.995704783243,discharge
26278.075706,48.4516716003418,-52.0207405090332,-2520.491943359375,-2520.491835550274,discharge
26279.295705999997,48.450260162353516,-52.02798843383789,-2520.76953125,-2520.7695753433654,discharge
26280.515706,48.4486198425293,-52.04987335205078,-2521.74462890625,-2521.7445268853044,discharge
26281.735706,48.44663619995117,-52.04920959472656,-2521.609130859375,-2521.6091217307257,discharge
26282.955705999997,48.444766998291016,-52.073001861572266,-2522.66455078125,-2522.6644420854427,discharge
26284.175705999998,48.44381332397461,-52.043006896972656,-2521.16162109375,-2521.1617109352665,discharge
26285.395706,48.44118118286133,-52.05712127685547,-2521.70849609375,-2521.708443630341,discharge
26286.625706,48.44017028808594,-51.99017333984375,-2518.412841796875,-2518.412849889137,discharge
26287.845706,48.43862533569336,-52.005672454833984,-2519.083251953125,-2519.0832833704917,discharge
26289.065705999998,48.43660354614258,-51.934959411621094,-2515.552978515625,-2515.553039205697,discharge
26290.285706,48.4349250793457,-52.01964569091797,-2519.567626953125,-2519.5676416937204,discharge
26291.505706,48.43315124511719,-51.9947509765625,-2518.26953125,-2518.269638000056,discharge
26292.725705999997,48.43128204345703,-52.05364227294922,-2521.024658203125,-2521.0246303104213,discharge
26293.945706,48.42964172363281,-52.03714370727539,-2520.14013671875,-2520.140226064541,discharge
26295.165706,48.427734375,-52.043006896972656,-2520.324951171875,-2520.324914082885,discharge
26296.385705999997,48.426170349121094,-52.00886535644531,-2518.590087890625,-2518.5901734157233,discharge
26297.615706,48.42416763305664,-51.96003723144531,-2516.12158203125,-2516.121553115372,discharge
26298.835705999998,48.42262268066406,-52.002952575683594,-2518.119384765625,-2518.119350852794,discharge
26300.055706,48.42130661010742,-51.98507308959961,-2517.18505859375,-2517.185163220347,discharge
26301.275706,48.419227600097656,-51.99308395385742,-2517.46484375,-2517.464965592808,discharge
26302.495705999998,48.417816162109375,-51.97286605834961,-2516.41259765625,-2516.4126742311055,discharge
26303.715706,48.41571807861328,-51.97172164916992,-2516.248291015625,-2516.2482234263734,discharge
26304.935706,48.414039611816406,-51.96704864501953,-2515.934814453125,-2515.9347516091657,discharge
26306.155705999998,48.41224670410156,-51.990745544433594,-2516.98876953125,-2516.9887996272882,discharge
26307.385705999997,48.41020584106445,-51.98020935058594,-2516.37255859375,-2516.3726343234885,discharge
26308.605706,48.408470153808594,-52.02336120605469,-2518.371337890625,-2518.371328244102,discharge
26309.825706,48.40669631958008,-52.04291534423828,-2519.2255859375,-2519.225598654157,discharge
26311.045705999997,48.405399322509766,-51.965999603271484,-2515.43505859375,-2515.4349619897403,discharge
26312.265706,48.403072357177734,-52.01506805419922,-2517.689208984375,-2517.689102690929,discharge
26313.485706,48.40208053588867,-52.00357437133789,-2517.081298828125,-2517.0811948755727,discharge
26314.705705999997,48.400020599365234,-51.99260711669922,-2516.443359375,-2516.4432554629457,discharge
26315.925705999998,48.397979736328125,-52.00724792480469,-2517.045654296875,-2517.04573120689,discharge
26317.145706,48.39639663696289,-52.05554962158203,-2519.301025390625,-2519.3010266411875,discharge
26318.375706,48.395538330078125,-51.986167907714844,-2515.898681640625,-2515.898581611691,discharge
26319.595706,48.39305877685547,-52.016448974609375,-2517.235107421875,-2517.235072591575,discharge
26320.815705999998,48.39151382446289,-51.967857360839844,-2514.80322265625,-2514.803287904797,discharge
26322.035706,48.38935852050781,-52.017066955566406,-2517.072509765625,-2517.0725020981627,discharge
26323.255706,48.38817596435547,-51.94640350341797,-2513.591796875,-2513.5917134388,discharge
26324.475705999997,48.3860969543457,-52.00519561767578,-2516.328369140625,-2516.3284372865746,discharge
26325.695706,48.384761810302734,-51.951454162597656,-2513.65869140625,-2513.658735356148,discharge
26326.915706,48.38218688964844,-52.0838737487793,-2519.931640625,-2519.931713650294,discharge
26328.145706,48.38111877441406,-52.011966705322266,-2516.397216796875,-2516.397138861066,discharge
26329.365706,48.379058837890625,-52.026702880859375,-2517.0029296875,-2517.0029198145494,discharge
26330.585705999998,48.377685546875,-51.98078155517578,-2514.7099609375,-2514.709904557094,discharge
26331.805706,48.37568283081055,-52.06623077392578,-2518.739501953125,-2518.739466115221,discharge
26333.025706,48.37425231933594,-51.958370208740234,-2513.447265625,-2513.4473105790676,discharge
26334.245705999998,48.37268829345703,-51.96929168701172,-2513.894287109375,-2513.8943476075656,discharge
26335.465706,48.37087631225586,-52.04639434814453,-2517.52978515625,-2517.5297035129915,discharge
26336.685706,48.368682861328125,-51.99504089355469,-2514.931640625,-2514.9316433421336,discharge
26337.905705999998,48.3668327331543,-52.04973220825195,-2517.480712890625,-2517.480691521996,discharge
26339.135705999997,48.36565017700195,-52.03866958618164,-2516.884033203125,-2516.884088881852,discharge
26340.355706,48.363895416259766,-52.0335693359375,-2516.546142578125,-2516.5461054979824,discharge
26341.575706,48.36204528808594,-52.027748107910156,-2516.168212890625,-2516.1683102318784,discharge
26342.795705999997,48.36042404174805,-52.019309997558594,-2515.67578125,-2515.675889841077,discharge
26344.015706,48.35832595825195,-52.01711654663086,-2515.460693359375,-2515.4606773703563,discharge
26345.235706,48.356685638427734,-52.04496383666992,-2516.721923828125,-2516.721955313187,discharge
26346.455705999997,48.35481643676758,-52.049591064453125,-2516.848388671875,-2516.848421530449,discharge
26347.675705999998,48.35348129272461,-52.028419494628906,-2515.755126953125,-2515.755208723567,discharge
26348.905705999998,48.351593017578125,-52.025840759277344,-2515.5322265625,-2515.532278789906,discharge
26350.125706,48.350257873535156,-52.03447341918945,-2515.880126953125,-2515.8802081314207,discharge
26351.345706,48.34856033325195,-52.051780700683594,-2516.628662109375,-2516.6286596602004,discharge
26352.565705999998,48.346500396728516,-52.03700256347656,-2515.806884765625,-2515.8069650796824,discharge
26353.785706,48.34493637084961,-52.001953125,-2514.031005859375,-2514.031114988029,discharge
26355.005706,48.343563079833984,-51.990272521972656,-2513.39501953125,-2513.3950192037446,discharge
26356.225705999997,48.34098815917969,-52.064849853515625,-2516.8662109375,-2516.866290278267,discharge
26357.445706,48.34005355834961,-52.011634826660156,-2514.2451171875,-2514.2452131780738,discharge
26358.665706,48.33772659301758,-52.037193298339844,-2515.359619140625,-2515.359622323158,discharge
26359.895706,48.336734771728516,-52.07142639160156,-2516.962646484375,-2516.962726676429,discharge
26361.115706,48.335208892822266,-51.99079513549805,-2512.98583984375,-2512.985943378226,discharge
26362.335705999998,48.332881927490234,-52.04529571533203,-2515.4990234375,-2515.4991326904565,discharge
26363.555706,48.330535888671875,-52.07905578613281,-2517.0087890625,-2517.0086747198366,discharge
26364.775706,48.3289909362793,-52.076576232910156,-2516.808349609375,-2516.808380752773,discharge
26365.995705999998,48.32754135131836,-52.03390121459961,-2514.67041015625,-2514.670512618977,discharge
26367.215706,48.32622528076172,-52.02293395996094,-2514.072021484375,-2514.0720263152616,discharge
26368.435706,48.32460403442383,-51.99608612060547,-2512.690185546875,-2512.69027311806,discharge
26369.665706,48.32235336303711,-52.02188491821289,-2513.81982421875,-2513.819905629134,discharge
26370.885705999997,48.320770263671875,-52.005577087402344,-2512.949462890625,-2512.9495428700466,discharge
26372.105706,48.3192253112793,-51.985313415527344,-2511.89013671875,-2511.890071802336,discharge
26373.325706,48.317604064941406,-51.954078674316406,-2510.296630859375,-2510.296602944436,discharge
26374.545705999997,48.31560134887695,-52.0233154296875,-2513.537841796875,-2513.5377691476606,discharge
26375.765706,48.31371307373047,-52.062034606933594,-2515.310302734375,-2515.3102020340157,discharge
26376.985706,48.312034606933594,-52.013397216796875,-2512.873046875,-2512.873046362074,discharge
26378.205705999997,48.31045150756836,-52.012969970703125,-2512.77001953125,-2512.7700635342626,discharge
26379.425705999998,48.308963775634766,-52.01606750488281,-2512.84228515625,-2512.8423208443564,discharge
26380.655705999998,48.307456970214844,-51.97815704345703,-2510.9326171875,-2510.93258476787,discharge
26381.875706,48.30568313598633,-52.02150344848633,-2512.934326171875,-2512.9342618402006,discharge
26383.095706,48.303565979003906,-52.05984115600586,-2514.676025390625,-2514.675972135592,discharge
26384.315705999998,48.30181121826172,-51.997947692871094,-2511.594970703125,-2511.595053198107,discharge
26385.535706,48.299808502197266,-52.077911376953125,-2515.35302734375,-2515.3531467012363,discharge
26386.755706,48.29841613769531,-52.02836990356445,-2512.887939453125,-2512.8878605682985,discharge
26387.975705999997,48.29704284667969,-51.94134521484375,-2508.61328125,-2508.6133753554896,discharge
26389.195706,48.294944763183594,-52.05259323120117,-2513.877197265625,-2513.877114881325,discharge
26390.425705999998,48.29275131225586,-52.10247039794922,-2516.171630859375,-2516.171645682334,discharge
26391.645706,48.29139709472656,-52.055213928222656,-2513.819091796875,-2513.8190066587413,discharge
26392.865706,48.289432525634766,-52.07929611206055,-2514.879638671875,-2514.8796555859008,discharge
26394.085705999998,48.288612365722656,-51.99675750732422,-2510.851318359375,-2510.8512675456586,discharge
26395.305706,48.2867431640625,-52.03380584716797,-2512.54296875,-2512.5430187908933,discharge
26396.525706,48.28493118286133,-52.050018310546875,-2513.2314453125,-2513.231552191428,discharge
26397.745705999998,48.283042907714844,-52.002479553222656,-2510.837890625,-2510.8379515758133,discharge
26398.965706,48.28176498413086,-51.98302459716797,-2509.832275390625,-2509.8321767647576,discharge
26400.185706,48.28004837036133,-51.947357177734375,-2508.02099609375,-2508.0209172534524,discharge
26401.415706,48.277530670166016,-52.04010009765625,-2512.367431640625,-2512.367528543109,discharge
26402.635705999997,48.27566146850586,-52.08091735839844,-2514.24072265625,-2514.2407353632734,discharge
26403.855706,48.274574279785156,-52.059410095214844,-2513.145751953125,-2513.145859603246,discharge
26405.075706,48.27299118041992,-51.969146728515625,-2508.7060546875,-2508.7061616795836,discharge
26406.295705999997,48.27095031738281,-52.02665328979492,-2511.3759765625,-2511.3759961313917,discharge
26407.515706,48.26986312866211,-51.981781005859375,-2509.153564453125,-2509.15345433692,discharge
26408.735706,48.267669677734375,-52.068946838378906,-2513.246826171875,-2513.2467264623847,discharge
26409.955705999997,48.26627731323242,-52.01640319824219,-2510.63818359375,-2510.6381416032673,discharge
26411.185706,48.264713287353516,-51.98812484741211,-2509.19189453125,-2509.1919401074847,discharge
26412.405705999998,48.26261520385742,-51.985740661621094,-2508.9677734375,-2508.967797639343,discharge
26413.625706,48.261260986328125,-51.928855895996094,-2506.152099609375,-2506.1520671180915,discharge
26414.845706,48.25925827026367,-51.995182037353516,-2509.2490234375,-2509.2489187500178,discharge
26416.065705999998,48.2579231262207,-51.94640350341797,-2506.825439453125,-2506.825546951586,discharge
26417.285706,48.25569152832031,-52.013492584228516,-2509.947021484375,-2509.9470534551074,discharge
26418.505706,48.25458526611328,-51.98097229003906,-2508.3203125,-2508.3202595851617,discharge
26419.725705999997,48.25202941894531,-52.04181671142578,-2511.123291015625,-2511.1232709750766,discharge
26420.945706,48.25096130371094,-51.978065490722656,-2507.99169921875,-2507.9916266346117,discharge
26422.175705999998,48.248958587646484,-52.04181671142578,-2510.96337890625,-2510.9634593354713,discharge
26423.395706,48.247337341308594,-52.02613067626953,-2510.122314453125,-2510.1222773009795,discharge
26424.615706,48.24502944946289,-52.07057189941406,-2512.146240234375,-2512.1462747376063,discharge
26425.835705999998,48.24399948120117,-52.01782989501953,-2509.548095703125,-2509.548158468533,discharge
26427.055706,48.24195861816406,-52.07896423339844,-2512.391357421875,-2512.3912374244537,discharge
26428.275706,48.240394592285156,-52.01964569091797,-2509.4482421875,-2509.448234680749,discharge
26429.495705999998,48.239192962646484,-51.9725341796875,-2507.113037109375,-2507.113105051685,discharge
26430.715706,48.237571716308594,-51.979400634765625,-2507.360107421875,-2507.3600658902433,discharge
26431.945706,48.23554992675781,-51.96113586425781,-2506.3740234375,-2506.3739632314537,discharge
26433.165706,48.23406219482422,-51.99918746948242,-2508.132080078125,-2508.1320424833393,discharge
26434.385705999997,48.231563568115234,-52.058937072753906,-2510.884033203125,-2510.883932713041,discharge
26435.605706,48.230648040771484,-51.98120880126953,-2507.08740234375,-2507.0873864278838,discharge
26436.825706,48.22854995727539,-51.987552642822266,-2507.2841796875,-2507.284279790838,discharge
26438.045705999997,48.22685241699219,-51.99341583251953,-2507.478759765625,-2507.4787920102244,discharge
26439.265706,48.22521209716797,-52.01559066772461,-2508.462890625,-2508.46289231049,discharge
26440.485706,48.22364807128906,-51.995182037353516,-2507.3974609375,-2507.3973599719466,discharge
26441.705705999997,48.22193145751953,-51.968955993652344,-2506.04345703125,-2506.043433844752,discharge
26442.935706,48.22040557861328,-51.95455551147461,-2505.269775390625,-2505.2697384198837,discharge
26444.155705999998,48.21809768676758,-52.03032684326172,-2508.803466796875,-2508.803382402839,discharge
26445.375706,48.21697235107422,-52.023841857910156,-2508.43212890625,-2508.4321444595116,discharge
26446.595706,48.21502685546875,-52.030372619628906,-2508.645751953125,-2508.6458131554537,discharge
26447.815705999998,48.21290969848633,-52.02812957763672,-2508.427490234375,-2508.4275131077447,discharge
26449.035706,48.21147918701172,-52.01396942138672,-2507.67041015625,-2507.6704041930498,discharge
26450.255706,48.209800720214844,-52.01921463012695,-2507.8359375,-2507.835970940505,discharge
26451.475705999997,48.2078742980957,-52.03828811645508,-2508.6552734375,-2508.655252206154,discharge
26452.695706,48.206214904785156,-52.023887634277344,-2507.874755859375,-2507.8747074803687,discharge
26453.925705999998,48.20463180541992,-52.00347900390625,-2506.80859375,-2506.8085579841863,discharge
26455.145706,48.20281982421875,-52.01549530029297,-2507.29345703125,-2507.293548027519,discharge
26456.365706,48.201026916503906,-52.042152404785156,-2508.485107421875,-2508.485188855848,discharge
26457.585705999998,48.1999397277832,-52.024173736572266,-2507.56201171875,-2507.562038490505,discharge
26458.805706,48.197784423828125,-52.03938293457031,-2508.182861328125,-2508.18296022946,discharge
26460.025706,48.19589614868164,-52.03971862792969,-2508.100830078125,-2508.1008745983127,discharge
26461.245705999998,48.194236755371094,-52.03528594970703,-2507.80078125,-2507.8008906936157,discharge
26462.465706,48.193206787109375,-51.98860168457031,-2505.497314453125,-2505.49743155716,discharge
26463.695706,48.191070556640625,-51.98373794555664,-2505.152099609375,-2505.1519831322366,discharge
26464.915706,48.189735412597656,-51.980735778808594,-2504.93798828125,-2504.9379037329345,discharge
26466.135705999997,48.18807601928711,-51.94988250732422,-2503.364990234375,-2503.364887455973,discharge
26467.355706,48.18605422973633,-51.982784271240234,-2504.84521484375,-2504.8452619066666,discharge
26468.575706,48.18464279174805,-51.936004638671875,-2502.517822265625,-2502.517831544974,discharge
26469.795705999997,48.182716369628906,-52.012062072753906,-2506.08251953125,-2506.0824346510344,discharge
26471.015706,48.1810188293457,-52.01072692871094,-2505.929931640625,-2505.9298134801793,discharge
26472.235706,48.17899703979492,-52.03065872192383,-2506.784912109375,-2506.784952542148,discharge
26473.455705999997,48.177490234375,-52.01411437988281,-2505.909423828125,-2505.9094875864685,discharge
26474.685706,48.17605972290039,-51.99565887451172,-2504.946044921875,-2504.9459672700323,discharge
26475.905705999998,48.173370361328125,-52.05059051513672,-2507.452392578125,-2507.452374411514,discharge
26477.125706,48.1721305847168,-52.04267501831055,-2507.006591796875,-2507.0065369600343,discharge
26478.345706,48.17039489746094,-52.00199890136719,-2504.956787109375,-2504.9568225361872,discharge
26479.565705999998,48.1689453125,-51.957130432128906,-2502.72021484375,-2502.720174379647,discharge
26480.785706,48.167266845703125,-52.05039978027344,-2507.12548828125,-2507.125495641958,discharge
26482.005706,48.16518783569336,-51.99899673461914,-2504.54150390625,-2504.5414449905365,discharge
26483.225705999997,48.16383361816406,-52.04014587402344,-2506.452880859375,-2506.452927341452,discharge
26484.455705999997,48.16211700439453,-52.018310546875,-2505.31201171875,-2505.311958929524,discharge
26485.675705999998,48.160247802734375,-52.04944610595703,-2506.714111328125,-2506.7142224579584,discharge
26486.895706,48.1585693359375,-52.03175354003906,-2505.77490234375,-2505.7748105283827,discharge
26488.115706,48.156795501708984,-52.017738342285156,-2505.007568359375,-2505.007587810833,discharge
26489.335705999998,48.15553665161133,-51.95465087890625,-2501.904052734375,-2501.9040946208406,discharge
26490.555706,48.15406799316406,-51.95393371582031,-2501.793212890625,-2501.79325666395,discharge
26491.775706,48.151893615722656,-52.030181884765625,-2505.351806640625,-2505.3517829219345,discharge
26492.995705999998,48.15011978149414,-52.0518798828125,-2506.30419921875,-2506.304251209367,discharge
26494.215706,48.14868927001953,-52.02951431274414,-2505.15283203125,-2505.1529175143514,discharge
26495.445706,48.14687728881836,-52.01311111450195,-2504.268798828125,-2504.2688782396,discharge
26496.665706,48.144989013671875,-52.0054817199707,-2503.803466796875,-2503.803346058703,discharge
26497.885705999997,48.14361572265625,-51.98435974121094,-2502.715087890625,-2502.7150389691815,discharge
26499.105706,48.14149856567383,-52.03709411621094,-2505.143798828125,-2505.143691757403,discharge
26500.325706,48.139896392822266,-52.033042907714844,-2504.865234375,-2504.865294580668,discharge
26501.545705999997,48.138771057128906,-52.03318786621094,-2504.813720703125,-2504.813718064106,discharge
26502.765706,48.13703536987305,-51.969337463378906,-2501.64990234375,-2501.649835623539,discharge
26503.985706,48.134708404541016,-52.03752517700195,-2504.81103515625,-2504.8111004889506,discharge
26505.215706,48.133201599121094,-52.015113830566406,-2503.654052734375,-2503.6539602078847,discharge
26506.435706,48.131351470947266,-52.0146369934082,-2503.53466796875,-2503.534774763466,discharge
26507.655705999998,48.12995910644531,-51.95269775390625,-2500.481201171875,-2500.481218365021,discharge
26508.875706,48.128414154052734,-51.95660400390625,-2500.5888671875,-2500.5889555381145,discharge
26510.095706,48.1266975402832,-51.96442413330078,-2500.876220703125,-2500.87612311836,discharge
26511.315705999998,48.12492370605469,-52.03556823730469,-2504.207763671875,-2504.2077514214907,discharge
26512.535706,48.12288284301758,-52.02613067626953,-2503.6474609375,-2503.6473913096415,discharge
26513.755706,48.12082290649414,-52.07667541503906,-2505.972412109375,-2505.972475206072,discharge
26514.975705999997,48.1196403503418,-52.01416015625,-2502.902587890625,-2502.902679843828,discharge
26516.205705999997,48.11756134033203,-52.0416259765625,-2504.1162109375,-2504.116130177863,discharge
26517.425705999998,48.11626434326172,-52.01191711425781,-2502.619140625,-2502.619152869447,discharge
26518.645706,48.114471435546875,-51.9871711730957,-2501.335205078125,-2501.335262422799,discharge
26519.865706,48.112754821777344,-52.052833557128906,-2504.4052734375,-2504.4052187129273,discharge
26521.085705999998,48.11117172241211,-52.06141662597656,-2504.73583984375,-2504.7357554043992,discharge
26522.305706,48.10914993286133,-52.05812454223633,-2504.47216796875,-2504.4721188260155,discharge
26523.525706,48.10747146606445,-52.02002716064453,-2502.552001953125,-2502.5519722946046,discharge
26524.745705999998,48.10636520385742,-51.96352005004883,-2499.776123046875,-2499.7760728056164,discharge
26525.975705999997,48.10527801513672,-51.93486022949219,-2498.3408203125,-2498.340890016989,discharge
26527.195706,48.102359771728516,-52.037811279296875,-2503.1416015625,-2503.1415198900504,discharge
26528.415706,48.10117721557617,-51.98631286621094,-2500.602783203125,-2500.602847962,discharge
26529.635705999997,48.099517822265625,-52.05516815185547,-2503.828369140625,-2503.828488261206,discharge
26530.855706,48.097782135009766,-52.056739807128906,-2503.813720703125,-2503.8137299021764,discharge
26532.075706,48.09581756591797,-52.024173736572266,-2502.145263671875,-2502.1451690518006,discharge
26533.295705999997,48.094329833984375,-52.03437805175781,-2502.55859375,-2502.5585407274775,discharge
26534.515706,48.092613220214844,-51.95613098144531,-2498.7060546875,-2498.706111709471,discharge
26535.735706,48.09144973754883,-51.933433532714844,-2497.55419921875,-2497.554108436889,discharge
26536.965706,48.089256286621094,-52.00352478027344,-2500.810791015625,-2500.8108309662202,discharge
26538.185706,48.08795928955078,-52.000953674316406,-2500.61962890625,-2500.6197433083435,discharge
26539.405705999998,48.085994720458984,-51.96747589111328,-2498.90771484375,-2498.907771335653,discharge
26540.625706,48.084049224853516,-52.035667419433594,-2502.085693359375,-2502.0855936441512,discharge
26541.845706,48.082332611083984,-52.00543212890625,-2500.54248046875,-2500.542485205224,discharge
26543.065705999998,48.08053970336914,-52.05970001220703,-2503.05859375,-2503.058473382407,discharge
26544.285706,48.079166412353516,-51.980018615722656,-2499.156005859375,-2499.155965142563,discharge
26545.505706,48.07737350463867,-52.02608108520508,-2501.27734375,-2501.277332316022,discharge
26546.735706,48.0760383605957,-51.946876525878906,-2497.400146484375,-2497.4000285712827,discharge
26547.955705999997,48.07392120361328,-52.022216796875,-2500.911865234375,-2500.911951130256,discharge
26549.175705999998,48.07241439819336,-52.0274658203125,-2501.0859375,-2501.0858970019035,discharge
26550.395706,48.070716857910156,-52.040245056152344,-2501.61181640625,-2501.611885310558,discharge
26551.615706,48.06907653808594,-52.0543098449707,-2502.20263671875,-2502.202604075137,discharge
26552.835705999998,48.06732177734375,-52.02903747558594,-2500.896484375,-2500.896486104466,discharge
26554.055706,48.06591033935547,-52.00152587890625,-2499.500732421875,-2499.500680405181,discharge
26555.275706,48.06419372558594,-51.935672760009766,-2496.246337890625,-2496.246236805746,discharge
26556.495705999998,48.062076568603516,-51.966331481933594,-2497.60986328125,-2497.609802674124,discharge
26557.725705999997,48.060646057128906,-52.022552490234375,-2500.237548828125,-2500.2374822215643,discharge
26558.945706,48.058719635009766,-52.03776550292969,-2500.868408203125,-2500.868382737681,discharge
26560.165706,48.057289123535156,-52.01377868652344,-2499.64111328125,-2499.6412007458275,discharge
26561.385705999997,48.055458068847656,-51.99971008300781,-2498.869873046875,-2498.8698874862166,discharge
26562.605706,48.05427551269531,-51.997901916503906,-2498.721435546875,-2498.7215047777863,discharge
26563.825706,48.051719665527344,-52.0411491394043,-2500.666748046875,-2500.666709518555,discharge
26565.045705999997,48.050498962402344,-52.01387405395508,-2499.29248046875,-2499.2926012600947,discharge
26566.265706,48.04903030395508,-51.94850158691406,-2496.0751953125,-2496.0751269946923,discharge
26567.495705999998,48.04655075073242,-52.078102111816406,-2502.173095703125,-2502.1731761172123,discharge
26568.715706,48.04546356201172,-52.029754638671875,-2499.793701171875,-2499.7936806327198,discharge
26569.935706,48.04340362548828,-52.034759521484375,-2499.927001953125,-2499.9269542458933,discharge
26571.155705999998,48.04170608520508,-52.0701904296875,-2501.540771484375,-2501.540784423705,discharge
26572.375706,48.040504455566406,-51.98292541503906,-2497.285888671875,-2497.2859600145603,discharge
26573.595706,48.038997650146484,-51.98340606689453,-2497.230712890625,-2497.230721894157,discharge
26574.815705999998,48.03730010986328,-51.92523193359375,-2494.347900390625,-2494.3479496682994,discharge
26576.035706,48.03510665893555,-51.99394226074219,-2497.53466796875,-2497.5345621132874,discharge
26577.255706,48.033409118652344,-52.03084945678711,-2499.218994140625,-2499.2190787488653,discharge
26578.485706,48.03171157836914,-52.05192565917969,-2500.14306640625,-2500.1430803604308,discharge
26579.705705999997,48.030357360839844,-51.99742126464844,-2497.454833984375,-2497.4547251831973,discharge
26580.925705999998,48.02818298339844,-52.060604095458984,-2500.376220703125,-2500.376219722966,discharge
26582.145706,48.026161193847656,-52.076866149902344,-2501.052001953125,-2501.0519681856385,discharge
26583.365706,48.025054931640625,-51.99742126464844,-2497.178955078125,-2497.1790125383995,discharge
26584.585705999998,48.02339553833008,-51.97629928588867,-2496.078369140625,-2496.078379224855,discharge
26585.805706,48.02186965942383,-52.00033187866211,-2497.153076171875,-2497.1531597238936,discharge
26587.025706,48.019466400146484,-52.03766632080078,-2498.821044921875,-2498.8209694337274,discharge
26588.255706,48.01868438720703,-52.003334045410156,-2497.131591796875,-2497.1316846090485,discharge
26589.475705999997,48.0168342590332,-51.9871711730957,-2496.25927734375,-2496.259381814525,discharge
26590.695706,48.01525115966797,-51.964141845703125,-2495.0712890625,-2495.071322018048,discharge
26591.915706,48.01309585571289,-52.01487731933594,-2497.395263671875,-2497.3952906564227,discharge
26593.135705999997,48.01145553588867,-51.985313415527344,-2495.890625,-2495.890563568828,discharge
26594.355706,48.009891510009766,-52.013301849365234,-2497.153076171875,-2497.152978865415,discharge
26595.575706,48.00819396972656,-52.002098083496094,-2496.52685546875,-2496.5268116252264,discharge
26596.795705999997,48.00666809082031,-51.996849060058594,-2496.195556640625,-2496.195474594715,discharge
26598.015706,48.00468444824219,-51.9953727722168,-2496.021484375,-2496.021462698991,discharge
26599.245705999998,48.00310134887695,-52.04529571533203,-2498.335693359375,-2498.335604955355,discharge
26600.465706,48.001365661621094,-52.01711654663086,-2496.892578125,-2496.892632017989,discharge
26601.685706,47.999935150146484,-52.02445983886719,-2497.170654296875,-2497.170698487025,discharge
26602.905705999998,47.99787521362305,-52.04658508300781,-2498.12548828125,-2498.1254961094237,discharge
26604.125706,47.996559143066406,-52.031471252441406,-2497.33154296875,-2497.3315872685635,discharge
26605.345706,47.99501419067383,-52.01811981201172,-2496.6103515625,-2496.610398549674,discharge
26606.565705999998,47.99318313598633,-52.033424377441406,-2497.249755859375,-2497.249665339041,discharge
26607.785706,47.99135208129883,-52.0451545715332,-2497.71728515625,-2497.717337168069,discharge
26609.015706,47.99028396606445,-51.992271423339844,-2495.123779296875,-2495.123869646777,discharge
26610.235706,47.9881477355957,-51.97987365722656,-2494.41796875,-2494.4178563405876,discharge
26611.455705999997,47.9863166809082,-51.97272491455078,-2493.979736328125,-2493.9796365193615,discharge
26612.675705999998,47.984657287597656,-51.99089050292969,-2494.76513671875,-2494.765062860097,discharge
26613.895706,47.98351287841797,-51.95779800415039,-2493.11767578125,-2493.1176696663897,discharge
26615.115706,47.98128128051758,-51.979400634765625,-2494.038330078125,-2494.0382426494034,discharge
26616.335705999998,47.97950744628906,-52.012489318847656,-2495.53369140625,-2495.5336185736815,discharge
26617.555706,47.97780990600586,-52.020118713378906,-2495.811279296875,-2495.8113669183513,discharge
26618.775706,47.97628402709961,-51.976539611816406,-2493.64111328125,-2493.6412271622976,discharge
26620.005706,47.97447204589844,-51.995704650878906,-2494.466552734375,-2494.4664792803815,discharge
26621.225705999997,47.972965240478516,-52.01559066772461,-2495.342041015625,-2495.3421230657113,discharge
26622.445706,47.971534729003906,-51.9755859375,-2493.3486328125,-2493.3486258611083,discharge
26623.665706,47.96974182128906,-51.982643127441406,-2493.593994140625,-2493.5939700115705,discharge
26624.885705999997,47.96781539916992,-52.00657653808594,-2494.641845703125,-2494.641862921708,discharge
26626.105706,47.96699523925781,-51.90434265136719,-2489.6953125,-2489.695356854936,discharge
26627.325706,47.964820861816406,-51.97019577026367,-2492.7412109375,-2492.7411302742257,discharge
26628.545705999997,47.96276092529297,-51.992225646972656,-2493.690673828125,-2493.690688679635,discharge
26629.775706,47.961082458496094,-52.00338363647461,-2494.138671875,-2494.138570709765,discharge
26630.995705999998,47.959537506103516,-52.01220703125,-2494.4814453125,-2494.4813938904554,discharge
26632.215706,47.957515716552734,-52.01935577392578,-2494.718994140625,-2494.719072092994,discharge
26633.435706,47.95574188232422,-51.99742126464844,-2493.574951171875,-2493.574912713957,discharge
26634.655705999998,47.95417785644531,-52.024696350097656,-2494.801513671875,-2494.8015417001443,discharge
26635.875706,47.9527473449707,-52.02240753173828,-2494.617431640625,-2494.617364646547,discharge
26637.095706,47.9509162902832,-51.98741149902344,-2492.843994140625,-2492.8440169381793,discharge
26638.315705999998,47.94939041137695,-51.98359680175781,-2492.581787109375,-2492.5817780350917,discharge
26639.535706,47.94731140136719,-52.031517028808594,-2494.771240234375,-2494.7713496658253,discharge
26640.765706,47.945804595947266,-52.00834274291992,-2493.581787109375,-2493.5818385110906,discharge
26641.985706,47.94403076171875,-52.023983001708984,-2494.239501953125,-2494.239441381069,discharge
26643.205705999997,47.94231414794922,-51.997520446777344,-2492.88134765625,-2492.8814601738122,discharge
26644.425705999998,47.941226959228516,-51.926422119140625,-2489.41650390625,-2489.4163879944244,discharge
26645.645706,47.939205169677734,-51.949073791503906,-2490.397216796875,-2490.397306865634,discharge
26646.865706,47.93752670288086,-51.95574951171875,-2490.630126953125,-2490.6301295862067,discharge
26648.085705999998,47.93630599975586,-51.966712951660156,-2491.09228515625,-2491.0922538522573,discharge
26649.305706,47.93428421020508,-51.98292541503906,-2491.764404296875,-2491.764320922375,discharge
26650.535706,47.93254852294922,-51.960227966308594,-2490.586181640625,-2490.5861482585897,discharge
26651.755706,47.931461334228516,-51.898765563964844,-2487.583740234375,-2487.5836749233713,discharge
26652.975705999997,47.92928695678711,-51.94134521484375,-2489.51171875,-2489.511639723787,discharge
26654.195706,47.92776107788086,-51.947021484375,-2489.704345703125,-2489.704434410669,discharge
26655.415706,47.92579650878906,-51.97172164916992,-2490.7861328125,-2490.786155969545,discharge
26656.635705999997,47.92428970336914,-51.99360656738281,-2491.756591796875,-2491.7566638582502,discharge
26657.855706,47.92257308959961,-51.97071838378906,-2490.570556640625,-2490.5705502661294,discharge
26659.075706,47.920894622802734,-51.9312858581543,-2488.59375,-2488.593677235258,discharge
26660.295705999997,47.91881561279297,-52.00042724609375,-2491.798828125,-2491.798884992022,discharge
26661.525706,47.91685104370117,-51.96218490600586,-2489.8642578125,-2489.86427404634,discharge
26662.745705999998,47.91587829589844,-51.92718505859375,-2488.13671875,-2488.136679516174,discharge
26663.965706,47.91389465332031,-51.95770263671875,-2489.495849609375,-2489.495890564285,discharge
26665.185706,47.91236877441406,-51.96113586425781,-2489.5810546875,-2489.5811034657527,discharge
26666.405705999998,47.91032791137695,-51.97563171386719,-2490.169677734375,-2490.1695588123403,discharge
26667.625706,47.90895462036133,-51.95841979980469,-2489.273681640625,-2489.2735763345263,discharge
26668.845706,47.906341552734375,-52.06150817871094,-2494.076416015625,-2494.0763925598003,discharge
26670.065705999998,47.90515899658203,-52.05464172363281,-2493.685791015625,-2493.685888280743,discharge
26671.285706,47.904109954833984,-52.02784729003906,-2492.34765625,-2492.3477172953426,discharge
26672.515706,47.90210723876953,-52.0008544921875,-2490.950439453125,-2490.950508392416,discharge
26673.735706,47.90016174316406,-52.03242492675781,-2492.361572265625,-2492.3615698807407,discharge
26674.955705999997,47.8986930847168,-52.06761169433594,-2493.970458984375,-2493.970552201208,discharge
26676.175705999998,47.89731979370117,-52.016021728515625,-2491.427978515625,-2491.4280271268217,discharge
26677.395706,47.895050048828125,-52.081966400146484,-2494.468505859375,-2494.4683873764006,discharge
26678.615706,47.89339065551758,-52.045345306396484,-2492.628173828125,-2492.628054560555,discharge
26679.835705999998,47.89207458496094,-52.00724792480469,-2490.735107421875,-2490.734996573301,discharge
26681.055706,47.890472412109375,-52.02269744873047,-2491.3916015625,-2491.3915569719393,discharge
26682.285706,47.8887939453125,-51.995182037353516,-2489.986572265625,-2489.9865587358363,discharge
26683.505706,47.88736343383789,-51.990509033203125,-2489.6884765625,-2489.68840118323,discharge
26684.725705999997,47.88557052612305,-51.94468688964844,-2487.40087890625,-2487.4009675116395,discharge
26685.945706,47.8837776184082,-51.955078125,-2487.805419921875,-2487.8054070845246,discharge
26687.165706,47.882137298583984,-51.979827880859375,-2488.9052734375,-2488.9052553480724,discharge
26688.385705999997,47.88002014160156,-52.06074523925781,-2492.66943359375,-2492.6695306424517,discharge
26689.605706,47.878875732421875,-52.01263427734375,-2490.306396484375,-2490.306453080848,discharge
26690.825706,47.876625061035156,-52.04005432128906,-2491.502197265625,-2491.502168896259,discharge
26692.045705999997,47.8748893737793,-52.05340576171875,-2492.051025390625,-2492.051042370731,discharge
26693.275706,47.87391662597656,-51.97429656982422,-2488.213134765625,-2488.2131406775443,discharge
26694.495705999998,47.8724479675293,-51.93052291870117,-2486.041259765625,-2486.0412563521095,discharge
26695.715706,47.870521545410156,-51.97367858886719,-2488.007080078125,-2488.007100682589,discharge
26696.935706,47.868690490722656,-52.01568603515625,-2489.9228515625,-2489.9227754794993,discharge
26698.155705999998,47.86703109741211,-52.047874450683594,-2491.377197265625,-2491.377224885073,discharge
26699.375706,47.864627838134766,-52.08611297607422,-2493.08251953125,-2493.0824131348345,discharge
26700.595706,47.86365509033203,-51.98693084716797,-2488.284423828125,-2488.2845272737904,discharge
26701.815705999998,47.86205291748047,-52.01282501220703,-2489.440673828125,-2489.4405831219046,discharge
26703.045705999997,47.86020278930664,-52.065704345703125,-2491.875244140625,-2491.8751683534356,discharge
26704.265706,47.85869598388672,-52.030086517333984,-2490.092041015625,-2490.0920926484105,discharge
26705.485706,47.8569221496582,-52.003334045410156,-2488.719482421875,-2488.719508933864,discharge
26706.705705999997,47.85572052001953,-52.01377868652344,-2489.15673828125,-2489.156856012414,discharge
26707.925705999998,47.85398483276367,-51.966522216796875,-2486.80517578125,-2486.805165974074,discharge
26709.145706,47.851905822753906,-52.002620697021484,-2488.424560546875,-2488.424508130265,discharge
26710.365706,47.850399017333984,-52.027366638183594,-2489.5302734375,-2489.530253458215,discharge
26711.585705999998,47.84879684448242,-52.01172637939453,-2488.698486328125,-2488.698529058456,discharge
26712.805706,47.8474235534668,-52.004005432128906,-2488.257568359375,-2488.25767438786,discharge
26714.035706,47.84517288208008,-52.030517578125,-2489.4091796875,-2489.409108669497,discharge
26715.255706,47.84351348876953,-52.03289794921875,-2489.436767578125,-2489.4366548932157,discharge
26716.475705999997,47.84177780151367,-52.05616760253906,-2490.459716796875,-2490.4596036390285,discharge
26717.695706,47.840538024902344,-51.953792572021484,-2485.497314453125,-2485.4973890796828,discharge
26718.915706,47.838382720947266,-51.96418762207031,-2485.8828125,-2485.88269524771,discharge
26720.135705999997,47.83653259277344,-52.080772399902344,-2491.363525390625,-2491.3635663647437,discharge
26721.355706,47.8349494934082,-52.02555847167969,-2488.639892578125,-2488.639961859153,discharge
26722.575706,47.83315658569336,-52.054595947265625,-2489.935546875,-2489.9356389505556,discharge
26723.805706,47.83170700073242,-52.02531814575195,-2488.459716796875,-2488.459774167495,discharge
26725.025706,47.8303337097168,-51.98469161987305,-2486.445068359375,-2486.445147975246,discharge
26726.245705999998,47.82838821411133,-51.99932861328125,-2487.044189453125,-2487.044075789163,discharge
26727.465706,47.82672882080078,-52.030372619628906,-2488.442626953125,-2488.4425217242097,discharge
26728.685706,47.825069427490234,-52.026031494140625,-2488.148681640625,-2488.148568244069,discharge
26729.905705999998,47.823028564453125,-52.06804275512695,-2490.051513671875,-2490.051495973603,discharge
26731.125706,47.82218933105469,-51.988365173339844,-2486.197509765625,-2486.1974423314678,discharge
26732.345706,47.820396423339844,-51.957366943359375,-2484.621826171875,-2484.6218843443785,discharge
26733.565705999998,47.81877517700195,-51.954078674316406,-2484.38037109375,-2484.380407655408,discharge
26734.795705999997,47.81658172607422,-52.02980041503906,-2487.88720703125,-2487.8872037370456,discharge
26736.015706,47.81505584716797,-51.979209899902344,-2485.388916015625,-2485.3888242554967,discharge
26737.235706,47.81360626220703,-52.00390625,-2486.494384765625,-2486.4942975342274,discharge
26738.455705999997,47.81209945678711,-52.001190185546875,-2486.2861328125,-2486.286077022669,discharge
26739.675705999998,47.80986785888672,-51.99436950683594,-2485.843994140625,-2485.843935527955,discharge
26740.895706,47.80851364135742,-52.06308364868164,-2489.05859375,-2489.0586448291288,discharge
26742.115706,47.80717849731445,-52.0111083984375,-2486.50439453125,-2486.5043430472724,discharge
26743.335705999998,47.80546188354492,-51.98435974121094,-2485.13623046875,-2485.1363281489466,discharge
26744.565705999998,47.803382873535156,-52.041099548339844,-2487.74072265625,-2487.740606869047,discharge
26745.785706,47.80244827270508,-51.94807052612305,-2483.244873046875,-2483.244954191832,discharge
26747.005706,47.800235748291016,-51.94487762451172,-2482.977294921875,-2482.977396367787,discharge
26748.225705999997,47.798423767089844,-51.988555908203125,-2484.970947265625,-2484.9710263393354,discharge
26749.445706,47.79644012451172,-52.03742980957031,-2487.203857421875,-2487.2038981266087,discharge
26750.665706,47.79472351074219,-52.03714370727539,-2487.100830078125,-2487.100895777985,discharge
26751.885705999997,47.79346466064453,-52.007293701171875,-2485.608642578125,-2485.608753602719,discharge
26753.105706,47.79212951660156,-51.995182037353516,-2484.96044921875,-2484.9604741684743,discharge
26754.325706,47.789459228515625,-52.03509521484375,-2486.72900390625,-2486.729061221704,discharge
26755.555706,47.788734436035156,-51.927520751953125,-2481.550537109375,-2481.5504991367925,discharge
26756.775706,47.78675079345703,-51.96910095214844,-2483.4345703125,-2483.434476160328,discharge
26757.995705999998,47.7850341796875,-52.0024299621582,-2484.93798828125,-2484.937893168535,discharge
26759.215706,47.78301239013672,-52.03099060058594,-2486.197509765625,-2486.197468538885,discharge
26760.435706,47.781429290771484,-52.05831527709961,-2487.420654296875,-2487.420710409424,discharge
26761.655705999998,47.78007507324219,-51.968238830566406,-2483.04638671875,-2483.0463527486427,discharge
26762.875706,47.77839660644531,-51.99150848388672,-2484.07080078125,-2484.070912510506,discharge
26764.095706,47.77650833129883,-52.03685760498047,-2486.139404296875,-2486.13936089896,discharge
26765.325706,47.77505874633789,-51.98578643798828,-2483.6240234375,-2483.6240010494657,discharge
26766.545705999997,47.77376174926758,-51.975677490234375,-2483.07373046875,-2483.073633175227,discharge
26767.765706,47.77177810668945,-51.95894241333008,-2482.171142578125,-2482.17106762786,discharge
26768.985706,47.76958465576172,-52.00657653808594,-2484.33251953125,-2484.3325605924474,discharge
26770.205705999997,47.76775360107422,-52.10561752319336,-2488.96826171875,-2488.9682990797155,discharge
26771.425705999998,47.76662826538086,-51.99403762817383,-2483.579833984375,-2483.579867401204,discharge
26772.645706,47.7647590637207,-52.01683044433594,-2484.5712890625,-2484.571373432118,discharge
26773.865706,47.762908935546875,-52.035186767578125,-2485.351806640625,-2485.3518870240077,discharge
26775.085705999998,47.761688232421875,-52.02808380126953,-2484.94921875,-2484.949117846554,discharge
26776.315705999998,47.76044845581055,-51.97124481201172,-2482.169921875,-2482.169959028397,discharge
26777.535706,47.75840759277344,-51.97987365722656,-2482.47607421875,-2482.475992742693,discharge
26778.755706,47.756080627441406,-52.06542205810547,-2486.4404296875,-2486.440493708651,discharge
26779.975705999997,47.75514602661133,-52.02302932739258,-2484.367431640625,-2484.3673622763163,discharge
26781.195706,47.753143310546875,-52.007293701171875,-2483.51171875,-2483.5117493057624,discharge
26782.415706,47.75177001953125,-52.05354690551758,-2485.64892578125,-2485.649000533158,discharge
26783.635705999997,47.7497673034668,-52.063987731933594,-2486.043212890625,-2486.043299090379,discharge
26784.855706,47.74839401245117,-52.02565002441406,-2484.141357421875,-2484.1412361196126,discharge
26786.085705999998,47.74679183959961,-51.96137237548828,-2480.98876953125,-2480.9888305123604,discharge
26787.305706,47.745208740234375,-51.98326110839844,-2481.95166015625,-2481.9516526185907,discharge
26788.525706,47.74372100830078,-51.96337890625,-2480.925048828125,-2480.925065148622,discharge
26789.745705999998,47.7412223815918,-52.05149841308594,-2485.002197265625,-2485.0021610342083,discharge
26790.965706,47.74019241333008,-52.055023193359375,-2485.116943359375,-2485.1168233313365,discharge
26792.185706,47.73836135864258,-52.022979736328125,-2483.49169921875,-2483.4918056061724,discharge
26793.405705999998,47.73611068725586,-52.017738342285156,-2483.12451171875,-2483.1245152080373,discharge
26794.625706,47.73538589477539,-51.98488235473633,-2481.518310546875,-2481.5184198978386,discharge
26795.845706,47.73334503173828,-51.9794921875,-2481.155029296875,-2481.155035160482,discharge
26797.075706,47.73174285888672,-52.00691223144531,-2482.380615234375,-2482.380561516038,discharge
26798.295705999997,47.730064392089844,-51.97711181640625,-2480.870849609375,-2480.870893911924,discharge
26799.515706,47.72825241088867,-51.991939544677734,-2481.484375,-2481.484413920043,discharge
26800.735706,47.72653579711914,-51.99675750732422,-2481.625,-2481.6251085074327,discharge
26801.955705999997,47.72443771362305,-52.00004577636719,-2481.6728515625,-2481.672945759783,discharge
26803.175705999998,47.72319793701172,-52.00977325439453,-2482.07275390625,-2482.0727036785684,discharge
26804.395706,47.72134780883789,-51.99675750732422,-2481.35546875,-2481.3553499388217,discharge
26805.615706,47.719573974609375,-51.99256134033203,-2481.06298828125,-2481.06287700939,discharge
26806.845706,47.71831512451172,-51.96418762207031,-2479.6435546875,-2479.6434801392024,discharge
26808.065705999998,47.7166748046875,-52.00996398925781,-2481.742431640625,-2481.7425382789224,discharge
26809.285706,47.71512985229492,-51.98402404785156,-2480.424560546875,-2480.424457688059,discharge
26810.505706,47.7128791809082,-52.049591064453125,-2483.435791015625,-2483.435849873931,discharge
26811.725705999997,47.711734771728516,-52.04253387451172,-2483.03955078125,-2483.0395730694,discharge
26812.945706,47.709999084472656,-51.99017333984375,-2480.451171875,-2480.45112244552,discharge
26814.165706,47.70811080932617,-52.02159881591797,-2481.852294921875,-2481.8522007881256,discharge
26815.385705999997,47.70753860473633,-51.919700622558594,-2476.961181640625,-2476.961121797067,discharge
26816.605706,47.70496368408203,-52.02632141113281,-2481.913818359375,-2481.9137735344702,discharge
26817.835705999998,47.70313262939453,-51.99241638183594,-2480.201171875,-2480.2011343854247,discharge
26819.055706,47.702178955078125,-51.962852478027344,-2478.7412109375,-2478.741287923185,discharge
26820.275706,47.700347900390625,-51.97601318359375,-2479.27392578125,-2479.2739113327116,discharge
26821.495705999998,47.69813537597656,-52.035858154296875,-2482.013427734375,-2482.0134066487662,discharge
26822.715706,47.69641876220703,-52.008628845214844,-2480.625244140625,-2480.625340649567,discharge
26823.935706,47.694969177246094,-52.020263671875,-2481.10498046875,-2481.104872422293,discharge
26825.155705999998,47.69287109375,-52.04429626464844,-2482.141845703125,-2482.1419129148126,discharge
26826.375706,47.69172668457031,-52.04334259033203,-2482.036865234375,-2482.036870569573,discharge
26827.605706,47.6899528503418,-51.9805908203125,-2478.951904296875,-2478.9519253536128,discharge
26828.825706,47.688350677490234,-52.022457122802734,-2480.865234375,-2480.8651783769164,discharge
26830.045705999997,47.68693923950195,-51.985023498535156,-2479.006591796875,-2479.0066569387272,discharge
26831.265706,47.684478759765625,-52.06165313720703,-2482.53271484375,-2482.532793219434,discharge
26832.485706,47.68272399902344,-52.08515930175781,-2483.562255859375,-2483.562275430886,discharge
26833.705705999997,47.68165588378906,-51.99871063232422,-2479.384521484375,-2479.384626771207,discharge
26834.925705999998,47.680091857910156,-51.99708938598633,-2479.22607421875,-2479.2259982677933,discharge
26836.145706,47.67862319946289,-51.985595703125,-2478.6015625,-2478.601629328914,discharge
26837.365706,47.677154541015625,-51.963233947753906,-2477.459228515625,-2477.4591353780124,discharge
26838.595706,47.67515182495117,-51.98693084716797,-2478.48486328125,-2478.4848210519704,discharge
26839.815705999998,47.67385482788086,-51.953125,-2476.8056640625,-2476.8057391047478,discharge
26841.035706,47.67168045043945,-52.00042724609375,-2478.94775390625,-2478.9477509621065,discharge
26842.255706,47.66977310180664,-51.99675750732422,-2478.673583984375,-2478.6736324038066,discharge
26843.475705999997,47.66843795776367,-52.00014114379883,-2478.765380859375,-2478.7655019081285,discharge
26844.695706,47.666778564453125,-52.04014587402344,-2480.586181640625,-2480.586109838914,discharge
26845.915706,47.66498565673828,-51.99718475341797,-2478.445068359375,-2478.445065462438,discharge
26847.135705999997,47.66349792480469,-52.04029083251953,-2480.42236328125,-2480.422294102027,discharge
26848.365706,47.66223907470703,-51.9139289855957,-2474.333984375,-2474.3340946188255,discharge
26849.585705999998,47.66050338745117,-51.943443298339844,-2475.650634765625,-2475.650655276404,discharge
26850.805706,47.658653259277344,-51.96828842163086,-2476.738525390625,-2476.7386383646226,discharge
26852.025706,47.65657424926758,-52.02188491821289,-2479.184814453125,-2479.184821191666,discharge
26853.245705999998,47.655296325683594,-51.99122619628906,-2477.6572265625,-2477.6572907197988,discharge
26854.465706,47.65340805053711,-52.017784118652344,-2478.82470703125,-2478.824692490889,discharge
26855.685706,47.65218734741211,-51.96704864501953,-2476.343505859375,-2476.3435379245493,discharge
26856.905705999998,47.65058517456055,-51.98712158203125,-2477.216796875,-2477.216764924815,discharge
26858.125706,47.64871597290039,-52.01730728149414,-2478.557861328125,-2478.5579003309977,discharge
26859.355706,47.646751403808594,-52.006004333496094,-2477.917236328125,-2477.917159983481,discharge
26860.575706,47.64554977416992,-51.98368835449219,-2476.79150390625,-2476.791410938895,discharge
26861.795705999997,47.643680572509766,-52.010154724121094,-2477.955078125,-2477.955198202835,discharge
26863.015706,47.64177322387695,-52.00672149658203,-2477.6923828125,-2477.6924316574878,discharge
26864.235706,47.64047622680664,-51.988365173339844,-2476.75048828125,-2476.750475111039,discharge
26865.455705999997,47.63877868652344,-51.972198486328125,-2475.89208984375,-2475.892061542254,discharge
26866.675705999998,47.637081146240234,-52.03886032104492,-2478.9794921875,-2478.979411871478,discharge
26867.895706,47.63561248779297,-52.00648498535156,-2477.36083984375,-2477.3607656144304,discharge
26869.125706,47.6338005065918,-52.013160705566406,-2477.58447265625,-2477.5845207662496,discharge
26870.345706,47.631797790527344,-52.015541076660156,-2477.59375,-2477.5937345283455,discharge
26871.565705999998,47.629852294921875,-52.10051727294922,-2481.5400390625,-2481.539942199597,discharge
26872.785706,47.62836456298828,-52.095985412597656,-2481.24658203125,-2481.2465854993206,discharge
26874.005706,47.62794494628906,-51.94659423828125,-2474.109619140625,-2474.109530528076,discharge
26875.225705999997,47.625370025634766,-52.00743865966797,-2476.87353515625,-2476.8735102521896,discharge
26876.445706,47.62371063232422,-52.0069580078125,-2476.764404296875,-2476.7643190314993,discharge
26877.665706,47.6222038269043,-51.97782516479492,-2475.298583984375,-2475.298584477059,discharge
26878.885705999997,47.62042999267578,-51.994178771972656,-2475.985107421875,-2475.985150237393,discharge
26880.115706,47.61863708496094,-52.02030944824219,-2477.13623046875,-2477.1362366632093,discharge
26881.335705999998,47.617149353027344,-52.01530456542969,-2476.820556640625,-2476.8205261352705,discharge
26882.555706,47.615013122558594,-52.054168701171875,-2478.559814453125,-2478.5599257901777,discharge
26883.775706,47.61390686035156,-52.016685485839844,-2476.717529296875,-2476.7176179069793,discharge
26884.995705999998,47.61302947998047,-51.95384216308594,-2473.679931640625,-2473.679818509263,discharge
26886.215706,47.61016845703125,-52.058937072753906,-2478.53466796875,-2478.534763727803,discharge
26887.435706,47.60906219482422,-52.011966705322266,-2476.240966796875,-2476.2409577488143,discharge
26888.655705999998,47.607173919677734,-52.00629425048828,-2475.872802734375,-2475.872695300932,discharge
26889.875706,47.606239318847656,-51.98578643798828,-2474.847900390625,-2474.847790345375,discharge
26891.105706,47.60406494140625,-52.01592254638672,-2476.16943359375,-2476.169354885351,discharge
26892.325706,47.60246276855469,-51.978065490722656,-2474.283935546875,-2474.2839273036225,discharge
26893.545705999997,47.600555419921875,-51.99270248413086,-2474.881591796875,-2474.8815160273807,discharge
26894.765706,47.59939193725586,-51.95545959472656,-2473.04833984375,-2473.04828452965,discharge
26895.985706,47.597713470458984,-52.03266143798828,-2476.6357421875,-2476.6357102307666,discharge
26897.205705999997,47.59532928466797,-52.06360626220703,-2477.984375,-2477.984483797045,discharge
26898.425705999998,47.59378433227539,-52.04081726074219,-2476.8193359375,-2476.8194331831182,discharge
26899.645706,47.592620849609375,-51.994468688964844,-2474.552978515625,-2474.55303459079,discharge
26900.875706,47.590999603271484,-52.026702880859375,-2476.002685546875,-2476.002796162502,discharge
26902.095706,47.58964538574219,-51.94730758666992,-2472.154052734375,-2472.1539467936964,discharge
26903.315705999998,47.58750915527344,-52.03709411621094,-2476.315673828125,-2476.3156926690135,discharge
26904.535706,47.586002349853516,-51.998329162597656,-2474.392578125,-2474.3926137198287,discharge
26905.755706,47.5847053527832,-51.95918273925781,-2472.46240234375,-2472.462401019002,discharge
26906.975705999997,47.58291244506836,-51.97987365722656,-2473.353759765625,-2473.353777137527,discharge
26908.195706,47.58138656616211,-51.972434997558594,-2472.92041015625,-2472.920520403568,discharge
26909.415706,47.57972717285156,-51.96657180786133,-2472.555419921875,-2472.5553087264416,discharge
26910.635705999997,47.57768630981445,-51.99441909790039,-2473.774169921875,-2473.7741617009306,discharge
26911.865706,47.57610321044922,-51.97610855102539,-2472.82080078125,-2472.820704901096,discharge
26913.085705999998,47.574119567871094,-52.028228759765625,-2475.197265625,-2475.1971759216394,discharge
26914.305706,47.572593688964844,-52.02960968017578,-2475.18359375,-2475.1834811104345,discharge
26915.525706,47.570858001708984,-52.02007293701172,-2474.639404296875,-2474.639502925129,discharge
26916.745705999998,47.56967544555664,-52.002811431884766,-2473.7568359375,-2473.756862071241,discharge
26917.965706,47.56763458251953,-52.00152587890625,-2473.589599609375,-2473.5895807412453,discharge
26919.185706,47.56563186645508,-52.046966552734375,-2475.64697265625,-2475.646850813064,discharge
26920.405705999998,47.564640045166016,-52.02107238769531,-2474.363525390625,-2474.3635828842525,discharge
26921.635705999997,47.56242752075195,-51.993896484375,-2472.9560546875,-2472.9559330595657,discharge
26922.855706,47.56105422973633,-51.99851989746094,-2473.1044921875,-2473.104424709163,discharge
26924.075706,47.55964279174805,-52.009246826171875,-2473.541259765625,-2473.54120092059,discharge
26925.295705999997,47.558250427246094,-51.964996337890625,-2471.3642578125,-2471.3643092883285,discharge
26926.515706,47.556419372558594,-52.004669189453125,-2473.15576171875,-2473.1558573048096,discharge
26927.735706,47.554664611816406,-52.005149841308594,-2473.08740234375,-2473.0874587906874,discharge
26928.955705999997,47.553062438964844,-52.00090408325195,-2472.80224609375,-2472.802238753502,discharge
26930.175705999998,47.551231384277344,-52.035377502441406,-2474.34619140625,-2474.346275786811,discharge
26931.395706,47.54926681518555,-52.05731201171875,-2475.287109375,-2475.2870185265783,discharge
26932.625706,47.547874450683594,-51.99847412109375,-2472.4169921875,-2472.4169191368856,discharge
26933.845706,47.54608154296875,-51.987552642822266,-2471.804443359375,-2471.804417175008,discharge
26935.065705999998,47.5445556640625,-52.029083251953125,-2473.69970703125,-2473.6996448226273,discharge
26936.285706,47.543087005615234,-51.984500885009766,-2471.503662109375,-2471.5036485195014,discharge
26937.505706,47.5416374206543,-51.97772979736328,-2471.1064453125,-2471.106383974984,discharge
26938.725705999997,47.540550231933594,-51.95503234863281,-2469.970703125,-2469.970825171913,discharge
26939.945706,47.53835678100586,-52.030277252197266,-2473.433837890625,-2473.433883429607,discharge
26941.165706,47.53679275512695,-51.988075256347656,-2471.346435546875,-2471.346359198942,discharge
26942.395706,47.53408432006836,-52.021026611328125,-2472.77197265625,-2472.771865359391,discharge
26943.615706,47.533321380615234,-52.001617431640625,-2471.8095703125,-2471.809593689977,discharge
26944.835705999998,47.53093719482422,-52.0573616027832,-2474.335205078125,-2474.3351848701423,discharge
26946.055706,47.52958297729492,-52.00238037109375,-2471.6513671875,-2471.651452864753,discharge
26947.275706,47.52798080444336,-52.0228385925293,-2472.54052734375,-2472.5404740183876,discharge
26948.495705999998,47.52677917480469,-51.981590270996094,-2470.517578125,-2470.517561964807,discharge
26949.715706,47.52462387084961,-51.990745544433594,-2470.840576171875,-2470.8406267642567,discharge
26950.935706,47.523250579833984,-52.0115852355957,-2471.759521484375,-2471.759598205608,discharge
26952.155705999998,47.5213623046875,-52.00309753417969,-2471.258056640625,-2471.258038887754,discharge
26953.385705999997,47.51976013183594,-52.00338363647461,-2471.188232421875,-2471.1883164491155,discharge
26954.605706,47.51800537109375,-52.067138671875,-2474.12646484375,-2474.1265750676394,discharge
26955.825706,47.516536712646484,-52.04338836669922,-2472.921630859375,-2472.9215739767824,discharge
26957.045705999997,47.51441955566406,-52.054168701171875,-2473.32373046875,-2473.323611288797,discharge
26958.265706,47.51344680786133,-52.0416259765625,-2472.677001953125,-2472.6770276320167,discharge
26959.485706,47.51190185546875,-52.00457763671875,-2470.83642578125,-2470.8363887108862,discharge
26960.705705999997,47.50968933105469,-52.04343795776367,-2472.567626953125,-2472.5675690933713,discharge
26961.925705999998,47.508201599121094,-52.080108642578125,-2474.232421875,-2474.2323006957304,discharge
26963.155705999998,47.50663757324219,-52.007484436035156,-2470.70068359375,-2470.700714198756,discharge
26964.375706,47.504920959472656,-52.05039978027344,-2472.650146484375,-2472.6501274708426,discharge
26965.595706,47.503623962402344,-51.99627685546875,-2470.011474609375,-2470.0115831871517,discharge
26966.815705999998,47.50173568725586,-52.03003692626953,-2471.51708984375,-2471.5170618698176,discharge
26968.035706,47.50040054321289,-52.026222229003906,-2471.266357421875,-2471.2663946278917,discharge
26969.255706,47.498779296875,-51.996517181396484,-2469.77099609375,-2469.7710938053206,discharge
26970.475705999997,47.49666213989258,-52.03509521484375,-2471.493408203125,-2471.4933368365746,discharge
26971.695706,47.49561309814453,-51.99122619628906,-2469.355224609375,-2469.355163917062,discharge
26972.915706,47.4934196472168,-52.04916000366211,-2471.99267578125,-2471.9925983390567,discharge
26974.145706,47.49214172363281,-51.99150848388672,-2469.18798828125,-2469.188089342206,discharge
26975.365706,47.49004364013672,-52.04877853393555,-2471.798828125,-2471.7987639924104,discharge
26976.585705999998,47.48878479003906,-52.02655792236328,-2470.677978515625,-2470.6780125416117,discharge
26977.805706,47.487030029296875,-52.052452087402344,-2471.81640625,-2471.816355373012,discharge
26979.025706,47.48546600341797,-52.04624938964844,-2471.4404296875,-2471.440405997564,discharge
26980.245705999998,47.48405456542969,-52.00023651123047,-2469.18212890625,-2469.1820679145167,discharge
26981.465706,47.48212814331055,-51.98902893066406,-2468.5498046875,-2468.5497337320703,discharge
26982.685706,47.480525970458984,-51.979637145996094,-2468.0205078125,-2468.020511445502,discharge
26983.915706,47.47844696044922,-52.03990936279297,-2470.774169921875,-2470.7740765079507,discharge
26985.135705999997,47.47732162475586,-51.992225646972656,-2468.45166015625,-2468.451619028201,discharge
26986.355706,47.47550964355469,-52.01568603515625,-2469.47119140625,-2469.4712039781734,discharge
26987.575706,47.47415542602539,-51.9805908203125,-2467.734619140625,-2467.7346477401443,discharge
26988.795705999997,47.47274398803711,-51.98845672607422,-2468.03466796875,-2468.0346964900673,discharge
26990.015706,47.47121810913086,-51.98812484741211,-2467.939697265625,-2467.9396137162257,discharge
26991.235706,47.4690055847168,-52.0115852355957,-2468.938232421875,-2468.938230018466,discharge
26992.455705999997,47.46807098388672,-51.98998260498047,-2467.8642578125,-2467.8641847442486,discharge
26993.675705999998,47.46532440185547,-52.050445556640625,-2470.59130859375,-2470.591283607064,discharge
26994.905705999998,47.46419906616211,-52.032997131347656,-2469.70458984375,-2469.704533851327,discharge
26996.125706,47.46286392211914,-52.02727508544922,-2469.363525390625,-2469.3634776193358,discharge
26997.345706,47.46103286743164,-52.00071334838867,-2468.007568359375,-2468.007565357766,discharge
26998.565705999998,47.45960235595703,-52.01873779296875,-2468.78857421875,-2468.7886107130907,discharge
26999.785706,47.45809555053711,-52.02035903930664,-2468.787109375,-2468.7871698606614,discharge
27001.005706,47.45588302612305,-52.077911376953125,-2471.4033203125,-2471.40327054949,discharge
27002.225705999997,47.4549674987793,-52.00300216674805,-2467.80078125,-2467.800777661978,discharge
27003.445706,47.453670501708984,-51.9740104675293,-2466.357666015625,-2466.357567378509,discharge
27004.675705999998,47.4516487121582,-51.97758483886719,-2466.422119140625,-2466.422096680326,discharge
27005.895706,47.44962692260742,-52.03662109375,-2469.1181640625,-2469.1182572115213,discharge
27007.115706,47.44821548461914,-52.020790100097656,-2468.293701171875,-2468.2936583495757,discharge
27008.335705999998,47.4470329284668,-51.95770263671875,-2465.23876953125,-2465.2388278918806,discharge
27009.555706,47.4445915222168,-52.07896423339844,-2470.865234375,-2470.8651849537273,discharge
27010.775706,47.4427604675293,-52.041053771972656,-2468.97119140625,-2468.9712485815107,discharge
27011.995705999998,47.441349029541016,-52.04234313964844,-2468.958984375,-2468.958965203201,discharge
27013.215706,47.43965148925781,-52.030517578125,-2468.3095703125,-2468.3096207119524,discharge
27014.435706,47.43827819824219,-52.02808380126953,-2468.122802734375,-2468.122713486082,discharge
27015.665706,47.43661880493164,-51.95832061767578,-2464.72705078125,-2464.7270488851063,discharge
27016.885705999997,47.43537902832031,-51.96461486816406,-2464.961181640625,-2464.9612023320515,discharge
27018.105706,47.433319091796875,-52.014686584472656,-2467.229248046875,-2467.2292262210976,discharge
27019.325706,47.431488037109375,-52.06294250488281,-2469.4228515625,-2469.4228345970623,discharge
27020.545705999997,47.430076599121094,-52.00843811035156,-2466.76416015625,-2466.7642033746233,discharge
27021.765706,47.42851257324219,-52.009918212890625,-2466.753173828125,-2466.753059893381,discharge
27022.985706,47.426795959472656,-52.011444091796875,-2466.736083984375,-2466.73614649917,discharge
27024.205705999997,47.42530822753906,-51.99589538574219,-2465.92138671875,-2465.9213652356993,discharge
27025.435706,47.423095703125,-52.04334259033203,-2468.056396484375,-2468.0564163718373,discharge
27026.655705999998,47.42177963256836,-52.02512741088867,-2467.1240234375,-2467.1241274354543,discharge
27027.875706,47.42015838623047,-51.9953727722168,-2465.62890625,-2465.6288122096157,discharge
27029.095706,47.41872787475586,-52.00171661376953,-2465.855224609375,-2465.855249128508,discharge
27030.315705999998,47.417144775390625,-51.99542236328125,-2465.474365234375,-2465.4744698572904,discharge
27031.535706,47.41539001464844,-51.98383331298828,-2464.833740234375,-2464.8337309918134,discharge
27032.755706,47.41384506225586,-52.03118133544922,-2466.998291015625,-2466.998370245128,discharge
27033.975705999997,47.41191864013672,-52.02880096435547,-2466.78515625,-2466.7852782658883,discharge
27035.195706,47.41035461425781,-52.002479553222656,-2465.4560546875,-2465.4559964389773,discharge
27036.425705999998,47.40875244140625,-52.003814697265625,-2465.43603515625,-2465.43597699143,discharge
27037.645706,47.40739822387695,-52.035186767578125,-2466.852783203125,-2466.8528207443887,discharge
27038.865706,47.405548095703125,-52.013492584228516,-2465.72802734375,-2465.7281243271427,discharge
27040.085705999998,47.4040412902832,-51.979637145996094,-2464.044921875,-2464.0448655227374,discharge
27041.305706,47.402305603027344,-52.00848388671875,-2465.322021484375,-2465.3220471483655,discharge
27042.525706,47.4009895324707,-51.933956146240234,-2461.720947265625,-2461.720911667726,discharge
27043.745705999998,47.39887237548828,-52.025177001953125,-2465.934814453125,-2465.934725027764,discharge
27044.965706,47.39786148071289,-51.990413665771484,-2464.234375,-2464.2344252551993,discharge
27046.195706,47.395076751708984,-52.01373291015625,-2465.19482421875,-2465.194863419747,discharge
27047.415706,47.39419937133789,-52.021934509277344,-2465.537841796875,-2465.537935815373,discharge
27048.635705999997,47.39280700683594,-51.98249816894531,-2463.596435546875,-2463.5965034540277,discharge
27049.855706,47.3907470703125,-51.981353759765625,-2463.435302734375,-2463.4351884014904,discharge
27051.075706,47.389488220214844,-51.975154876708984,-2463.075927734375,-2463.0759897736425,discharge
27052.295705999997,47.387428283691406,-52.035858154296875,-2465.845458984375,-2465.845496467082,discharge
27053.515706,47.38555908203125,-51.977874755859375,-2463.000732421875,-2463.000655202195,discharge
27054.735706,47.38456726074219,-52.0054817199707,-2464.25732421875,-2464.25724648725,discharge
27055.955705999997,47.382774353027344,-52.00104522705078,-2463.953857421875,-2463.9537921149167,discharge
27057.185706,47.38058090209961,-52.05207061767578,-2466.25732421875,-2466.2573430225893,discharge
27058.405705999998,47.37983703613281,-51.97429656982422,-2462.53369140625,-2462.533701545908,discharge
27059.625706,47.377166748046875,-52.01878356933594,-2464.502685546875,-2464.5025831949897,discharge
27060.845706,47.3762321472168,-52.002811431884766,-2463.697265625,-2463.697266704912,discharge
27062.065705999998,47.3747444152832,-51.98235321044922,-2462.650634765625,-2462.650697450008,discharge
27063.285706,47.37323760986328,-51.97062683105469,-2462.016845703125,-2462.0168536010897,discharge
27064.505706,47.37150192260742,-51.993324279785156,-2463.001953125,-2463.0018610825937,discharge
27065.725705999997,47.369384765625,-52.02812957763672,-2464.54052734375,-2464.5404885988683,discharge
27066.955705999997,47.36763000488281,-52.02493667602539,-2464.2978515625,-2464.2979514974286,discharge
27068.175705999998,47.36631393432617,-52.006866455078125,-2463.37353515625,-2463.3735632518074,discharge
27069.395706,47.364349365234375,-52.062129974365234,-2465.888916015625,-2465.8889128040755,discharge
27070.615706,47.36299514770508,-52.0350456237793,-2464.53564453125,-2464.535613389671,discharge
27071.835705999998,47.36207962036133,-51.9413948059082,-2460.052490234375,-2460.0524763900466,discharge
27073.055706,47.360267639160156,-51.97577667236328,-2461.586669921875,-2461.586693956342,discharge
27074.275706,47.3583984375,-52.01954650878906,-2463.5625,-2463.5624101012945,discharge
27075.495705999998,47.3567008972168,-52.067710876464844,-2465.755126953125,-2465.7550103795074,discharge
27076.715706,47.355194091796875,-51.98883819580078,-2461.94140625,-2461.941523369169,discharge
27077.945706,47.35330581665039,-52.005958557128906,-2462.654052734375,-2462.6540598437714,discharge
27079.165706,47.35158920288086,-52.03633117675781,-2464.0029296875,-2464.002977506898,discharge
27080.385705999997,47.350215911865234,-51.97491455078125,-2461.0234375,-2461.0234259802382,discharge
27081.605706,47.348175048828125,-52.05054473876953,-2464.498291015625,-2464.4983036781196,discharge
27082.825706,47.346839904785156,-52.01020050048828,-2462.5185546875,-2462.5186365123955,discharge
27084.045705999997,47.345542907714844,-52.00538635253906,-2462.22314453125,-2462.223250986426,discharge
27085.265706,47.34355926513672,-52.02140808105469,-2462.878662109375,-2462.878616541275,discharge
27086.485706,47.34184265136719,-52.030418395996094,-2463.2158203125,-2463.215880788048,discharge
27087.705705999997,47.34018325805664,-51.99747085571289,-2461.56982421875,-2461.5697992649075,discharge
27088.935706,47.338199615478516,-52.04701232910156,-2463.811767578125,-2463.811859024281,discharge
27090.155705999998,47.337074279785156,-51.99308395385742,-2461.200439453125,-2461.2004771588545,discharge
27091.375706,47.33489990234375,-52.03266143798828,-2462.9609375,-2462.960820819717,discharge
27092.595706,47.333526611328125,-52.00867462158203,-2461.75390625,-2461.753984220559,discharge
27093.815705999998,47.332115173339844,-51.96986389160156,-2459.843505859375,-2459.843583260081,discharge
27095.035706,47.33074188232422,-52.019737243652344,-2462.1328125,-2462.132756265637,discharge
27096.255706,47.32889175415039,-52.025508880615234,-2462.3095703125,-2462.3096782652283,discharge
27097.475705999997,47.32778549194336,-51.95178985595703,-2458.76318359375,-2458.7631662252534,discharge
27098.705705999997,47.32515335083008,-52.07848358154297,-2464.622314453125,-2464.6222217752074,discharge
27099.925705999998,47.324161529541016,-52.01153564453125,-2461.40234375,-2461.402314241277,discharge
27101.145706,47.32267379760742,-51.98970031738281,-2460.291748046875,-2460.291628954874,discharge
27102.365706,47.32124328613281,-52.00614929199219,-2460.99560546875,-2460.995643021306,discharge
27103.585705999998,47.3193359375,-51.978111267089844,-2459.56982421875,-2459.569708444178,discharge
27104.805706,47.317752838134766,-52.00023651123047,-2460.534423828125,-2460.5343387629546,discharge
27106.025706,47.316341400146484,-52.00267028808594,-2460.576171875,-2460.576101070328,discharge
27107.245705999998,47.31466293334961,-51.966522216796875,-2458.778564453125,-2458.778482506168,discharge
27108.465706,47.312984466552734,-52.021934509277344,-2461.31298828125,-2461.3129793574626,discharge
27109.695706,47.310943603515625,-52.05664825439453,-2462.84912109375,-2462.84914975171,discharge
27110.915706,47.30976104736328,-51.966522216796875,-2458.523681640625,-2458.5237485391553,discharge
27112.135705999997,47.30785369873047,-52.04033660888672,-2461.916748046875,-2461.9166307259,discharge
27113.355706,47.306270599365234,-52.00357437133789,-2460.09521484375,-2460.095161344725,discharge
27114.575706,47.304649353027344,-52.02793884277344,-2461.163330078125,-2461.1634035181487,discharge
27115.795705999997,47.30367660522461,-51.94220733642578,-2457.057373046875,-2457.0573780038103,discharge
27117.015706,47.301483154296875,-51.971771240234375,-2458.341796875,-2458.341861818917,discharge
27118.235706,47.29940414428711,-52.022552490234375,-2460.6357421875,-2460.6357348529855,discharge
27119.465706,47.297725677490234,-52.055023193359375,-2462.084228515625,-2462.0842071349034,discharge
27120.685706,47.297115325927734,-51.96943283081055,-2458.004150390625,-2458.0042580219015,discharge
27121.905705999998,47.29534149169922,-51.990509033203125,-2458.908935546875,-2458.908879052615,discharge
27123.125706,47.293148040771484,-52.0599365234375,-2462.078369140625,-2462.078284996096,discharge
27124.345706,47.29179382324219,-52.010536193847656,-2459.671630859375,-2459.671554315719,discharge
27125.565705999998,47.29042053222656,-51.977684020996094,-2458.046630859375,-2458.046535644098,discharge
27126.785706,47.28910446166992,-51.957035064697266,-2457.001708984375,-2457.001658693116,discharge
27128.005706,47.28727340698242,-52.00519561767578,-2459.183837890625,-2459.1839037566388,discharge
27129.225705999997,47.2859001159668,-51.95331573486328,-2456.6591796875,-2456.6592985320312,discharge
27130.455705999997,47.2833251953125,-52.09107208251953,-2463.0390625,-2463.0391010502353,discharge
27131.675705999998,47.28170394897461,-52.02198028564453,-2459.68798828125,-2459.6878707052383,discharge
27132.895706,47.28004455566406,-51.9794921875,-2457.5927734375,-2457.592706605792,discharge
27134.115706,47.27893829345703,-52.04334259033203,-2460.553955078125,-2460.5539829135523,discharge
27135.335705999998,47.27754592895508,-52.00267028808594,-2458.55859375,-2458.5586329732905,discharge
27136.555706,47.27577209472656,-51.964664459228516,-2456.669677734375,-2456.6696339534246,discharge
27137.775706,47.27455139160156,-51.97844696044922,-2457.2578125,-2457.2577620873926,discharge
27138.995705999998,47.27315902709961,-51.915931701660156,-2454.22998046875,-2454.2300953726226,discharge
27140.225705999997,47.2706413269043,-52.00019073486328,-2458.082275390625,-2458.082365158334,discharge
27141.445706,47.269554138183594,-52.001380920410156,-2458.08203125,-2458.0820906776353,discharge
27142.665706,47.2674560546875,-52.04425048828125,-2459.999267578125,-2459.9993228539824,discharge
27143.885705999997,47.265625,-52.08258819580078,-2461.716064453125,-2461.7160826921463,discharge
27145.105706,47.26438522338867,-52.02374267578125,-2458.8701171875,-2458.87021459057,discharge
27146.325706,47.26264953613281,-52.00782012939453,-2458.02734375,-2458.027375913807,discharge
27147.545705999997,47.261390686035156,-52.007530212402344,-2457.9482421875,-2457.948203984124,discharge
27148.765706,47.259788513183594,-52.024505615234375,-2458.667236328125,-2458.667132878909,discharge
27149.985706,47.258033752441406,-52.03113555908203,-2458.88916015625,-2458.889160428953,discharge
27151.215706,47.256431579589844,-52.02436447143555,-2458.48583984375,-2458.4858201160387,discharge
27152.435706,47.25492477416992,-51.98998260498047,-2456.78271484375,-2456.782717008755,discharge
27153.655705999998,47.25351333618164,-51.957130432128906,-2455.156982421875,-2455.1569557843322,discharge
27154.875706,47.251625061035156,-52.001617431640625,-2457.160888671875,-2457.160929447273,discharge
27156.095706,47.25034713745117,-51.95169448852539,-2454.735595703125,-2454.7355989616335,discharge
27157.315705999998,47.24811553955078,-52.01106262207031,-2457.4248046875,-2457.424696102389,discharge
27158.535706,47.246437072753906,-52.042293548583984,-2458.81298828125,-2458.81294726496,discharge
27159.755706,47.24527359008789,-52.00324249267578,-2456.907470703125,-2456.9074191381515,discharge
27160.985706,47.2437858581543,-51.952125549316406,-2454.4150390625,-2454.415094327851,discharge
27162.205705999997,47.24174499511719,-52.011253356933594,-2457.102294921875,-2457.1023679646896,discharge
27163.425705999998,47.239837646484375,-52.08110809326172,-2460.302978515625,-2460.303090774687,discharge
27164.645706,47.238922119140625,-51.99237060546875,-2456.0634765625,-2456.0635458212346,discharge
27165.865706,47.236881256103516,-52.07447814941406,-2459.8359375,-2459.835940817429,discharge
27167.085705999998,47.23468780517578,-52.049400329589844,-2458.537109375,-2458.5371750147897,discharge
27168.305706,47.23398208618164,-52.00214385986328,-2456.268310546875,-2456.268331519823,discharge
27169.525706,47.23237991333008,-52.010009765625,-2456.556640625,-2456.5565405460075,discharge
27170.745705999998,47.23043441772461,-51.997947692871094,-2455.8857421875,-2455.885658364423,discharge
27171.975705999997,47.228946685791016,-52.057647705078125,-2458.6279296875,-2458.627868050826,discharge
27173.195706,47.2279167175293,-51.950740814208984,-2453.525146484375,-2453.525260587412,discharge
27174.415706,47.22583770751953,-51.996421813964844,-2455.574462890625,-2455.574577958032,discharge
27175.635705999997,47.224063873291016,-51.99689865112305,-2455.5048828125,-2455.504863113674,discharge
27176.855706,47.222843170166016,-51.98063659667969,-2454.67333984375,-2454.673449890397,discharge
27178.075706,47.22063064575195,-52.030372619628906,-2456.906982421875,-2456.907007832342,discharge
27179.295705999997,47.21961975097656,-51.96919250488281,-2453.965576171875,-2453.9655088458676,discharge
27180.515706,47.21782684326172,-52.02598571777344,-2456.553955078125,-2456.5539849718334,discharge
27181.745705999998,47.216224670410156,-51.97491455078125,-2454.059326171875,-2454.0592426550575,discharge
27182.965706,47.214508056640625,-52.00166702270508,-2455.233154296875,-2455.233126602252,discharge
27184.185706,47.212581634521484,-52.05650329589844,-2457.721923828125,-2457.7219114653417,discharge
27185.405705999998,47.211265563964844,-52.03204345703125,-2456.49853515625,-2456.4986214856617,discharge
27186.625706,47.20985412597656,-52.015541076660156,-2455.64599609375,-2455.646106512868,discharge
27187.845706,47.207908630371094,-52.02679443359375,-2456.076171875,-2456.076157952193,discharge
27189.065705999998,47.2065544128418,-51.981353759765625,-2453.860595703125,-2453.8606047135545,discharge
27190.285706,47.20502853393555,-52.011871337890625,-2455.221923828125,-2455.2218706085114,discharge
27191.505706,47.20306396484375,-52.04291534423828,-2456.5849609375,-2456.585061911028,discharge
27192.735706,47.20104217529297,-52.101661682128906,-2459.252685546875,-2459.252730461012,discharge
27193.955705999997,47.20062255859375,-51.96847915649414,-2452.944580078125,-2452.9445696098264,discharge
27195.175705999998,47.198429107666016,-52.00967788696289,-2454.775146484375,-2454.775094660363,discharge
27196.395706,47.19663619995117,-52.06899642944336,-2457.4814453125,-2457.4814817769948,discharge
27197.615706,47.19480514526367,-52.06308364868164,-2457.107177734375,-2457.1070880610932,discharge
27198.835705999998,47.19413757324219,-51.96409225463867,-2452.400634765625,-2452.4005187340663,discharge
27200.055706,47.1922492980957,-52.01301574707031,-2454.611083984375,-2454.6112058815197,discharge
27201.275706,47.190284729003906,-52.02098083496094,-2454.885009765625,-2454.884897483862,discharge
27202.505706,47.18942642211914,-51.961421966552734,-2452.02978515625,-2452.0296986793255,discharge
27203.725705999997,47.18772888183594,-51.96556854248047,-2452.13720703125,-2452.1371595730307,discharge
27204.945706,47.185325622558594,-52.054359436035156,-2456.201904296875,-2456.2019000630244,discharge
27206.165706,47.18412399291992,-51.954078674316406,-2451.40771484375,-2451.407690106862,discharge
27207.385705999997,47.181949615478516,-52.04334259033203,-2455.50634765625,-2455.506367918133,discharge
27208.605706,47.18086242675781,-52.00071334838867,-2453.4384765625,-2453.4385025835945,discharge
27209.825706,47.17912673950195,-51.975677490234375,-2452.1669921875,-2452.1670756832464,discharge
27211.045705999997,47.177276611328125,-52.06837463378906,-2456.444091796875,-2456.4441128005274,discharge
27212.265706,47.17630386352539,-52.01444625854492,-2453.849365234375,-2453.8493219861266,discharge
27213.495705999998,47.174339294433594,-52.06766128540039,-2456.257568359375,-2456.2575197451224,discharge
27214.715706,47.17287063598633,-52.04081726074219,-2454.914794921875,-2454.9147404319956,discharge
27215.935706,47.1714973449707,-51.978919982910156,-2451.923583984375,-2451.923485968291,discharge
27217.155705999998,47.169837951660156,-52.00634002685547,-2453.130615234375,-2453.1306315257098,discharge
27218.375706,47.1684455871582,-51.96027755737305,-2450.885498046875,-2450.885524658588,discharge
27219.595706,47.16667175292969,-52.01120376586914,-2453.1953125,-2453.19537549949,discharge
27220.815705999998,47.16453552246094,-52.05116271972656,-2454.968994140625,-2454.968913079938,discharge
27222.035706,47.163143157958984,-52.00948715209961,-2452.930908203125,-2452.9308881265024,discharge
27223.265706,47.16176986694336,-52.01396942138672,-2453.07080078125,-2453.0708557176695,discharge
27224.485706,47.1600341796875,-52.03089904785156,-2453.779052734375,-2453.7789774965495,discharge
27225.705705999997,47.15879440307617,-52.02880096435547,-2453.615478515625,-2453.615527716611,discharge
27226.925705999998,47.157249450683594,-51.985023498535156,-2451.470703125,-2451.4707208200707,discharge
27228.145706,47.15574264526367,-51.968719482421875,-2450.62353515625,-2450.6235615169862,discharge
27229.365706,47.154083251953125,-52.009246826171875,-2452.4482421875,-2452.4483547126874,discharge
27230.585705999998,47.15232849121094,-51.964759826660156,-2450.259521484375,-2450.259425313561,discharge
27231.805706,47.150516510009766,-52.01649475097656,-2452.6044921875,-2452.6045945487567,discharge
27233.025706,47.14887619018555,-52.013492584228516,-2452.377685546875,-2452.3777220729244,discharge
27234.255706,47.14794158935547,-51.973628997802734,-2450.44970703125,-2450.449624175235,discharge
27235.475705999997,47.14569091796875,-52.0233154296875,-2452.675048828125,-2452.6751497760415,discharge
27236.695706,47.144317626953125,-52.04319763183594,-2453.541015625,-2453.541039477568,discharge
27237.915706,47.14265823364258,-51.99036407470703,-2450.9638671875,-2450.9639650165627,discharge
27239.135705999997,47.1415901184082,-51.931427001953125,-2448.130126953125,-2448.1300459901104,discharge
27240.355706,47.13926315307617,-52.03886032104492,-2453.073486328125,-2453.0735308599105,discharge
27241.575706,47.137908935546875,-51.99604034423828,-2450.984619140625,-2450.9846147557255,discharge
27242.795705999997,47.13645935058594,-51.96800231933594,-2449.587646484375,-2449.587628856534,discharge
27244.025706,47.13447570800781,-52.02488708496094,-2452.165771484375,-2452.1657765179407,discharge
27245.245705999998,47.1324348449707,-52.004146575927734,-2451.08203125,-2451.08205015822,discharge
27246.465706,47.13117599487305,-52.05321502685547,-2453.329345703125,-2453.3292385296954,discharge
27247.685706,47.129974365234375,-52.006004333496094,-2451.041748046875,-2451.0416510759387,discharge
27248.905705999998,47.128238677978516,-52.072479248046875,-2454.084228515625,-2454.0842305560363,discharge
27250.125706,47.126731872558594,-52.017879486083984,-2451.4326171875,-2451.432659119746,discharge
27251.345706,47.12556838989258,-51.96676254272461,-2448.963134765625,-2448.9632222084765,discharge
27252.565705999998,47.123146057128906,-52.018211364746094,-2451.26171875,-2451.261771771533,discharge
27253.785706,47.122154235839844,-52.02655792236328,-2451.603515625,-2451.603486777458,discharge
27255.015706,47.120513916015625,-51.99108123779297,-2449.846435546875,-2449.8464669741224,discharge
27256.235706,47.118568420410156,-52.00510025024414,-2450.40576171875,-2450.405874351418,discharge
27257.455705999997,47.11723327636719,-51.96943283081055,-2448.656005859375,-2448.655889929796,discharge
27258.675705999998,47.11559295654297,-51.9770622253418,-2448.93017578125,-2448.9301068861096,discharge
27259.895706,47.113914489746094,-52.002098083496094,-2450.0224609375,-2450.022402393224,discharge
27261.115706,47.11214065551758,-51.98040008544922,-2448.907958984375,-2448.9079201557615,discharge
27262.335705999998,47.111053466796875,-52.04334259033203,-2451.816650390625,-2451.8166953639593,discharge
27263.555706,47.109432220458984,-52.054691314697266,-2452.266845703125,-2452.266952246646,discharge
27264.785706,47.1076774597168,-51.99470520019531,-2449.349853515625,-2449.3498021838604,discharge
27266.005706,47.10630416870117,-52.028751373291016,-2450.882080078125,-2450.8821877079754,discharge
27267.225705999997,47.104244232177734,-52.08611297607422,-2453.47705078125,-2453.476986729802,discharge
27268.445706,47.102928161621094,-52.049781799316406,-2451.697021484375,-2451.697132921254,discharge
27269.665706,47.1015739440918,-52.012107849121094,-2449.85205078125,-2449.8521438434545,discharge
27270.885705999997,47.09983825683594,-52.04639434814453,-2451.376708984375,-2451.3767556491075,discharge
27272.105706,47.098350524902344,-52.07190704345703,-2452.5009765625,-2452.5009304328705,discharge
27273.325706,47.09648132324219,-52.004005432128906,-2449.20556640625,-2449.2056705680443,discharge
27274.545705999997,47.094669342041016,-52.031089782714844,-2450.386962890625,-2450.3869688230043,discharge
27275.775706,47.09339141845703,-52.02665328979492,-2450.111572265625,-2450.1115475686674,discharge
27276.995705999998,47.092018127441406,-51.97138977050781,-2447.437744140625,-2447.4376291810768,discharge
27278.215706,47.090492248535156,-51.984642028808594,-2447.982421875,-2447.982382500486,discharge
27279.435706,47.08879470825195,-52.00662612915039,-2448.929443359375,-2448.9293412643747,discharge
27280.655705999998,47.08728790283203,-52.01850128173828,-2449.41015625,-2449.4101461270475,discharge
27281.875706,47.08576202392578,-52.02054977416992,-2449.42724609375,-2449.427227020351,discharge
27283.095706,47.084007263183594,-51.984832763671875,-2447.654296875,-2447.654243420111,discharge
27284.315705999998,47.08242416381836,-52.007911682128906,-2448.658447265625,-2448.658557692397,discharge
27285.545705999997,47.081050872802734,-51.996612548828125,-2448.05517578125,-2448.05516062479,discharge
27286.765706,47.07902908325195,-52.0335693359375,-2449.68994140625,-2449.6899240720086,discharge
27287.985706,47.07794189453125,-52.0167350769043,-2448.8408203125,-2448.840831493726,discharge
27289.205705999997,47.07632064819336,-52.00438690185547,-2448.17529296875,-2448.175192904455,discharge
27290.425705999998,47.07469940185547,-51.999855041503906,-2447.87744140625,-2447.877545018855,discharge
27291.645706,47.07395553588867,-51.928565979003906,-2444.48291015625,-2444.483005938091,discharge
27292.865706,47.07160949707031,-51.98841094970703,-2447.17822265625,-2447.1781785978237,discharge
27294.085705999998,47.069969177246094,-52.00733947753906,-2447.98388671875,-2447.9838661983376,discharge
27295.305706,47.06886291503906,-51.96185302734375,-2445.785400390625,-2445.7853369554505,discharge
27296.535706,47.066688537597656,-52.00176239013672,-2447.55078125,-2447.550753822725,discharge
27297.755706,47.065086364746094,-52.045536041259766,-2449.527587890625,-2449.5276486813964,discharge
27298.975705999997,47.06336975097656,-52.0283203125,-2448.628173828125,-2448.628076389432,discharge
27300.195706,47.06195831298828,-52.040245056152344,-2449.11572265625,-2449.115843430336,discharge
27301.415706,47.060489654541016,-52.00233459472656,-2447.25537109375,-2447.2553292071098,discharge
27302.635705999997,47.05881118774414,-52.0294189453125,-2448.442626953125,-2448.442602355499,discharge
27303.855706,47.0574951171875,-51.96857452392578,-2445.510986328125,-2445.510941906832,discharge
27305.075706,47.056007385253906,-51.95946502685547,-2445.0048828125,-2445.004970037553,discharge
27306.295705999997,47.05453872680664,-51.98850631713867,-2446.295166015625,-2446.2951838486333,discharge
27307.525706,47.052459716796875,-52.03766632080078,-2448.500244140625,-2448.500198315596,discharge
27308.745705999998,47.05121994018555,-52.02412414550781,-2447.798583984375,-2447.7985073658056,discharge
27309.965706,47.04883575439453,-52.04439163208008,-2448.6279296875,-2448.6280338351207,discharge
27311.185706,47.047691345214844,-52.10371017456055,-2451.359375,-2451.359274233255,discharge
27312.405705999998,47.04557418823242,-52.090599060058594,-2450.632080078125,-2450.6321425894566,discharge
27313.625706,47.04425811767578,-52.06542205810547,-2449.379150390625,-2449.379154307244,discharge
27314.845706,47.043209075927734,-51.99646759033203,-2446.080810546875,-2446.08069606169,discharge
27316.065705999998,47.04145431518555,-52.000953674316406,-2446.200439453125,-2446.2004866164352,discharge
27317.295705999997,47.03941345214844,-52.035858154296875,-2447.736328125,-2447.7362460573204,discharge
27318.515706,47.03794479370117,-52.042625427246094,-2447.97802734375,-2447.9781417660706,discharge
27319.735706,47.03666687011719,-52.016212463378906,-2446.669189453125,-2446.6692574851913,discharge
27320.955705999997,47.03540802001953,-51.970054626464844,-2444.4326171875,-2444.4327241784777,discharge
27322.175705999998,47.03348159790039,-51.98893737792969,-2445.220703125,-2445.2207294592517,discharge
27323.395706,47.0313835144043,-52.047874450683594,-2447.883544921875,-2447.883544399665,discharge
27324.615706,47.030086517333984,-52.02918243408203,-2446.93701171875,-2446.9369513010315,discharge
27325.835705999998,47.02863693237305,-52.013587951660156,-2446.128173828125,-2446.1281433286786,discharge
27327.055706,47.02720642089844,-52.03876495361328,-2447.23779296875,-2447.237741362187,discharge
27328.285706,47.025909423828125,-51.969764709472656,-2443.925537109375,-2443.9254480053205,discharge
27329.505706,47.023963928222656,-51.99146270751953,-2444.8447265625,-2444.844666933932,discharge
27330.725705999997,47.02312469482422,-51.93805694580078,-2442.289794921875,-2442.2897281692713,discharge
27331.945706,47.02056884765625,-52.034523010253906,-2446.69287109375,-2446.692871658597,discharge
27333.165706,47.01944351196289,-52.04119873046875,-2446.9482421875,-2446.9482040021103,discharge
27334.385705999997,47.017669677734375,-52.01172637939453,-2445.47021484375,-2445.4701702750754,discharge
27335.605706,47.01601028442383,-52.03471374511719,-2446.464599609375,-2446.4646365874796,discharge
27336.825706,47.014102935791016,-52.04491424560547,-2446.844970703125,-2446.8449556273117,discharge
27338.055706,47.013206481933594,-51.99880599975586,-2444.630615234375,-2444.6306032805296,discharge
27339.275706,47.01210021972656,-51.93743896484375,-2441.68798828125,-2441.688085771166,discharge
27340.495705999998,47.0097541809082,-52.01597213745117,-2445.258056640625,-2445.25806366255,discharge
27341.715706,47.0081901550293,-52.044532775878906,-2446.519287109375,-2446.5192932581704,discharge
27342.935706,47.00723648071289,-51.979923248291016,-2443.4326171875,-2443.4325443817215,discharge
27344.155705999998,47.00529098510742,-52.0050048828125,-2444.510498046875,-2444.510387198534,discharge
27345.375706,47.00439453125,-51.96080017089844,-2442.385986328125,-2442.3859513923526,discharge
27346.595706,47.002105712890625,-52.002620697021484,-2444.232666015625,-2444.2326753487578,discharge
27347.815705999998,47.000083923339844,-52.04744338989258,-2446.234130859375,-2446.234207320231,discharge
27349.045705999997,46.99909210205078,-51.976680755615234,-2442.856689453125,-2442.856805992051,discharge
27350.265706,46.99728012084961,-52.00920104980469,-2444.291015625,-2444.2909905992565,discharge
27351.485706,46.99554443359375,-52.057411193847656,-2446.46630859375,-2446.466380858328,discharge
27352.705705999997,46.993751525878906,-52.07500457763672,-2447.19970703125,-2447.1998258304666,discharge
27353.925705999998,46.9923210144043,-52.018592834472656,-2444.474365234375,-2444.47441319513,discharge
27355.145706,46.99146270751953,-51.962806701660156,-2441.808349609375,-2441.808293299109,discharge
27356.365706,46.989498138427734,-51.98931884765625,-2442.951904296875,-2442.9520012100693,discharge
27357.585705999998,46.98810577392578,-51.97029113769531,-2441.985595703125,-2441.985537079745,discharge
27358.815705999998,46.98719024658203,-51.97186279296875,-2442.01171875,-2442.011804522481,discharge
27360.035706,46.98505401611328,-51.9495964050293,-2440.8544921875,-2440.854593205586,discharge
27361.255706,46.983299255371094,-52.01287078857422,-2443.736328125,-2443.736273390532,discharge
27362.475705999997,46.98143005371094,-52.08549499511719,-2447.051025390625,-2447.0510399260093,discharge
27363.695706,46.98030471801758,-52.022216796875,-2444.01953125,-2444.01959722396,discharge
27364.915706,46.979007720947266,-51.99818420410156,-2442.822998046875,-2442.8230971997255,discharge
27366.135705999997,46.97664260864258,-52.01201629638672,-2443.349853515625,-2443.3499009102525,discharge
27367.355706,46.97601318359375,-51.983642578125,-2441.984375,-2441.9842790812254,discharge
27368.575706,46.97399139404297,-52.02322006225586,-2443.73828125,-2443.7382914948103,discharge
27369.805706,46.972503662109375,-51.958656311035156,-2440.628173828125,-2440.6281738483813,discharge
27371.025706,46.97053909301758,-51.999237060546875,-2442.43212890625,-2442.4321971595054,discharge
27372.245705999998,46.969852447509766,-51.95121765136719,-2440.14111328125,-2440.1410275531816,discharge
27373.465706,46.96796417236328,-51.92942810058594,-2439.01953125,-2439.0195185196353,discharge
27374.685706,46.966609954833984,-52.03132629394531,-2443.735107421875,-2443.735007480427,discharge
27375.905705999998,46.964111328125,-52.129791259765625,-2448.229248046875,-2448.2293202355504,discharge
27377.125706,46.963043212890625,-52.063751220703125,-2445.072265625,-2445.072198403068,discharge
27378.345706,46.961002349853516,-52.02918243408203,-2443.342529296875,-2443.3425585478835,discharge
27379.575706,46.959571838378906,-52.016639709472656,-2442.67919921875,-2442.679129228054,discharge
27380.795705999997,46.95756912231445,-52.04591751098633,-2443.94970703125,-2443.9497690564167,discharge
27382.015706,46.956214904785156,-52.0228385925293,-2442.795654296875,-2442.7955889077566,discharge
27383.235706,46.9554328918457,-51.96418762207031,-2440.0009765625,-2440.0009246674017,discharge
27384.455705999997,46.953773498535156,-51.967525482177734,-2440.071533203125,-2440.0714207695273,discharge
27385.675705999998,46.951656341552734,-52.025367736816406,-2442.67724609375,-2442.677187021909,discharge
27386.895706,46.950225830078125,-51.95355224609375,-2439.23095703125,-2439.231010628864,discharge
27388.115706,46.9487190246582,-52.02131271362305,-2442.333984375,-2442.333993885768,discharge
27389.335705999998,46.946964263916016,-52.04458236694336,-2443.335205078125,-2443.3351485113235,discharge
27390.565705999998,46.94536209106445,-52.03084945678711,-2442.607177734375,-2442.607067654535,discharge
27391.785706,46.94385528564453,-52.076576232910156,-2444.67529296875,-2444.67525844957,discharge
27393.005706,46.941680908203125,-52.07700729370117,-2444.582275390625,-2444.582259035087,discharge
27394.225705999997,46.94110870361328,-52.02350616455078,-2442.041015625,-2442.041058013274,discharge
27395.445706,46.939353942871094,-52.01606750488281,-2441.6005859375,-2441.60060332797,discharge
27396.665706,46.937313079833984,-52.042724609375,-2442.74560546875,-2442.745658517815,discharge
27397.885705999997,46.936187744140625,-52.05989074707031,-2443.492919921875,-2443.4928060439415,discharge
27399.105706,46.935272216796875,-51.95880126953125,-2438.700439453125,-2438.7004816439003,discharge
27400.335705999998,46.93307876586914,-52.02174377441406,-2441.54052734375,-2441.540598102438,discharge
27401.555706,46.931705474853516,-52.046058654785156,-2442.6103515625,-2442.6102959133277,discharge
27402.775706,46.930179595947266,-52.01215744018555,-2440.93994140625,-2440.9398898405925,discharge
27403.995705999998,46.9282341003418,-52.03275680541992,-2441.805419921875,-2441.805392250899,discharge
27405.215706,46.92665100097656,-52.030517578125,-2441.617919921875,-2441.617939788848,discharge
27406.435706,46.92522048950195,-52.02341079711914,-2441.2099609375,-2441.2100222707522,discharge
27407.655705999998,46.92365646362305,-52.04596710205078,-2442.18701171875,-2442.1870806136576,discharge
27408.875706,46.9221305847168,-52.07357406616211,-2443.403076171875,-2443.4030423453805,discharge
27410.095706,46.920433044433594,-52.057838439941406,-2442.576416015625,-2442.576322959212,discharge
27411.325706,46.919803619384766,-52.021026611328125,-2440.81640625,-2440.8163526823046,discharge
27412.545705999997,46.917266845703125,-52.017066955566406,-2440.49853515625,-2440.4986108851153,discharge
27413.765706,46.91629409790039,-52.01487731933594,-2440.34521484375,-2440.3452817801735,discharge
27414.985706,46.91427230834961,-52.0482063293457,-2441.8037109375,-2441.80372489609,discharge
27416.205705999997,46.9129753112793,-51.979591369628906,-2438.517333984375,-2438.5172866137873,discharge
27417.425705999998,46.91108703613281,-52.03666687011719,-2441.0966796875,-2441.096608614316,discharge
27418.645706,46.909637451171875,-52.042293548583984,-2441.28515625,-2441.2851224915357,discharge
27419.865706,46.9080924987793,-52.04081726074219,-2441.135498046875,-2441.1354697789648,discharge
27421.095706,46.90717697143555,-51.96929168701172,-2437.732666015625,-2437.732762242813,discharge
27422.315705999998,46.904964447021484,-52.02903747558594,-2440.420166015625,-2440.420153005107,discharge
27423.535706,46.90361022949219,-52.01225280761719,-2439.5625,-2439.5624328462873,discharge
27424.755706,46.90256118774414,-51.96714401245117,-2437.39208984375,-2437.3921517963026,discharge
27425.975705999997,46.90071105957031,-51.996707916259766,-2438.6826171875,-2438.6825740293716,discharge
27427.195706,46.89901351928711,-51.964759826660156,-2437.095947265625,-2437.0959736370423,discharge
27428.415706,46.89756393432617,-51.97134017944336,-2437.329345703125,-2437.3292488180596,discharge
27429.635705999997,46.896114349365234,-52.03490447998047,-2440.23486328125,-2440.2348306514614,discharge
27430.855706,46.893882751464844,-51.99880599975586,-2438.426025390625,-2438.425911768718,discharge
27432.085705999998,46.89338684082031,-51.955223083496094,-2436.3564453125,-2436.3563744554995,discharge
27433.305706,46.891441345214844,-51.98259353637695,-2437.538818359375,-2437.538735783164,discharge
27434.525706,46.89002990722656,-51.97000503540039,-2436.875,-2436.8750903886394,discharge
27435.745705999998,46.88854217529297,-51.944114685058594,-2435.583740234375,-2435.5838121686247,discharge
27436.965706,46.88619613647461,-52.04930114746094,-2440.393798828125,-2440.3937423662865,discharge
27438.185706,46.884727478027344,-52.05650329589844,-2440.655029296875,-2440.6549704872305,discharge
27439.405705999998,46.883182525634766,-52.030372619628906,-2439.349365234375,-2439.3494564028515,discharge
27440.625706,46.88117980957031,-52.04963684082031,-2440.1484375,-2440.1483837573323,discharge
27441.855706,46.880130767822266,-51.99556350708008,-2437.558837890625,-2437.5588165585214,discharge
27443.075706,46.87894821166992,-52.00376510620117,-2437.8818359375,-2437.881811225452,discharge
27444.295705999997,46.87711715698242,-51.999046325683594,-2437.5654296875,-2437.565386660426,discharge
27445.515706,46.875667572021484,-52.013587951660156,-2438.171630859375,-2438.1716580501234,discharge
27446.735706,46.87387466430664,-52.009727478027344,-2437.8974609375,-2437.897447129799,discharge
27447.955705999997,46.87236785888672,-52.03132629394531,-2438.83154296875,-2438.8314662355697,discharge
27449.175705999998,46.87091827392578,-52.06308364868164,-2440.24462890625,-2440.244538785919,discharge
27450.395706,46.869468688964844,-52.02903747558594,-2438.5732421875,-2438.5733428789536,discharge
27451.615706,46.867733001708984,-52.047584533691406,-2439.352294921875,-2439.352295308927,discharge
27452.845706,46.86582565307617,-52.097415924072266,-2441.58837890625,-2441.588411673365,discharge
27454.065705999998,46.86481475830078,-52.02240753173828,-2438.0205078125,-2438.020492255746,discharge
27455.285706,46.86307907104492,-52.02302932739258,-2437.959228515625,-2437.9593368848873,discharge
27456.505706,46.861839294433594,-52.00529098510742,-2437.0634765625,-2437.06358860436,discharge
27457.725705999997,46.860599517822266,-51.953887939453125,-2434.59033203125,-2434.590336124529,discharge
27458.945706,46.858882904052734,-51.993988037109375,-2436.380126953125,-2436.380197145627,discharge
27460.165706,46.85699462890625,-52.00681686401367,-2436.883056640625,-2436.8831384635996,discharge
27461.385705999997,46.855411529541016,-51.98597717285156,-2435.824462890625,-2435.824354199285,discharge
27462.615706,46.85403823852539,-51.990745544433594,-2435.976318359375,-2435.976379788335,discharge
27463.835705999998,46.85251235961914,-51.97343826293945,-2435.086181640625,-2435.086158586273,discharge
27465.055706,46.85050964355469,-52.042724609375,-2438.228271484375,-2438.2281711883843,discharge
27466.275706,46.84915542602539,-52.00657653808594,-2436.464111328125,-2436.4641874082736,discharge
27467.495705999998,46.847877502441406,-52.030086517333984,-2437.4990234375,-2437.4991196054907,discharge
27468.715706,46.846656799316406,-51.95808410644531,-2434.0625,-2434.06253408466,discharge
27469.935706,46.84476852416992,-52.002716064453125,-2436.05517578125,-2436.0551966674393,discharge
27471.155705999998,46.843318939208984,-51.96528625488281,-2434.2265625,-2434.2264778047684,discharge
27472.375706,46.84215545654297,-51.9495964050293,-2433.43115234375,-2433.431070709048,discharge
27473.605706,46.840171813964844,-51.96556854248047,-2434.076171875,-2434.076158940152,discharge
27474.825706,46.83877944946289,-51.99971008300781,-2435.60302734375,-2435.6029520140146,discharge
27476.045705999997,46.83696746826172,-52.053306579589844,-2438.01904296875,-2438.019026883703,discharge
27477.265706,46.835365295410156,-52.07123565673828,-2438.775390625,-2438.775343366724,discharge
27478.485706,46.83391571044922,-52.057884216308594,-2438.074462890625,-2438.0745614509215,discharge
27479.705705999997,46.832122802734375,-52.037620544433594,-2437.0322265625,-2437.0322356990073,discharge
27480.925705999998,46.830101013183594,-52.06932830810547,-2438.411865234375,-2438.411904357199,discharge
27482.145706,46.82939529418945,-52.004051208496094,-2435.318359375,-2435.3182709419343,discharge
27483.375706,46.827659606933594,-51.988555908203125,-2434.50244140625,-2434.5023995253723,discharge
27484.595706,46.82586669921875,-52.05268859863281,-2437.412353515625,-2437.4122576555237,discharge
27485.815705999998,46.82477951049805,-51.97978210449219,-2433.94189453125,-2433.941836046579,discharge
27487.035706,46.82344436645508,-51.973388671875,-2433.572998046875,-2433.5730730136856,discharge
27488.255706,46.82151794433594,-52.01392364501953,-2435.370849609375,-2435.3708593006013,discharge
27489.475705999997,46.81985855102539,-52.00767517089844,-2434.991943359375,-2434.99199506914,discharge
27490.695706,46.8183708190918,-52.045345306396484,-2436.67822265625,-2436.6782759625494,discharge
27491.915706,46.81678771972656,-51.99613571166992,-2434.2919921875,-2434.292047859344,discharge
27493.135705999997,46.814937591552734,-52.08306121826172,-2438.265380859375,-2438.265260509943,discharge
27494.365706,46.81406021118164,-52.01873779296875,-2435.208251953125,-2435.208323149709,discharge
27495.585705999998,46.81232452392578,-52.00848388671875,-2434.637939453125,-2434.638025702443,discharge
27496.805706,46.8104362487793,-52.02178955078125,-2435.16259765625,-2435.1626633142587,discharge
27498.025706,46.80978775024414,-51.97324752807617,-2432.856689453125,-2432.8566854801466,discharge
27499.245705999998,46.80837631225586,-51.94873809814453,-2431.635986328125,-2431.636081844772,discharge
27500.465706,46.80644989013672,-52.0197868347168,-2434.861572265625,-2434.8615457747655,discharge
27501.685706,46.80438995361328,-52.028751373291016,-2435.174072265625,-2435.173968075105,discharge
27502.905705999998,46.80278778076172,-52.06208038330078,-2436.650390625,-2436.650499604584,discharge
27504.135705999997,46.80147171020508,-51.978492736816406,-2432.669921875,-2432.669957361213,discharge
27505.355706,46.7999267578125,-51.98040008544922,-2432.678955078125,-2432.678916840814,discharge
27506.575706,46.79777145385742,-52.07581329345703,-2437.031982421875,-2437.0320087809523,discharge
27507.795705999997,46.796817779541016,-51.97692108154297,-2432.3544921875,-2432.3545045945502,discharge
27509.015706,46.795711517333984,-51.95941925048828,-2431.47802734375,-2431.4779938540596,discharge
27510.235706,46.793479919433594,-51.99394226074219,-2432.9775390625,-2432.9774931102293,discharge
27511.455705999997,46.79250717163086,-51.98249816894531,-2432.391357421875,-2432.3914183696616,discharge
27512.675705999998,46.789817810058594,-52.04624938964844,-2435.234619140625,-2435.2345266385237,discharge
27513.895706,46.789207458496094,-52.020263671875,-2433.98681640625,-2433.986908989027,discharge
27515.125706,46.78770065307617,-52.011871337890625,-2433.515869140625,-2433.515866563539,discharge
27516.345706,46.785888671875,-52.06012725830078,-2435.67919921875,-2435.6793181505054,discharge
27517.565705999998,46.78478240966797,-51.994895935058594,-2432.56982421875,-2432.569892735046,discharge
27518.785706,46.78325653076172,-51.98426055908203,-2431.992919921875,-2431.9929972974933,discharge
27520.005706,46.781864166259766,-51.980735778808594,-2431.755615234375,-2431.7557204664627,discharge
27521.225705999997,46.78010940551758,-51.9927978515625,-2432.228759765625,-2432.228771795053,discharge
27522.445706,46.778717041015625,-51.95798873901367,-2430.528076171875,-2430.528053242597,discharge
27523.665706,46.77724838256836,-51.949073791503906,-2430.03466796875,-2430.0347279895504,discharge
27524.885705999997,46.77562713623047,-51.99150848388672,-2431.935302734375,-2431.9354150924482,discharge
27526.115706,46.773433685302734,-52.05678939819336,-2434.874755859375,-2434.8747867861675,discharge
27527.335705999998,46.771697998046875,-52.07600402832031,-2435.68310546875,-2435.68313335767,discharge
27528.555706,46.77074432373047,-52.0274658203125,-2433.36328125,-2433.363301693462,discharge
27529.775706,46.76969528198242,-52.04334259033203,-2434.05126953125,-2434.051274405647,discharge
27530.995705999998,46.767120361328125,-52.07347869873047,-2435.32666015625,-2435.326645936584,discharge
27532.215706,46.76612854003906,-52.05235290527344,-2434.287109375,-2434.2870267794933,discharge
27533.435706,46.764488220214844,-52.04090881347656,-2433.66650390625,-2433.6664671770995,discharge
27534.655705999998,46.76258087158203,-52.0518798828125,-2434.080322265625,-2434.0802425378934,discharge
27535.885705999997,46.76149368286133,-52.0130615234375,-2432.20849609375,-2432.2084478545003,discharge
27537.105706,46.75945281982422,-52.04143524169922,-2433.428955078125,-2433.429035860172,discharge
27538.325706,46.75870895385742,-51.99828338623047,-2431.37255859375,-2431.3725989569502,discharge
27539.545705999997,46.757144927978516,-51.98455047607422,-2430.649169921875,-2430.649160625617,discharge
27540.765706,46.755924224853516,-51.95441436767578,-2429.1767578125,-2429.1766613216896,discharge
27541.985706,46.75371170043945,-52.02016830444336,-2432.135986328125,-2432.135951514283,discharge
27543.205705999997,46.75243377685547,-52.00023651123047,-2431.1376953125,-2431.1376138721243,discharge
27544.425705999998,46.750431060791016,-52.083396911621094,-2434.921142578125,-2434.9212567285576,discharge
27545.645706,46.7491340637207,-52.03785705566406,-2432.724853515625,-2432.7247558839736,discharge
27546.875706,46.74783706665039,-52.02188491821289,-2431.91064453125,-2431.9106000566535,discharge
27548.095706,46.745872497558594,-52.01725769042969,-2431.592041015625,-2431.5920956694754,discharge
27549.315705999998,46.74455642700195,-51.99408721923828,-2430.4404296875,-2430.440543890145,discharge
27550.535706,46.742801666259766,-52.014495849609375,-2431.30322265625,-2431.3032632687828,discharge
27551.755706,46.74150466918945,-52.026939392089844,-2431.8173828125,-2431.817430519004,discharge
27552.975705999997,46.73959732055664,-52.03099060058594,-2431.907470703125,-2431.9075488610542,discharge
27554.195706,46.738548278808594,-52.00495910644531,-2430.63623046875,-2430.636291934061,discharge
27555.415706,46.73725128173828,-51.972007751464844,-2429.02880859375,-2429.028785896662,discharge
27556.645706,46.73513412475586,-52.01091766357422,-2430.7373046875,-2430.7372129587748,discharge
27557.865706,46.73402786254883,-52.02064514160156,-2431.13427734375,-2431.1342794753728,discharge
27559.085705999998,46.73234939575195,-51.99589538574219,-2429.890380859375,-2429.8903503114707,discharge
27560.305706,46.73103332519531,-51.97834777832031,-2429.001953125,-2429.0019022172783,discharge
27561.525706,46.728858947753906,-52.06317901611328,-2432.85302734375,-2432.8529486156185,discharge
27562.745705999998,46.72807693481445,-51.98564529418945,-2429.189208984375,-2429.1892328128597,discharge
27563.965706,46.72609329223633,-51.98650360107422,-2429.126220703125,-2429.1262172009738,discharge
27565.185706,46.724853515625,-51.986122131347656,-2429.0439453125,-2429.04394143261,discharge
27566.405705999998,46.72325134277344,-52.02779769897461,-2430.907958984375,-2430.90786870016,discharge
27567.635705999997,46.721858978271484,-52.031898498535156,-2431.027099609375,-2431.0270240202954,discharge
27568.855706,46.72048568725586,-52.062416076660156,-2432.38134765625,-2432.38136515356,discharge
27570.075706,46.718711853027344,-51.99256134033203,-2429.025390625,-2429.0254917598213,discharge
27571.295705999997,46.717166900634766,-52.05278396606445,-2431.758544921875,-2431.7585961853183,discharge
27572.515706,46.71539306640625,-52.008392333984375,-2429.592529296875,-2429.5924906339496,discharge
27573.735706,46.714229583740234,-51.959564208984375,-2427.2509765625,-2427.251011529588,discharge
27574.955705999997,46.71257019042969,-51.990272521972656,-2428.599365234375,-2428.5992544022156,discharge
27576.175705999998,46.71171188354492,-51.98497772216797,-2428.307373046875,-2428.3073016304115,discharge
27577.405705999998,46.70961380004883,-52.01087188720703,-2429.40771484375,-2429.407739255257,discharge
27578.625706,46.70820236206055,-51.987648010253906,-2428.24951171875,-2428.249583590514,discharge
27579.845706,46.70621871948242,-52.01244354248047,-2429.304443359375,-2429.304564229824,discharge
27581.065705999998,46.70511245727539,-51.98664855957031,-2428.042236328125,-2428.042267251585,discharge
27582.285706,46.70330047607422,-52.03714370727539,-2430.306396484375,-2430.3063584775373,discharge
27583.505706,46.70177459716797,-51.99542236328125,-2428.278564453125,-2428.2784952945076,discharge
27584.725705999997,46.700439453125,-51.99594497680664,-2428.2333984375,-2428.2334801973775,discharge
27585.945706,46.698970794677734,-51.99308395385742,-2428.0234375,-2428.0235090864153,discharge
27587.165706,46.69721603393555,-51.99909210205078,-2428.212890625,-2428.212837457977,discharge
27588.395706,46.695709228515625,-52.023887634277344,-2429.292236328125,-2429.2923299071845,discharge
27589.615706,46.69424057006836,-52.04010009765625,-2429.972900390625,-2429.972953250399,discharge
27590.835705999998,46.693172454833984,-51.9622802734375,-2426.28369140625,-2426.283713954035,discharge
27592.055706,46.69168472290039,-51.97815704345703,-2426.94775390625,-2426.9477211505,discharge
27593.275706,46.689300537109375,-52.023887634277344,-2428.958984375,-2428.958924865583,discharge
27594.495705999998,46.68802261352539,-52.04253387451172,-2429.762939453125,-2429.7629983983643,discharge
27595.715706,46.686649322509766,-51.98841094970703,-2427.164794921875,-2427.164710843499,discharge
27596.935706,46.685028076171875,-52.065277099609375,-2430.6689453125,-2430.6689231889322,discharge
27598.165706,46.68313980102539,-52.05760192871094,-2430.21240234375,-2430.2123085441417,discharge
27599.385705999997,46.68214797973633,-51.99198913574219,-2427.09765625,-2427.0977305955603,discharge
27600.605706,46.680755615234375,-52.000091552734375,-2427.403564453125,-2427.4035657430068,discharge
27601.825706,46.67919158935547,-52.01134490966797,-2427.847412109375,-2427.8475338584394,discharge
27603.045705999997,46.67695999145508,-52.06279754638672,-2430.133056640625,-2430.1331181159185,discharge
27604.265706,46.676578521728516,-52.02088165283203,-2428.15673828125,-2428.1567672379606,discharge
27605.485706,46.67482376098633,-51.946449279785156,-2424.59130859375,-2424.5913651429873,discharge
27606.705705999997,46.67308807373047,-51.98392868041992,-2426.25048828125,-2426.2504817197623,discharge
27607.925705999998,46.67133331298828,-52.02918243408203,-2428.271240234375,-2428.2713153833174,discharge
27609.155705999998,46.67022705078125,-51.961944580078125,-2425.07568359375,-2425.0757515523583,discharge
27610.375706,46.66826248168945,-52.00714874267578,-2427.083251953125,-2427.083268447459,discharge
27611.595706,46.66679382324219,-52.022647857666016,-2427.730224609375,-2427.730181712832,discharge
27612.815705999998,46.66534423828125,-52.026939392089844,-2427.85498046875,-2427.8550363960676,discharge
27614.035706,46.66353225708008,-52.02159881591797,-2427.511474609375,-2427.511554411467,discharge
27615.255706,46.66240692138672,-52.00176239013672,-2426.52734375,-2426.527397277823,discharge
27616.475705999997,46.66099548339844,-52.025604248046875,-2427.56640625,-2427.56648483919,discharge
27617.695706,46.65971755981445,-51.99436950683594,-2426.04248046875,-2426.042595889594,discharge
27618.925705999998,46.65760040283203,-52.010108947753906,-2426.6669921875,-2426.6668801920605,discharge
27620.145706,46.656837463378906,-51.95465087890625,-2424.039794921875,-2424.039701523725,discharge
27621.365706,46.654415130615234,-52.00204849243164,-2426.125244140625,-2426.12515800829,discharge
27622.585705999998,46.65245056152344,-52.023651123046875,-2427.03076171875,-2427.0308120478876,discharge
27623.805706,46.65203094482422,-52.02522277832031,-2427.082275390625,-2427.082302965573,discharge
27625.025706,46.65056228637695,-51.96308898925781,-2424.107421875,-2424.10731948592,discharge
27626.245705999998,46.64833068847656,-51.9993782043457,-2425.68408203125,-2425.684190071479,discharge
27627.465706,46.64726257324219,-51.98783874511719,-2425.09033203125,-2425.090364558855,discharge
27628.685706,46.64543151855469,-51.987220764160156,-2424.96630859375,-2424.966345994617,discharge
27629.915706,46.64386749267578,-52.00328826904297,-2425.634521484375,-2425.634487204661,discharge
27631.135705999997,46.6425895690918,-52.00939178466797,-2425.852783203125,-2425.852714750363,discharge
27632.355706,46.64131164550781,-51.95079040527344,-2423.052978515625,-2423.0530055228155,discharge
27633.575706,46.63948059082031,-52.00624465942383,-2425.544189453125,-2425.54423839465,discharge
27634.795705999997,46.63785934448242,-51.97162628173828,-2423.845458984375,-2423.845396431716,discharge
27636.015706,46.63694381713867,-51.95984649658203,-2423.24853515625,-2423.248441808246,discharge
27637.235706,46.63484573364258,-51.980064392089844,-2424.082275390625,-2424.0822841499175,discharge
27638.455705999997,46.633968353271484,-51.97825622558594,-2423.952392578125,-2423.952355882211,discharge
27639.685706,46.632022857666016,-51.98893737792969,-2424.349365234375,-2424.3493161533843,discharge
27640.905705999998,46.63005828857422,-52.02665328979492,-2426.005859375,-2426.005875462579,discharge
27642.125706,46.62952423095703,-51.96185302734375,-2422.95654296875,-2422.9564848239534,discharge
27643.345706,46.627235412597656,-52.0355224609375,-2426.2724609375,-2426.2725556036457,discharge
27644.565705999998,46.62626266479492,-52.03204345703125,-2426.059814453125,-2426.059725213563,discharge
27645.785706,46.62467956542969,-51.987693786621094,-2423.90966796875,-2423.9095641468884,discharge
27647.005706,46.62240982055664,-52.019309997558594,-2425.265625,-2425.265589288756,discharge
27648.225705999997,46.62179946899414,-51.95026397705078,-2422.014892578125,-2422.0147894993715,discharge
27649.445706,46.620025634765625,-51.99351501464844,-2423.93896484375,-2423.9390028244816,discharge
27650.675705999998,46.61773681640625,-52.11954116821289,-2429.695068359375,-2429.6950531715993,discharge
27651.895706,46.61705017089844,-51.9642333984375,-2422.419189453125,-2422.419275427237,discharge
27653.115706,46.615257263183594,-51.97148132324219,-2422.6640625,-2422.663972231676,discharge
27654.335705999998,46.6136360168457,-52.037384033203125,-2425.651611328125,-2425.6516785925487,discharge
27655.555706,46.612186431884766,-52.01225280761719,-2424.40478515625,-2424.404824610974,discharge
27656.775706,46.61052703857422,-51.9825439453125,-2422.933837890625,-2422.933770096861,discharge
27657.995705999998,46.609344482421875,-51.995994567871094,-2423.499267578125,-2423.4992225200403,discharge
27659.215706,46.60804748535156,-51.975250244140625,-2422.46484375,-2422.4649314419366,discharge
27660.445706,46.60684585571289,-51.94001007080078,-2420.760009765625,-2420.760043113987,discharge
27661.665706,46.6046142578125,-52.027748107910156,-2424.733154296875,-2424.733131271787,discharge
27662.885705999997,46.60301208496094,-52.057647705078125,-2426.043212890625,-2426.043185114395,discharge
27664.105706,46.60146713256836,-52.007530212402344,-2423.627197265625,-2423.6272098393238,discharge
27665.325706,46.599884033203125,-52.02565002441406,-2424.38916015625,-2424.3892578897066,discharge
27666.545705999997,46.598758697509766,-52.00929641723633,-2423.568603515625,-2423.568653774055,discharge
27667.765706,46.597251892089844,-52.007198333740234,-2423.392578125,-2423.392520959169,discharge
27668.985706,46.59578323364258,-52.0538330078125,-2425.489013671875,-2425.4891193122603,discharge
27670.205705999997,46.59404754638672,-52.0008544921875,-2422.93017578125,-2422.9302866617218,discharge
27671.435706,46.59252166748047,-51.989601135253906,-2422.32666015625,-2422.326617377985,discharge
27672.655705999998,46.59095764160156,-52.007293701171875,-2423.069580078125,-2423.0696178856306,discharge
27673.875706,46.58924102783203,-52.067420959472656,-2425.78173828125,-2425.781624778465,discharge
27675.095706,46.587791442871094,-51.99828338623047,-2422.485107421875,-2422.485181785014,discharge
27676.315705999998,46.58639907836914,-52.043678283691406,-2424.527587890625,-2424.5275660303014,discharge
27677.535706,46.585044860839844,-52.02922821044922,-2423.783935546875,-2423.783930258651,discharge
27678.755706,46.58353805541992,-52.00343322753906,-2422.50390625,-2422.5039107675548,discharge
27679.975705999997,46.58195495605469,-52.01268005371094,-2422.852294921875,-2422.852319405647,discharge
27681.205705999997,46.58010482788086,-51.982261657714844,-2421.339111328125,-2421.3391972066893,discharge
27682.425705999998,46.57905578613281,-51.98783874511719,-2421.54443359375,-2421.5444411092903,discharge
27683.645706,46.57793045043945,-51.983070373535156,-2421.263916015625,-2421.26383645882,discharge
27684.865706,46.57611846923828,-52.01435089111328,-2422.62646484375,-2422.626569205022,discharge
27686.085705999998,46.5748405456543,-51.992130279541016,-2421.525146484375,-2421.5251773985074,discharge
27687.305706,46.57337188720703,-51.98607635498047,-2421.166748046875,-2421.1668670372455,discharge
27688.525706,46.57157897949219,-51.964664459228516,-2420.076416015625,-2420.0764750057715,discharge
27689.745705999998,46.569786071777344,-52.010009765625,-2422.094970703125,-2422.0950283762068,discharge
27690.965706,46.56843185424805,-51.97153091430664,-2420.232666015625,-2420.2326957438345,discharge
27692.195706,46.56719207763672,-51.951072692871094,-2419.215576171875,-2419.215580728196,discharge
27693.415706,46.56545639038086,-51.95150375366211,-2419.1455078125,-2419.1454824558605,discharge
27694.635705999997,46.56349182128906,-52.07958221435547,-2425.007080078125,-2425.007200494292,discharge
27695.855706,46.562232971191406,-52.013633728027344,-2421.870849609375,-2421.870931322628,discharge
27697.075706,46.56049728393555,-52.09193420410156,-2425.42626953125,-2425.42636102502,discharge
27698.295705999997,46.55912399291992,-52.048728942871094,-2423.34326171875,-2423.343224525015,discharge
27699.515706,46.55792236328125,-51.98970031738281,-2420.532470703125,-2420.5324310669675,discharge
27700.735706,46.55622482299805,-52.04405975341797,-2422.974853515625,-2422.9749465816712,discharge
27701.965706,46.5546989440918,-52.0472526550293,-2423.044189453125,-2423.0441782219714,discharge
27703.185706,46.553688049316406,-51.97119903564453,-2419.450927734375,-2419.450987454329,discharge
27704.405705999998,46.55193328857422,-51.99317932128906,-2420.383056640625,-2420.383015225525,discharge
27705.625706,46.550865173339844,-52.005863189697266,-2420.91796875,-2420.917925566755,discharge
27706.845706,46.54876708984375,-51.960609436035156,-2418.702392578125,-2418.702306484338,discharge
27708.065705999998,46.547489166259766,-51.95069122314453,-2418.17431640625,-2418.1742368890264,discharge
27709.285706,46.54611587524414,-51.9749641418457,-2419.232666015625,-2419.2327035580092,discharge
27710.505706,46.54447555541992,-51.98645782470703,-2419.682373046875,-2419.682415434945,discharge
27711.725705999997,46.542720794677734,-51.98326110839844,-2419.4423828125,-2419.4424077650183,discharge
27712.955705999997,46.541080474853516,-51.97978210449219,-2419.1953125,-2419.1952219905215,discharge
27714.175705999998,46.53921127319336,-52.034664154052734,-2421.65234375,-2421.6522285951214,discharge
27715.395706,46.537818908691406,-52.03895568847656,-2421.779541015625,-2421.779496027739,discharge
27716.615706,46.53642654418945,-52.01182556152344,-2420.444580078125,-2420.444499673031,discharge
27717.835705999998,46.535186767578125,-51.992130279541016,-2419.46337890625,-2419.463493002695,discharge
27719.055706,46.533241271972656,-52.05192565917969,-2422.144775390625,-2422.1448153693927,discharge
27720.275706,46.531715393066406,-52.03623962402344,-2421.33544921875,-2421.3354923104635,discharge
27721.495705999998,46.53055191040039,-51.996803283691406,-2419.43994140625,-2419.4399543666805,discharge
27722.725705999997,46.52944564819336,-51.95636749267578,-2417.5009765625,-2417.500977328018,discharge
27723.945706,46.52740478515625,-52.04439163208008,-2421.490478515625,-2421.4904762629885,discharge
27725.165706,46.52605056762695,-52.02088165283203,-2420.326171875,-2420.3261703522003,discharge
27726.385705999997,46.52456283569336,-52.01039123535156,-2419.7607421875,-2419.760715138109,discharge
27727.605706,46.523685455322266,-51.94783020019531,-2416.804443359375,-2416.8045123203774,discharge
27728.825706,46.521759033203125,-52.004859924316406,-2419.357666015625,-2419.35756195453,discharge
27730.045705999997,46.52027130126953,-51.999759674072266,-2419.04296875,-2419.0429276386567,discharge
27731.265706,46.518592834472656,-51.99188995361328,-2418.589599609375,-2418.5895594468457,discharge
27732.485706,46.51721954345703,-51.97782516479492,-2417.864013671875,-2417.863904582191,discharge
27733.715706,46.51561737060547,-51.994178771972656,-2418.541259765625,-2418.5413252559374,discharge
27734.935706,46.51355743408203,-52.04901885986328,-2420.985107421875,-2420.9850281258696,discharge
27736.155705999998,46.51283264160156,-52.02507781982422,-2419.833740234375,-2419.8337377997814,discharge
27737.375706,46.511192321777344,-52.00843811035156,-2418.974365234375,-2418.974467305816,discharge
27738.595706,46.50928497314453,-52.04987335205078,-2420.802490234375,-2420.8023925466114,discharge
27739.815705999998,46.508331298828125,-52.005340576171875,-2418.681640625,-2418.6816088249907,discharge
27741.035706,46.50697708129883,-51.97014617919922,-2416.974365234375,-2416.974397267768,discharge
27742.255706,46.505184173583984,-52.01725769042969,-2419.072265625,-2419.0721490982105,discharge
27743.475705999997,46.50382995605469,-52.01387405395508,-2418.84423828125,-2418.844354360772,discharge
27744.705705999997,46.50218963623047,-52.00605392456055,-2418.395263671875,-2418.3953818319424,discharge
27745.925705999998,46.50062561035156,-52.01964569091797,-2418.946044921875,-2418.9460686565144,discharge
27747.145706,46.498870849609375,-51.97591781616211,-2416.821533203125,-2416.821489823633,discharge
27748.365706,46.49726867675781,-52.023983001708984,-2418.97314453125,-2418.973115265544,discharge
27749.585705999998,46.49589538574219,-52.02641296386719,-2419.0146484375,-2419.01465446339,discharge
27750.805706,46.49423599243164,-52.039527893066406,-2419.5380859375,-2419.5380907949584,discharge
27752.025706,46.493282318115234,-52.0146369934082,-2418.331298828125,-2418.331202408808,discharge
27753.245705999998,46.49150848388672,-52.00123596191406,-2417.615966796875,-2417.6159028959228,discharge
27754.475705999997,46.49026870727539,-52.01201629638672,-2418.052734375,-2418.052613626205,discharge
27755.695706,46.4887809753418,-52.01725769042969,-2418.218994140625,-2418.2188997082994,discharge
27756.915706,46.486968994140625,-52.06561279296875,-2420.37255859375,-2420.3725275676697,discharge
27758.135705999997,46.48580551147461,-52.046058654785156,-2419.403076171875,-2419.4029602651426,discharge
27759.355706,46.484413146972656,-51.9953727722168,-2416.974365234375,-2416.9743896745786,discharge
27760.575706,46.482200622558594,-52.07204818725586,-2420.42333984375,-2420.4233906675654,discharge
27761.795705999997,46.48122787475586,-52.00152587890625,-2417.0947265625,-2417.0947742124554,discharge
27763.015706,46.47972106933594,-52.00490951538086,-2417.173583984375,-2417.1736885109567,discharge
27764.235706,46.478729248046875,-51.99260711669922,-2416.55029296875,-2416.550309077138,discharge
27765.465706,46.477088928222656,-51.96809768676758,-2415.325927734375,-2415.325897618459,discharge
27766.685706,46.47542953491211,-52.01301574707031,-2417.3271484375,-2417.3272482512402,discharge
27767.905705999998,46.47361755371094,-51.98650360107422,-2416.0009765625,-2416.0008863109397,discharge
27769.125706,46.47285461425781,-51.99656677246094,-2416.428955078125,-2416.4288880571257,discharge
27770.345706,46.47113800048828,-51.99756622314453,-2416.385986328125,-2416.3860756452777,discharge
27771.565705999998,46.46928787231445,-52.06818389892578,-2419.571533203125,-2419.5714265877905,discharge
27772.785706,46.467437744140625,-52.0442008972168,-2418.360595703125,-2418.360665134969,discharge
27774.005706,46.466026306152344,-52.02288818359375,-2417.296875,-2417.296890860889,discharge
27775.235706,46.46432876586914,-52.040626525878906,-2418.03271484375,-2418.032780080248,discharge
27776.455705999997,46.4630126953125,-52.02050018310547,-2417.029052734375,-2417.0291604241356,discharge
27777.675705999998,46.46110534667969,-52.06542205810547,-2419.01708984375,-2419.0170591609785,discharge
27778.895706,46.459712982177734,-52.0625114440918,-2418.809326171875,-2418.8093388238485,discharge
27780.115706,46.45854949951172,-51.961326599121094,-2414.0478515625,-2414.0478638655622,discharge
27781.335705999998,46.45730972290039,-52.00796127319336,-2416.14990234375,-2416.149964925353,discharge
27782.555706,46.45578384399414,-52.03409194946289,-2417.284423828125,-2417.2845281227637,discharge
27783.775706,46.45439147949219,-51.97649002075195,-2414.5361328125,-2414.5362151539302,discharge
27784.995705999998,46.452999114990234,-52.00958251953125,-2416.0009765625,-2416.0010907507967,discharge
27786.225705999997,46.45103454589844,-52.014923095703125,-2416.14697265625,-2416.1469896207564,discharge
27787.445706,46.449623107910156,-52.016544342041016,-2416.14892578125,-2416.1488800637017,discharge
27788.665706,46.448307037353516,-52.05516815185547,-2417.87451171875,-2417.874433198449,discharge
27789.885705999997,46.44655227661133,-51.996707916259766,-2415.06787109375,-2415.0678124442493,discharge
27791.105706,46.44519805908203,-51.967193603515625,-2413.626708984375,-2413.626599489944,discharge
27792.325706,46.44365310668945,-51.99089050292969,-2414.64697265625,-2414.6468832259416,discharge
27793.545705999997,46.4421272277832,-51.991844177246094,-2414.61181640625,-2414.6118420867424,discharge
27794.765706,46.44113540649414,-51.99523162841797,-2414.717529296875,-2414.7175925473857,discharge
27795.995705999998,46.43911361694336,-51.998138427734375,-2414.74755859375,-2414.747458315105,discharge
27797.215706,46.43749237060547,-52.03156280517578,-2416.21533203125,-2416.2153007960296,discharge
27798.435706,46.435909271240234,-52.029991149902344,-2416.06005859375,-2416.0599484202976,discharge
27799.655705999998,46.434993743896484,-52.00276184082031,-2414.747802734375,-2414.74792074383,discharge
27800.875706,46.43318176269531,-52.005863189697266,-2414.797607421875,-2414.7976982130785,discharge
27802.095706,46.431884765625,-51.997802734375,-2414.35595703125,-2414.3559846282005,discharge
27803.315705999998,46.43028259277344,-52.01444625854492,-2415.04541015625,-2415.0454386908677,discharge
27804.535706,46.42913818359375,-52.00286102294922,-2414.447998046875,-2414.4480203767307,discharge
27805.755706,46.426753997802734,-52.01611328125,-2414.939208984375,-2414.9392952304333,discharge
27806.985706,46.426334381103516,-51.979637145996094,-2413.22412109375,-2413.224015148444,discharge
27808.205705999997,46.424503326416016,-51.971771240234375,-2412.763671875,-2412.763666821993,discharge
27809.425705999998,46.42282485961914,-52.05120849609375,-2416.3642578125,-2416.36413574568,discharge
27810.645706,46.42057418823242,-52.10261535644531,-2418.63330078125,-2418.6333215548075,discharge
27811.865706,46.41969680786133,-52.01301574707031,-2414.428466796875,-2414.428421041521,discharge
27813.085705999998,46.41828536987305,-52.00920104980469,-2414.177978515625,-2414.177936188935,discharge
27814.305706,46.41674041748047,-52.06389617919922,-2416.636474609375,-2416.6363540725433,discharge
27815.525706,46.41529083251953,-51.995277404785156,-2413.3759765625,-2413.3759226606344,discharge
27816.755706,46.413936614990234,-52.00457763671875,-2413.737060546875,-2413.7371701200027,discharge
27817.975705999997,46.41193389892578,-52.0319938659668,-2414.905517578125,-2414.9054599365627,discharge
27819.195706,46.41080856323242,-52.008392333984375,-2413.75146484375,-2413.7515402940335,discharge
27820.415706,46.40960693359375,-52.01892852783203,-2414.177978515625,-2414.178026083391,discharge
27821.635705999997,46.40777587890625,-52.02760696411133,-2414.485595703125,-2414.4855235063005,discharge
27822.855706,46.40615463256836,-51.99146270751953,-2412.723876953125,-2412.7238579785626,discharge
27824.075706,46.40449523925781,-52.03032684326172,-2414.441162109375,-2414.4410542951664,discharge
27825.295705999997,46.40338897705078,-51.99036407470703,-2412.529052734375,-2412.529087217117,discharge
27826.515706,46.40190124511719,-52.041053771972656,-2414.803955078125,-2414.8038378189085,discharge
27827.745705999998,46.40058517456055,-52.012969970703125,-2413.43212890625,-2413.4322433074703,discharge
27828.965706,46.39902114868164,-52.02455520629883,-2413.888427734375,-2413.888437267815,discharge
27830.185706,46.397056579589844,-52.029273986816406,-2414.005126953125,-2414.005168961303,discharge
27831.405705999998,46.39570236206055,-52.07061767578125,-2415.852783203125,-2415.852879494196,discharge
27832.625706,46.39406204223633,-52.033233642578125,-2414.032958984375,-2414.033069871948,discharge
27833.845706,46.39261245727539,-52.00648498535156,-2412.716796875,-2412.7167031905265,discharge
27835.065705999998,46.39116287231445,-52.04901885986328,-2414.614501953125,-2414.614511272084,discharge
27836.285706,46.3896369934082,-52.01506805419922,-2412.960205078125,-2412.9601252217253,discharge
27837.515706,46.3885498046875,-52.0283203125,-2413.518310546875,-2413.5183280706406,discharge
27838.735706,46.386775970458984,-52.029273986816406,-2413.47021484375,-2413.470276332082,discharge
27839.955705999997,46.38566970825195,-51.998043060302734,-2411.964111328125,-2411.9640508706652,discharge
27841.175705999998,46.38387680053711,-51.98183059692383,-2411.118896484375,-2411.1188262741052,discharge
27842.395706,46.38296127319336,-52.00204849243164,-2412.009033203125,-2412.00900135118,discharge
27843.615706,46.38080596923828,-52.01854705810547,-2412.662109375,-2412.6621379036806,discharge
27844.835705999998,46.379756927490234,-52.00066375732422,-2411.778076171875,-2411.7781451328483,discharge
27846.055706,46.378326416015625,-51.99165344238281,-2411.285888671875,-2411.2858742591925,discharge
27847.275706,46.37624740600586,-52.041481018066406,-2413.488525390625,-2413.4885990688053,discharge
27848.505706,46.374473571777344,-52.035858154296875,-2413.135498046875,-2413.135528761195,discharge
27849.725705999997,46.374149322509766,-52.006103515625,-2411.73876953125,-2411.738810115494,discharge
27850.945706,46.371803283691406,-52.04243469238281,-2413.301513671875,-2413.301543959533,discharge
27852.165706,46.370391845703125,-52.042293548583984,-2413.221435546875,-2413.221544396947,discharge
27853.385705999997,46.36873245239258,-52.03700256347656,-2412.889892578125,-2412.8898494903115,discharge
27854.605706,46.367225646972656,-52.104331970214844,-2415.933349609375,-2415.933317647723,discharge
27855.825706,46.36558532714844,-52.0843505859375,-2414.92138671875,-2414.921401301399,discharge
27857.045705999997,46.36434555053711,-52.019927978515625,-2411.869873046875,-2411.869916309952,discharge
27858.275706,46.363677978515625,-51.97954177856445,-2409.962646484375,-2409.9627364921616,discharge
27859.495705999998,46.362457275390625,-51.91712188720703,-2407.00537109375,-2407.0053453568835,discharge
27860.715706,46.36026382446289,-51.94864273071289,-2408.352783203125,-2408.352782318616,discharge
27861.935706,46.35875701904297,-51.96866989135742,-2409.202880859375,-2409.202940096293,discharge
27863.155705999998,46.35711669921875,-51.97825622558594,-2409.56201171875,-2409.562089671381,discharge
27864.375706,46.3557243347168,-52.038429260253906,-2412.279052734375,-2412.2790815999906,discharge
27865.595706,46.354522705078125,-51.9618034362793,-2408.66455078125,-2408.664597183815,discharge
27866.815705999998,46.352901458740234,-51.96266174316406,-2408.6201171875,-2408.620139314735,discharge
27868.035706,46.35103225708008,-51.994468688964844,-2409.997314453125,-2409.9972953919496,discharge
27869.265706,46.349849700927734,-51.99851989746094,-2410.12353515625,-2410.1235819180147,discharge
27870.485706,46.3482666015625,-51.9465446472168,-2407.63232421875,-2407.6323003391735,discharge
27871.705705999997,46.34622573852539,-52.0355224609375,-2411.650146484375,-2411.6500703967176,discharge
27872.925705999998,46.34550094604492,-51.99270248413086,-2409.6279296875,-2409.627842165719,discharge
27874.145706,46.34336471557617,-52.04100799560547,-2411.75537109375,-2411.75541370656,discharge
27875.365706,46.34199142456055,-52.04801559448242,-2412.0087890625,-2412.008692344898,discharge
27876.585705999998,46.34071350097656,-52.008056640625,-2410.09033203125,-2410.0904525257647,discharge
27877.805706,46.33962631225586,-51.938819885253906,-2406.825439453125,-2406.8255045822298,discharge
27879.035706,46.337642669677734,-51.96065902709961,-2407.734375,-2407.7344508787064,discharge
27880.255706,46.33604049682617,-51.982879638671875,-2408.680908203125,-2408.6808160791406,discharge
27881.475705999997,46.33466720581055,-52.00572204589844,-2409.667724609375,-2409.667823794589,discharge
27882.695706,46.33340835571289,-51.984169006347656,-2408.603759765625,-2408.6037306034996,discharge
27883.915706,46.33134841918945,-52.049400329589844,-2411.518798828125,-2411.5189016801014,discharge
27885.135705999997,46.33033752441406,-52.01964569091797,-2410.087646484375,-2410.087742760661,discharge
27886.355706,46.32942199707031,-51.981449127197266,-2408.2705078125,-2408.2704926331644,discharge
27887.575706,46.327476501464844,-52.025840759277344,-2410.225830078125,-2410.225915244373,discharge
27888.795705999997,46.32617950439453,-51.99131774902344,-2408.55908203125,-2408.559118711273,discharge
27890.025706,46.32453918457031,-52.014495849609375,-2409.547607421875,-2409.5475511508994,discharge
27891.245705999998,46.32270812988281,-52.09574890136719,-2413.216064453125,-2413.2161711656954,discharge
27892.465706,46.32129669189453,-52.04338836669922,-2410.71728515625,-2410.717233385367,discharge
27893.685706,46.319847106933594,-52.07152557373047,-2411.945068359375,-2411.945103199978,discharge
27894.905705999998,46.318397521972656,-52.01869201660156,-2409.42236328125,-2409.4224553980166,discharge
27896.125706,46.31685256958008,-52.07014083862305,-2411.72509765625,-2411.7250364997744,discharge
27897.345706,46.315364837646484,-52.07929611206055,-2412.071533203125,-2412.0715999179083,discharge
27898.565705999998,46.31368637084961,-52.0503044128418,-2410.641357421875,-2410.6414740836044,discharge
27899.795705999997,46.31254196166992,-52.03556823730469,-2409.8994140625,-2409.899437489512,discharge
27901.015706,46.31147384643555,-52.008628845214844,-2408.59619140625,-2408.5962545541406,discharge
27902.235706,46.30939483642578,-52.01878356933594,-2408.95849609375,-2408.958387222956,discharge
27903.455705999997,46.308441162109375,-52.00676727294922,-2408.352294921875,-2408.3523222908843,discharge
27904.675705999998,46.306400299072266,-52.00047302246094,-2407.954833984375,-2407.9547195191844,discharge
27905.895706,46.304664611816406,-52.046730041503906,-2410.00634765625,-2410.0063787135878,discharge
27907.115706,46.303348541259766,-52.03289794921875,-2409.29736328125,-2409.2974093544763,discharge
27908.335705999998,46.30176544189453,-52.065704345703125,-2410.734130859375,-2410.734030181775,discharge
27909.555706,46.30096435546875,-51.980926513671875,-2406.76708984375,-2406.767025673762,discharge
27910.785706,46.299190521240234,-52.020931243896484,-2408.527099609375,-2408.527006753502,discharge
27912.005706,46.29749298095703,-52.02021789550781,-2408.40576171875,-2408.4056728851283,discharge
27913.225705999997,46.29631042480469,-51.99284362792969,-2407.076904296875,-2407.076828466961,discharge
27914.445706,46.29467010498047,-51.99542236328125,-2407.11083984375,-2407.1109252772294,discharge
27915.665706,46.29362106323242,-51.975250244140625,-2406.12255859375,-2406.1225394689245,discharge
27916.885705999997,46.291770935058594,-51.97711181640625,-2406.112548828125,-2406.1125540710054,discharge
27918.105706,46.290016174316406,-52.025794982910156,-2408.27490234375,-2408.2748912405805,discharge
27919.325706,46.289024353027344,-52.02403259277344,-2408.1416015625,-2408.141711629578,discharge
27920.555706,46.28732681274414,-52.02412414550781,-2408.0576171875,-2408.0576364698936,discharge
27921.775706,46.28610610961914,-51.989173889160156,-2406.37646484375,-2406.376419185108,discharge
27922.995705999998,46.28456115722656,-52.03657150268555,-2408.489990234375,-2408.489876128442,discharge
27924.215706,46.28265380859375,-52.02326965332031,-2407.77490234375,-2407.774979355745,discharge
27925.435706,46.2816047668457,-52.046630859375,-2408.801513671875,-2408.8015988795087,discharge
27926.655705999998,46.28032684326172,-51.94468688964844,-2404.01708984375,-2404.0170870238217,discharge
27927.875706,46.279029846191406,-51.98049545288086,-2405.60693359375,-2405.60690048369,discharge
27929.095706,46.27708435058594,-51.99408721923828,-2406.134765625,-2406.134759976412,discharge
27930.315705999998,46.27523422241211,-52.077293395996094,-2409.888916015625,-2409.8889495689946,discharge
27931.545705999997,46.274070739746094,-52.03218460083008,-2407.740966796875,-2407.7409909623384,discharge
27932.765706,46.27265930175781,-52.015830993652344,-2406.910888671875,-2406.9108258670894,discharge
27933.985706,46.2708854675293,-52.080963134765625,-2409.832275390625,-2409.832280247356,discharge
27935.205705999997,46.26953125,-52.048492431640625,-2408.25927734375,-2408.2593470811844,discharge
27936.425705999998,46.26850128173828,-51.97444152832031,-2404.779541015625,-2404.7795144707197,discharge
27937.645706,46.26686096191406,-52.00657653808594,-2406.18115234375,-2406.181045792764,discharge
27938.865706,46.265602111816406,-51.99627685546875,-2405.63916015625,-2405.6390562909655,discharge
27940.085705999998,46.26443862915039,-51.94206237792969,-2403.0703125,-2403.0703571552294,discharge
27941.315705999998,46.26241683959961,-51.99165344238281,-2405.259521484375,-2405.2595437315176,discharge
27942.535706,46.26117706298828,-52.003143310546875,-2405.7265625,-2405.7266205211636,discharge
27943.755706,46.259613037109375,-51.9847412109375,-2404.7939453125,-2404.7940122522414,discharge
27944.975705999997,46.257667541503906,-52.06150817871094,-2408.243896484375,-2408.243937040097,discharge
27946.195706,46.256370544433594,-51.99894714355469,-2405.282470703125,-2405.2825669926824,discharge
27947.415706,46.25478744506836,-52.02155303955078,-2406.245849609375,-2406.245878406771,discharge
27948.635705999997,46.25368118286133,-51.97591781616211,-2404.07763671875,-2404.077531855364,discharge
27949.855706,46.252193450927734,-52.045631408691406,-2407.224609375,-2407.2246121904755,discharge
27951.075706,46.250267028808594,-52.0335693359375,-2406.56640625,-2406.566476249136,discharge
27952.305706,46.24887466430664,-52.05526351928711,-2407.497314453125,-2407.4973581209633,discharge
27953.525706,46.24799728393555,-51.991127014160156,-2404.485595703125,-2404.485500939627,discharge
27954.745705999998,46.2455940246582,-52.03285217285156,-2406.2900390625,-2406.290157530748,discharge
27955.965706,46.245174407958984,-51.9709587097168,-2403.406005859375,-2403.4060496796883,discharge
27957.185706,46.2428092956543,-52.0172119140625,-2405.422119140625,-2405.422010633629,discharge
27958.405705999998,46.241703033447266,-51.990509033203125,-2404.129638671875,-2404.1296792711364,discharge
27959.625706,46.239967346191406,-52.03418731689453,-2406.05908203125,-2406.05912241881,discharge
27960.845706,46.2384033203125,-52.02183532714844,-2405.406494140625,-2405.4066033195704,discharge
27962.065705999998,46.23727798461914,-51.95708465576172,-2402.354248046875,-2402.3541664988443,discharge
27963.295705999997,46.23584747314453,-52.014732360839844,-2404.9453125,-2404.945231792226,discharge
27964.515706,46.2342643737793,-51.95789337158203,-2402.23486328125,-2402.2349784463586,discharge
27965.735706,46.23289108276367,-52.00328826904297,-2404.262451171875,-2404.2623624882253,discharge
27966.955705999997,46.23136520385742,-51.970481872558594,-2402.666259765625,-2402.6663272707083,discharge
27968.175705999998,46.22978210449219,-52.022457122802734,-2404.98681640625,-2404.986857327458,discharge
27969.395706,46.228599548339844,-52.0233154296875,-2404.965087890625,-2404.965016175993,discharge
27970.615706,46.22629165649414,-52.02698516845703,-2405.0146484375,-2405.0145904051897,discharge
27971.835705999998,46.22507095336914,-52.01749801635742,-2404.512451171875,-2404.5125366228604,discharge
27973.065705999998,46.223716735839844,-52.010108947753906,-2404.1005859375,-2404.100543401146,discharge
27974.285706,46.22264862060547,-52.013160705566406,-2404.18603515625,-2404.1860509404796,discharge
27975.505706,46.22037887573242,-52.03237533569336,-2404.9560546875,-2404.956101820062,discharge
27976.725705999997,46.21976852416992,-51.9169807434082,-2399.5908203125,-2399.5908324341144,discharge
27977.945706,46.218013763427734,-51.99565887451172,-2403.135986328125,-2403.136077500676,discharge
27979.165706,46.216278076171875,-52.064178466796875,-2406.212646484375,-2406.2125498289242,discharge
27980.385705999997,46.215248107910156,-51.98831558227539,-2402.65283203125,-2402.652903347189,discharge
27981.605706,46.213531494140625,-52.00019073486328,-2403.112548828125,-2403.112452226924,discharge
27982.825706,46.21177673339844,-52.02360153198242,-2404.10302734375,-2404.1030588632566,discharge
27984.055706,46.21023178100586,-52.009056091308594,-2403.3505859375,-2403.3505366907048,discharge
27985.275706,46.2089729309082,-52.047061920166016,-2405.041259765625,-2405.0412754022545,discharge
27986.495705999998,46.20750427246094,-51.990936279296875,-2402.371337890625,-2402.3714102548547,discharge
27987.715706,46.20586395263672,-52.05678939819336,-2405.328857421875,-2405.328928743984,discharge
27988.935706,46.20464324951172,-52.017738342285156,-2403.4609375,-2403.4610427517327,discharge
27990.155705999998,46.20330810546875,-51.99117660522461,-2402.164306640625,-2402.1643514570314,discharge
27991.375706,46.201744079589844,-51.9679069519043,-2401.008056640625,-2401.0079373438202,discharge
27992.595706,46.20016098022461,-52.01744842529297,-2403.214599609375,-2403.2144910290663,discharge
27993.825706,46.19915008544922,-51.988365173339844,-2401.818359375,-2401.8182853402686,discharge
27995.045705999997,46.196842193603516,-52.06980895996094,-2405.460693359375,-2405.460747574398,discharge
27996.265706,46.19556427001953,-52.01573181152344,-2402.89599609375,-2402.8960819513304,discharge
27997.485706,46.19401931762695,-52.034664154052734,-2403.690185546875,-2403.6902811185428,discharge
27998.705705999997,46.19306564331055,-51.994659423828125,-2401.792724609375,-2401.792715866468,discharge
27999.925705999998,46.19117736816406,-52.04319763183594,-2403.9365234375,-2403.9365726185497,discharge
28001.145706,46.18959426879883,-52.036903381347656,-2403.5634765625,-2403.563454189134,discharge
28002.365706,46.188411712646484,-52.02765655517578,-2403.07470703125,-2403.0748214146297,discharge
28003.585705999998,46.18724822998047,-51.98841094970703,-2401.20166015625,-2401.2016416163533,discharge
28004.815705999998,46.185150146484375,-52.04505920410156,-2403.708984375,-2403.7088737240992,discharge
28006.035706,46.18438720703125,-51.966094970703125,-2400.022216796875,-2400.0222517643124,discharge
28007.255706,46.18278503417969,-52.016448974609375,-2402.264404296875,-2402.264481235761,discharge
28008.475705999997,46.18104934692383,-51.993560791015625,-2401.1171875,-2401.1171966121765,discharge
28009.695706,46.17982864379883,-51.99146270751953,-2400.956787109375,-2400.956838773709,discharge
28010.915706,46.177825927734375,-52.06665802001953,-2404.324951171875,-2404.325070687337,discharge
28012.135705999997,46.17626190185547,-52.01549530029297,-2401.881103515625,-2401.8811339410604,discharge
28013.355706,46.175880432128906,-51.99089050292969,-2400.72509765625,-2400.7251434231875,discharge
28014.585705999998,46.174468994140625,-51.978206634521484,-2400.066162109375,-2400.066090616747,discharge
28015.805706,46.17216110229492,-52.06451416015625,-2403.93115234375,-2403.9311355154496,discharge
28017.025706,46.17115020751953,-51.959564208984375,-2399.032958984375,-2399.0328438102733,discharge
28018.245705999998,46.1699104309082,-51.96251678466797,-2399.104736328125,-2399.1047457126842,discharge
28019.465706,46.16783142089844,-51.981590270996094,-2399.877197265625,-2399.877296621562,discharge
28020.685706,46.16630554199219,-52.005531311035156,-2400.9033203125,-2400.9032483788906,discharge
28021.905705999998,46.164913177490234,-52.03533172607422,-2402.20654296875,-2402.2065712961194,discharge
28023.125706,46.16302490234375,-52.06455993652344,-2403.45751953125,-2403.4575768793,discharge
28024.345706,46.161746978759766,-52.029563903808594,-2401.775634765625,-2401.7755643428245,discharge
28025.575706,46.1604118347168,-51.97300720214844,-2399.095458984375,-2399.095416739874,discharge
28026.795705999997,46.15877151489258,-52.04090881347656,-2402.14453125,-2402.144419348624,discharge
28028.015706,46.15659713745117,-52.071144104003906,-2403.4267578125,-2403.426820894674,discharge
28029.235706,46.15602493286133,-52.018592834472656,-2400.971435546875,-2400.9714678402815,discharge
28030.455705999997,46.15476608276367,-51.99103546142578,-2399.634033203125,-2399.634080122778,discharge
28031.675705999998,46.15236282348633,-52.0538330078125,-2402.407470703125,-2402.407387329731,discharge
28032.895706,46.15190505981445,-51.9908447265625,-2399.4765625,-2399.4765297998674,discharge
28034.115706,46.15001678466797,-52.06379699707031,-2402.7451171875,-2402.7451052883407,discharge
28035.345706,46.14856719970703,-52.010772705078125,-2400.22265625,-2400.222639288986,discharge
28036.565705999998,46.14755630493164,-51.961517333984375,-2397.89697265625,-2397.8970468597254,discharge
28037.785706,46.14570617675781,-51.994850158691406,-2399.339111328125,-2399.339078127523,discharge
28039.005706,46.14450454711914,-51.970436096191406,-2398.150146484375,-2398.150024756469,discharge
28040.225705999997,46.14288330078125,-51.977874755859375,-2398.408935546875,-2398.409009082243,discharge
28041.445706,46.1412239074707,-52.026702880859375,-2400.57568359375,-2400.5757467931835,discharge
28042.665706,46.13985061645508,-51.99971008300781,-2399.2587890625,-2399.2588553289534,discharge
28043.885705999997,46.138153076171875,-52.03886032104492,-2400.976806640625,-2400.9769034018973,discharge
28045.105706,46.13679885864258,-52.062843322753906,-2402.012939453125,-2402.01293039092,discharge
28046.335705999998,46.13584518432617,-51.99089050292969,-2398.6435546875,-2398.643675238418,discharge
28047.555706,46.1338996887207,-52.014732360839844,-2399.642333984375,-2399.64244507064,discharge
28048.775706,46.13208770751953,-51.9989013671875,-2398.81787109375,-2398.817878565751,discharge
28049.995705999998,46.13080978393555,-52.01544952392578,-2399.514892578125,-2399.514807814121,discharge
28051.215706,46.12955093383789,-52.03251647949219,-2400.236572265625,-2400.2366191564943,discharge
28052.435706,46.127357482910156,-52.04444122314453,-2400.672607421875,-2400.6725452982937,discharge
28053.655705999998,46.126041412353516,-52.03861999511719,-2400.33544921875,-2400.335540936503,discharge
28054.875706,46.12525939941406,-52.0167350769043,-2399.285400390625,-2399.285398532811,discharge
28056.105706,46.12388610839844,-51.98707580566406,-2397.845947265625,-2397.845963569125,discharge
28057.325706,46.12253189086914,-51.98688507080078,-2397.766845703125,-2397.766764584958,discharge
28058.545705999997,46.12081527709961,-51.99360656738281,-2397.987548828125,-2397.987524084456,discharge
28059.765706,46.11919403076172,-52.01087188720703,-2398.699462890625,-2398.699492275191,discharge
28060.985706,46.11793518066406,-51.98173522949219,-2397.290283203125,-2397.2902958921622,discharge
28062.205705999997,46.11654281616211,-52.00409698486328,-2398.249267578125,-2398.2491652182944,discharge
28063.425705999998,46.11513137817383,-51.98345184326172,-2397.2236328125,-2397.2237112429866,discharge
28064.645706,46.11289978027344,-52.003143310546875,-2398.015625,-2398.015735738445,discharge
28065.865706,46.111602783203125,-52.03981399536133,-2399.63916015625,-2399.6392318658764,discharge
28067.095706,46.109981536865234,-52.00204849243164,-2397.8134765625,-2397.8134958651935,discharge
28068.315705999998,46.10868453979492,-52.021121978759766,-2398.62548828125,-2398.625502724826,discharge
28069.535706,46.107215881347656,-52.01883316040039,-2398.443603515625,-2398.443570422387,discharge
28070.755706,46.10614776611328,-52.04477310180664,-2399.583984375,-2399.583999085735,discharge
28071.975705999997,46.1042594909668,-52.02880096435547,-2398.749267578125,-2398.749340664508,discharge
28073.195706,46.10280990600586,-52.02069091796875,-2398.300048828125,-2398.3000245701987,discharge
28074.415706,46.10118865966797,-52.04052734375,-2399.130126953125,-2399.1301690228283,discharge
28075.635705999997,46.09973907470703,-52.041961669921875,-2399.120849609375,-2399.120853919303,discharge
28076.865706,46.09903335571289,-51.99169921875,-2396.76708984375,-2396.767076505348,discharge
28078.085705999998,46.09699249267578,-52.03547668457031,-2398.678955078125,-2398.6789780814433,discharge
28079.305706,46.095638275146484,-51.997802734375,-2396.871826171875,-2396.871905946173,discharge
28080.525706,46.094932556152344,-51.95927429199219,-2395.059326171875,-2395.059244156,discharge
28081.745705999998,46.092681884765625,-52.00042724609375,-2396.839111328125,-2396.8391509260982,discharge
28082.965706,46.09128952026367,-51.97439193725586,-2395.566650390625,-2395.5667464197177,discharge
28084.185706,46.09001159667969,-52.039241790771484,-2398.4892578125,-2398.489257619076,discharge
28085.405705999998,46.08865737915039,-51.967384338378906,-2395.10693359375,-2395.1069716621714,discharge
28086.625706,46.086997985839844,-51.97114944458008,-2395.1943359375,-2395.1942597741436,discharge
28087.855706,46.085548400878906,-52.04186248779297,-2398.377685546875,-2398.377772553067,discharge
28089.075706,46.083927154541016,-51.99742126464844,-2396.245361328125,-2396.2453737840406,discharge
28090.295705999997,46.08226776123047,-51.96809768676758,-2394.807861328125,-2394.8077926434053,discharge
28091.515706,46.081295013427734,-51.969337463378906,-2394.814453125,-2394.8143713023455,discharge
28092.735706,46.07954025268555,-51.98774337768555,-2395.5712890625,-2395.5713136183476,discharge
28093.955705999997,46.077938079833984,-52.01792907714844,-2396.87890625,-2396.8789150580415,discharge
28095.175705999998,46.07654571533203,-52.03766632080078,-2397.7158203125,-2397.715911149571,discharge
28096.395706,46.07461929321289,-52.04944610595703,-2398.158447265625,-2398.1584137545724,discharge
28097.625706,46.07368469238281,-52.03351974487305,-2397.3759765625,-2397.375982160156,discharge
28098.845706,46.072235107421875,-52.0924072265625,-2400.013671875,-2400.01363305375,discharge
28100.065705999998,46.07065200805664,-52.06103515625,-2398.48583984375,-2398.4858338627964,discharge
28101.285706,46.069583892822266,-51.993751525878906,-2395.33056640625,-2395.330497824034,discharge
28102.505706,46.067962646484375,-52.03032684326172,-2396.93115234375,-2396.931153499754,discharge
28103.725705999997,46.066226959228516,-52.022979736328125,-2396.50244140625,-2396.5023916290374,discharge
28104.945706,46.064605712890625,-52.0111083984375,-2395.87109375,-2395.8712010644376,discharge
28106.165706,46.06376647949219,-51.999759674072266,-2395.3046875,-2395.3047866161796,discharge
28107.385705999997,46.06203079223633,-51.991127014160156,-2394.81689453125,-2394.816893449315,discharge
28108.615706,46.06056213378906,-51.98893737792969,-2394.6396484375,-2394.639680365799,discharge
28109.835705999998,46.058902740478516,-52.00762939453125,-2395.414306640625,-2395.4143440455664,discharge
28111.055706,46.057586669921875,-51.995086669921875,-2394.768310546875,-2394.7682107100263,discharge
28112.275706,46.05619430541992,-52.03614044189453,-2396.586669921875,-2396.586595096014,discharge
28113.495705999998,46.054744720458984,-52.010963439941406,-2395.3515625,-2395.3516438916267,discharge
28114.715706,46.05329513549805,-52.02369689941406,-2395.862548828125,-2395.8626673484105,discharge
28115.935706,46.05173110961914,-52.00896453857422,-2395.102783203125,-2395.102850220137,discharge
28117.155705999998,46.05010986328125,-52.02836990356445,-2395.912109375,-2395.9121500665788,discharge
28118.385705999997,46.04875564575195,-52.011634826660156,-2395.071044921875,-2395.071062868956,discharge
28119.605706,46.04728698730469,-52.042484283447266,-2396.415283203125,-2396.41520933219,discharge
28120.825706,46.0455322265625,-52.027748107910156,-2395.645263671875,-2395.6453521782532,discharge
28122.045705999997,46.04421615600586,-52.08396911621094,-2398.16552734375,-2398.16553224955,discharge
28123.265706,46.04267120361328,-52.016021728515625,-2394.95654296875,-2394.956585766049,discharge
28124.485706,46.041526794433594,-51.98101806640625,-2393.285400390625,-2393.28543610638,discharge
28125.705705999997,46.039981842041016,-52.03886032104492,-2395.8681640625,-2395.868184261417,discharge
28126.925705999998,46.0382080078125,-52.086734771728516,-2397.97998046875,-2397.9799298685975,discharge
28128.145706,46.0368537902832,-52.00886535644531,-2394.324462890625,-2394.324530213198,discharge
28129.375706,46.03485107421875,-52.01850128173828,-2394.6640625,-2394.663959608879,discharge
28130.595706,46.03414535522461,-51.97782516479492,-2392.754638671875,-2392.754758884621,discharge
28131.815705999998,46.03263854980469,-51.98945999145508,-2393.2119140625,-2393.2120201861835,discharge
28133.035706,46.03151321411133,-51.9658088684082,-2392.064697265625,-2392.064817608116,discharge
28134.255706,46.030235290527344,-51.97425079345703,-2392.386962890625,-2392.3869930717046,discharge
28135.475705999997,46.028079986572266,-52.016639709472656,-2394.22607421875,-2394.2260531803186,discharge
28136.695706,46.026878356933594,-51.982879638671875,-2392.609619140625,-2392.6096777722705,discharge
28137.915706,46.02521896362305,-52.033138275146484,-2394.836669921875,-2394.836582478092,discharge
28139.145706,46.02346420288086,-52.046058654785156,-2395.33984375,-2395.339917399542,discharge
28140.365706,46.02283477783203,-51.99880599975586,-2393.132568359375,-2393.132457171305,discharge
28141.585705999998,46.0211181640625,-51.99217987060547,-2392.73828125,-2392.738253432326,discharge
28142.805706,46.01968765258789,-52.033424377441406,-2394.56201171875,-2394.561937344406,discharge
28144.025706,46.01787567138672,-52.011444091796875,-2393.4560546875,-2393.45616770559,discharge
28145.245705999998,46.01663589477539,-52.00366973876953,-2393.033935546875,-2393.033935561107,discharge
28146.465706,46.014957427978516,-51.991939544677734,-2392.406982421875,-2392.4068847463786,discharge
28147.685706,46.013851165771484,-51.96695327758789,-2391.19970703125,-2391.19965365353,discharge
28148.905705999998,46.0118293762207,-52.03986358642578,-2394.44921875,-2394.449324100424,discharge
28150.135705999997,46.0107421875,-52.02198028564453,-2393.56982421875,-2393.569923005998,discharge
28151.355706,46.00933074951172,-51.97410583496094,-2391.2939453125,-2391.2938257708447,discharge
28152.575706,46.00788116455078,-52.035858154296875,-2394.0595703125,-2394.0595782583114,discharge
28153.795705999997,46.00584030151367,-52.022789001464844,-2393.35205078125,-2393.3521228407335,discharge
28155.015706,46.004371643066406,-52.042484283447266,-2394.181884765625,-2394.1817882041505,discharge
28156.235706,46.003665924072266,-51.98850631713867,-2391.661865234375,-2391.661876505168,discharge
28157.455705999997,46.0020637512207,-51.9892692565918,-2391.61376953125,-2391.6136787211144,discharge
28158.675705999998,46.00080490112305,-51.99451446533203,-2391.78955078125,-2391.789515848359,discharge
28159.895706,45.999507904052734,-51.981163024902344,-2391.10791015625,-2391.107919425849,discharge
28161.125706,45.99721908569336,-52.05912780761719,-2394.5751953125,-2394.575107177079,discharge
28162.345706,45.99597930908203,-51.98979187011719,-2391.3212890625,-2391.3213911413914,discharge
28163.565705999998,45.99468231201172,-51.98101806640625,-2390.850341796875,-2390.850412219297,discharge
28164.785706,45.99292755126953,-51.995849609375,-2391.44140625,-2391.4413440506905,discharge
28166.005706,45.99142074584961,-52.010108947753906,-2392.018798828125,-2392.0188036536274,discharge
28167.225705999997,45.990562438964844,-51.99432373046875,-2391.248291015625,-2391.2481919978745,discharge
28168.445706,45.98896026611328,-51.980445861816406,-2390.526611328125,-2390.5266593539272,discharge
28169.665706,45.986785888671875,-52.068565368652344,-2394.466064453125,-2394.4659671385307,discharge
28170.895706,45.985679626464844,-52.04491424560547,-2393.32080078125,-2393.3207526852493,discharge
28172.115706,45.983924865722656,-52.050636291503906,-2393.492431640625,-2393.4925484415726,discharge
28173.335705999998,45.9825325012207,-52.06480026245117,-2394.0712890625,-2394.071370237725,discharge
28174.555706,45.981388092041016,-51.99866485595703,-2390.970703125,-2390.9707890097343,discharge
28175.775706,45.98039627075195,-51.9740104675293,-2389.78564453125,-2389.785597077207,discharge
28176.995705999998,45.978755950927734,-51.99408721923828,-2390.62353515625,-2390.623447144608,discharge
28178.215706,45.97738265991211,-51.959991455078125,-2388.984375,-2388.9844101358904,discharge
28179.435706,45.975685119628906,-51.97601318359375,-2389.6328125,-2389.632815902587,discharge
28180.655705999998,45.974388122558594,-51.960418701171875,-2388.848388671875,-2388.8484563783277,discharge
28181.885705999997,45.972862243652344,-52.022361755371094,-2391.616943359375,-2391.6168705691234,discharge
28183.105706,45.97137451171875,-51.992034912109375,-2390.145263671875,-2390.1453085709363,discharge
28184.325706,45.96994400024414,-52.00481414794922,-2390.658447265625,-2390.65839412433,discharge
28185.545705999997,45.968666076660156,-51.934146881103516,-2387.343505859375,-2387.343455953669,discharge
28186.765706,45.96616744995117,-52.01811981201172,-2391.073486328125,-2391.0736057105532,discharge
28187.985706,45.96466064453125,-52.06523132324219,-2393.16064453125,-2393.160689151846,discharge
28189.205705999997,45.96391677856445,-51.97172164916992,-2388.823974609375,-2388.823888721163,discharge
28190.425705999998,45.96147537231445,-52.04668045043945,-2392.142333984375,-2392.142221733593,discharge
28191.655705999998,45.96139907836914,-51.950931549072266,-2387.737548828125,-2387.7374974199483,discharge
28192.875706,45.959205627441406,-52.004478454589844,-2390.08447265625,-2390.084518842341,discharge
28194.095706,45.95787048339844,-52.03423309326172,-2391.382568359375,-2391.382545203087,discharge
28195.315705999998,45.95651626586914,-51.972389221191406,-2388.469970703125,-2388.469950619765,discharge
28196.535706,45.95457077026367,-52.03990936279297,-2391.4716796875,-2391.4716976905765,discharge
28197.755706,45.95390319824219,-51.939918518066406,-2386.842041015625,-2386.8419877038104,discharge
28198.975705999997,45.95212936401367,-51.988075256347656,-2388.962646484375,-2388.9627595657657,discharge
28200.195706,45.95071792602539,-52.004859924316406,-2389.66064453125,-2389.6606491647253,discharge
28201.415706,45.94892501831055,-52.060794830322266,-2392.137451171875,-2392.137558052127,discharge
28202.645706,45.94789505004883,-52.01153564453125,-2389.820556640625,-2389.8205811867956,discharge
28203.865706,45.94635009765625,-52.01954650878906,-2390.1083984375,-2390.108295814134,discharge
28205.085705999998,45.94474792480469,-52.033660888671875,-2390.67333984375,-2390.673433134798,discharge
28206.305706,45.943355560302734,-52.005672454833984,-2389.315185546875,-2389.3151007450797,discharge
28207.525706,45.94156265258789,-52.057838439941406,-2391.618408203125,-2391.6184462468664,discharge
28208.745705999998,45.9406852722168,-52.00462341308594,-2389.1279296875,-2389.128036920738,discharge
28209.965706,45.93854904174805,-52.03256607055664,-2390.300537109375,-2390.3005882002617,discharge
28211.185706,45.937156677246094,-52.03056335449219,-2390.13623046875,-2390.1361408206867,discharge
28212.415706,45.93629837036133,-52.00724792480469,-2389.0205078125,-2389.020458095183,discharge
28213.635705999997,45.93475341796875,-51.946685791015625,-2386.158203125,-2386.1582026910037,discharge
28214.855706,45.933284759521484,-52.00591278076172,-2388.802490234375,-2388.802400937566,discharge
28216.075706,45.93132019042969,-52.001617431640625,-2388.5029296875,-2388.5029406729154,discharge
28217.295705999997,45.93015670776367,-51.97978210449219,-2387.439453125,-2387.439537694736,discharge
28218.515706,45.9284782409668,-52.065181732177734,-2391.274658203125,-2391.274566298307,discharge
28219.735706,45.92704772949219,-52.05616760253906,-2390.7861328125,-2390.7860940962564,discharge
28220.955705999997,45.925540924072266,-52.01573181152344,-2388.8505859375,-2388.8506200056872,discharge
28222.175705999998,45.92458724975586,-51.9963264465332,-2387.909912109375,-2387.909830560602,discharge
28223.405705999998,45.92302322387695,-52.02050018310547,-2388.938720703125,-2388.9386380264477,discharge
28224.625706,45.921382904052734,-52.02169418334961,-2388.908203125,-2388.9081379111303,discharge
28225.845706,45.919647216796875,-52.01049041748047,-2388.303466796875,-2388.3033715432975,discharge
28227.065705999998,45.91896057128906,-52.01287078857422,-2388.376953125,-2388.376962940092,discharge
28228.285706,45.91716766357422,-52.001380920410156,-2387.756103515625,-2387.7561264598626,discharge
28229.505706,45.916404724121094,-51.939918518066406,-2384.894287109375,-2384.894320013409,discharge
28230.725705999997,45.914249420166016,-51.95708465576172,-2385.570556640625,-2385.570544029324,discharge
28231.945706,45.91268539428711,-52.006195068359375,-2387.744140625,-2387.74407272751,discharge
28233.175705999998,45.91169357299805,-51.989173889160156,-2386.9111328125,-2386.911020712432,discharge
28234.395706,45.90982437133789,-52.02393341064453,-2388.40966796875,-2388.409645988868,discharge
28235.615706,45.90789794921875,-52.0701904296875,-2390.43310546875,-2390.4329884424806,discharge
28236.835705999998,45.90696334838867,-51.99284362792969,-2386.83349609375,-2386.8335668058717,discharge
28238.055706,45.905208587646484,-52.02836990356445,-2388.373291015625,-2388.373172898355,discharge
28239.275706,45.90364456176758,-52.01091766357422,-2387.49072265625,-2387.49067776007,discharge
28240.495705999998,45.902252197265625,-52.04205322265625,-2388.847412109375,-2388.8474518898875,discharge
28241.715706,45.90108871459961,-52.0075798034668,-2387.20458984375,-2387.2045343905484,discharge
28242.935706,45.89925765991211,-52.00543212890625,-2387.0107421875,-2387.0107289997395,discharge
28244.165706,45.89820861816406,-52.00204849243164,-2386.80078125,-2386.8008702775114,discharge
28245.385705999997,45.896549224853516,-51.98841094970703,-2386.088623046875,-2386.0886622751423,discharge
28246.605706,45.89487075805664,-52.01983642578125,-2387.443603515625,-2387.4436696164776,discharge
28247.825706,45.893611907958984,-52.01520919799805,-2387.165771484375,-2387.165824244221,discharge
28249.045705999997,45.892333984375,-51.99460983276367,-2386.154052734375,-2386.153999832459,discharge
28250.265706,45.890846252441406,-51.992225646972656,-2385.96728515625,-2385.967233487463,discharge
28251.485706,45.888729095458984,-52.05302429199219,-2388.647216796875,-2388.647130334575,discharge
28252.705705999997,45.88762283325195,-51.99165344238281,-2385.7734375,-2385.773383641208,discharge
28253.935706,45.88666915893555,-52.025413513183594,-2387.27294921875,-2387.2729377362703,discharge
28255.155705999998,45.885257720947266,-51.987266540527344,-2385.44921875,-2385.4491234196757,discharge
28256.375706,45.8833122253418,-51.97014617919922,-2384.5625,-2384.562443536852,discharge
28257.595706,45.88212966918945,-52.00066375732422,-2385.901123046875,-2385.9011973974702,discharge
28258.815705999998,45.88041305541992,-52.00653076171875,-2386.0810546875,-2386.0811129270587,discharge
28260.035706,45.87890625,-51.99561309814453,-2385.501953125,-2385.501858741045,discharge
28261.255706,45.87749481201172,-52.02484130859375,-2386.769287109375,-2386.7693872307427,discharge
28262.475705999997,45.87604522705078,-52.03919219970703,-2387.352294921875,-2387.352334932948,discharge
28263.695706,45.87493896484375,-51.98230743408203,-2384.685302734375,-2384.6851807902567,discharge
28264.925705999998,45.87390899658203,-51.956512451171875,-2383.4482421875,-2383.44832396484,discharge
28266.145706,45.871620178222656,-52.012779235839844,-2385.910400390625,-2385.9104535201914,discharge
28267.365706,45.8698844909668,-52.03275680541992,-2386.736572265625,-2386.7365444111783,discharge
28268.585705999998,45.868568420410156,-52.03065872192383,-2386.57177734375,-2386.5718295455736,discharge
28269.805706,45.86771011352539,-51.96051788330078,-2383.31005859375,-2383.309971619892,discharge
28271.025706,45.86589813232422,-51.96342468261719,-2383.34912109375,-2383.349143099622,discharge
28272.245705999998,45.86463928222656,-51.9481201171875,-2382.581787109375,-2382.5817905645818,discharge
28273.465706,45.8629035949707,-52.01873779296875,-2385.73046875,-2385.730356530985,discharge
28274.695706,45.861568450927734,-51.98373794555664,-2384.0556640625,-2384.0557561252353,discharge
28275.915706,45.859527587890625,-52.081825256347656,-2388.447998046875,-2388.447902171174,discharge
28277.135705999997,45.85836410522461,-52.02627182006836,-2385.839599609375,-2385.8397161620815,discharge
28278.355706,45.857486724853516,-51.9688606262207,-2383.161376953125,-2383.1613362726785,discharge
28279.575706,45.855350494384766,-52.031280517578125,-2385.91259765625,-2385.9126048051985,discharge
28280.795705999997,45.85325241088867,-52.09269714355469,-2388.61962890625,-2388.6195908873924,discharge
28282.015706,45.85264205932617,-52.00238037109375,-2384.446533203125,-2384.446533388691,discharge
28283.235706,45.850830078125,-52.06108093261719,-2387.043701171875,-2387.043775524944,discharge
28284.455705999997,45.84939956665039,-52.05321502685547,-2386.608642578125,-2386.6086544950667,discharge
28285.685706,45.84808349609375,-52.03404235839844,-2385.6611328125,-2385.6611186871305,discharge
28286.905705999998,45.8470344543457,-51.96776580810547,-2382.56787109375,-2382.56794951958,discharge
28288.125706,45.845699310302734,-51.97620391845703,-2382.885498046875,-2382.88541613656,discharge
28289.345706,45.84400177001953,-52.034996032714844,-2385.492431640625,-2385.4924502267386,discharge
28290.565705999998,45.8430290222168,-51.95526885986328,-2381.786865234375,-2381.786898199789,discharge
28291.785706,45.84136962890625,-51.947357177734375,-2381.337890625,-2381.3380016293377,discharge
28293.005706,45.839500427246094,-51.99575424194336,-2383.45947265625,-2383.4593987885455,discharge
28294.225705999997,45.83869934082031,-51.94773864746094,-2381.216796875,-2381.2167732964735,discharge
28295.455705999997,45.83650588989258,-52.0252685546875,-2384.656494140625,-2384.6565285301767,discharge
28296.675705999998,45.83549499511719,-52.016544342041016,-2384.2041015625,-2384.2040578529122,discharge
28297.895706,45.833797454833984,-52.02465057373047,-2384.4873046875,-2384.487297054875,discharge
28299.115706,45.832576751708984,-51.93829345703125,-2380.4658203125,-2380.4658212221693,discharge
28300.335705999998,45.83061218261719,-52.03895568847656,-2384.977294921875,-2384.97719654697,discharge
28301.555706,45.829410552978516,-52.02050018310547,-2384.06884765625,-2384.0688600628346,discharge
28302.775706,45.82794189453125,-52.076194763183594,-2386.544921875,-2386.5448276954703,discharge
28303.995705999998,45.82695007324219,-51.98163986206055,-2382.159912109375,-2382.1600146839046,discharge
28305.215706,45.82529067993164,-51.96137237548828,-2381.14501953125,-2381.1449932349205,discharge
28306.445706,45.82328796386719,-52.00762939453125,-2383.16064453125,-2383.160578063689,discharge
28307.665706,45.82204818725586,-52.014923095703125,-2383.430419921875,-2383.4303125477163,discharge
28308.885705999997,45.8209228515625,-51.982643127441406,-2381.892578125,-2381.8926803627983,discharge
28310.105706,45.81901550292969,-52.03337860107422,-2384.1181640625,-2384.1181807924295,discharge
28311.325706,45.817718505859375,-52.014495849609375,-2383.185546875,-2383.185529061593,discharge
28312.545705999997,45.81666946411133,-51.984596252441406,-2381.760986328125,-2381.7610637233884,discharge
28313.765706,45.81483840942383,-52.01268005371094,-2382.95263671875,-2382.9525319018285,discharge
28314.985706,45.81331253051758,-52.046871185302734,-2384.439697265625,-2384.439575847864,discharge
28316.215706,45.811805725097656,-52.04930114746094,-2384.472412109375,-2384.472472294583,discharge
28317.435706,45.810813903808594,-51.98545455932617,-2381.49609375,-2381.4959845221892,discharge
28318.655705999998,45.80934524536133,-51.965476989746094,-2380.50439453125,-2380.5044762631587,discharge
28319.875706,45.8074951171875,-51.98817443847656,-2381.447998046875,-2381.448046742007,discharge
28321.095706,45.805606842041016,-52.00672149658203,-2382.199462890625,-2382.1994380159595,discharge
28322.315705999998,45.804481506347656,-52.01749801635742,-2382.634521484375,-2382.6345258967194,discharge
28323.535706,45.80284118652344,-52.03643035888672,-2383.416259765625,-2383.416355641675,discharge
28324.755706,45.8021354675293,-51.961753845214844,-2379.959228515625,-2379.9592887489416,discharge
28325.975705999997,45.80055236816406,-51.970436096191406,-2380.274658203125,-2380.2746800199384,discharge
28327.205705999997,45.798912048339844,-52.004051208496094,-2381.72900390625,-2381.728967455274,discharge
28328.425705999998,45.79719543457031,-52.029991149902344,-2382.82763671875,-2382.8276731510414,discharge
28329.645706,45.79591751098633,-51.98202133178711,-2380.564453125,-2380.564360964854,discharge
28330.865706,45.794429779052734,-52.01292037963867,-2381.902099609375,-2381.902029928824,discharge
28332.085705999998,45.791873931884766,-52.09951400756836,-2385.734375,-2385.7343773470348,discharge
28333.305706,45.79103469848633,-52.02913284301758,-2382.4677734375,-2382.4678273467725,discharge
28334.525706,45.78996658325195,-51.990272521972656,-2380.6328125,-2380.63284143529,discharge
28335.745705999998,45.78826904296875,-52.03866958618164,-2382.760498046875,-2382.7606036502402,discharge
28336.975705999997,45.78712463378906,-52.0130615234375,-2381.528564453125,-2381.528530558571,discharge
28338.195706,45.78592300415039,-51.96685791015625,-2379.3505859375,-2379.3505550420377,discharge
28339.415706,45.78439712524414,-51.986839294433594,-2380.18603515625,-2380.1860955425946,discharge
28340.635705999997,45.782814025878906,-51.99394226074219,-2380.428955078125,-2380.4289889958454,discharge
28341.855706,45.780696868896484,-52.055213928222656,-2383.1240234375,-2383.1239692935196,discharge
28343.075706,45.77943801879883,-51.99165344238281,-2380.148681640625,-2380.1486762604327,discharge
28344.295705999997,45.77821731567383,-52.03709411621094,-2382.165283203125,-2382.165402928076,discharge
28345.515706,45.77688217163086,-52.009918212890625,-2380.851806640625,-2380.851897787652,discharge
28346.735706,45.775718688964844,-51.960086822509766,-2378.51025390625,-2378.510317441396,discharge
28347.965706,45.773773193359375,-51.985023498535156,-2379.55078125,-2379.5506750734057,discharge
28349.185706,45.77259063720703,-52.03075408935547,-2381.58251953125,-2381.5824074772536,discharge
28350.405705999998,45.771236419677734,-51.975013732910156,-2378.960693359375,-2378.9606414850277,discharge
28351.625706,45.76967239379883,-52.007389068603516,-2380.361083984375,-2380.3611597268173,discharge
28352.845706,45.768089294433594,-52.007389068603516,-2380.27880859375,-2380.2788268621953,discharge
28354.065705999998,45.76637268066406,-52.04315185546875,-2381.826171875,-2381.826283293776,discharge
28355.285706,45.764827728271484,-52.020263671875,-2380.698486328125,-2380.698405322619,discharge
28356.505706,45.763702392578125,-51.99436950683594,-2379.454833984375,-2379.454852200579,discharge
28357.735706,45.7621955871582,-51.994659423828125,-2379.389892578125,-2379.389774040901,discharge
28358.955705999997,45.7606315612793,-52.025604248046875,-2380.724609375,-2380.7245077478,discharge
28360.175705999998,45.7591438293457,-52.03123092651367,-2380.904541015625,-2380.9045795842394,discharge
28361.395706,45.75773239135742,-52.00581359863281,-2379.668212890625,-2379.668101441057,discharge
28362.615706,45.75634002685547,-51.995704650878906,-2379.133056640625,-2379.1331419415656,discharge
28363.835705999998,45.755043029785156,-51.9847412109375,-2378.56396484375,-2378.564070998691,discharge
28365.055706,45.75345993041992,-52.02918243408203,-2380.51513671875,-2380.5151137102803,discharge
28366.275706,45.751094818115234,-52.090309143066406,-2383.188720703125,-2383.188672709366,discharge
28367.495705999998,45.75103759765625,-51.95918273925781,-2377.1865234375,-2377.186523047276,discharge
28368.725705999997,45.74909210205078,-52.0313720703125,-2380.387939453125,-2380.388033040799,discharge
28369.945706,45.747528076171875,-52.003814697265625,-2379.0458984375,-2379.045972931199,discharge
28371.165706,45.74617385864258,-52.02007293701172,-2379.71923828125,-2379.7193007158057,discharge
28372.385705999997,45.74462890625,-52.002620697021484,-2378.840576171875,-2378.8405859377235,discharge
28373.605706,45.742835998535156,-51.9953727722168,-2378.415771484375,-2378.415809402213,discharge
28374.825706,45.74197769165039,-51.97029113769531,-2377.223876953125,-2377.223897849035,discharge
28376.045705999997,45.74024200439453,-52.027320861816406,-2379.7421875,-2379.7422470597667,discharge
28377.265706,45.73894500732422,-52.026939392089844,-2379.6572265625,-2379.6573197541875,discharge
28378.485706,45.73709487915039,-52.01373291015625,-2378.95703125,-2378.9570371306036,discharge
28379.715706,45.735836029052734,-52.034759521484375,-2379.853271484375,-2379.8532292858,discharge
28380.935706,45.73427200317383,-52.005149841308594,-2378.417724609375,-2378.4176684082195,discharge
28382.155705999998,45.73286056518555,-52.020599365234375,-2379.05078125,-2379.0508172876434,discharge
28383.375706,45.731163024902344,-52.03681182861328,-2379.703857421875,-2379.7039250304806,discharge
28384.595706,45.729923248291016,-52.0085334777832,-2378.34619140625,-2378.3462441951997,discharge
28385.815705999998,45.72914123535156,-51.93333435058594,-2374.86669921875,-2374.866781340679,discharge
28387.035706,45.727291107177734,-51.98659896850586,-2377.206298828125,-2377.206344704973,discharge
28388.255706,45.72572708129883,-52.04811096191406,-2379.937744140625,-2379.9377169416402,discharge
28389.485706,45.7243537902832,-51.999664306640625,-2377.651123046875,-2377.6510477327975,discharge
28390.705705999997,45.722999572753906,-51.94559097290039,-2375.108154296875,-2375.1082338603737,discharge
28391.925705999998,45.721435546875,-52.022216796875,-2378.530517578125,-2378.5304322838783,discharge
28393.145706,45.719852447509766,-52.00529098510742,-2377.67431640625,-2377.674230328921,discharge
28394.365706,45.71807861328125,-52.057743072509766,-2379.97998046875,-2379.979990218999,discharge
28395.585705999998,45.716590881347656,-52.021121978759766,-2378.228271484375,-2378.228350691643,discharge
28396.805706,45.71552276611328,-52.00767517089844,-2377.55810546875,-2377.558058287832,discharge
28398.025706,45.713558197021484,-52.038047790527344,-2378.84423828125,-2378.844326131657,discharge
28399.245705999998,45.712928771972656,-52.00023651123047,-2377.0830078125,-2377.0831077636103,discharge
28400.475705999997,45.71159362792969,-51.948211669921875,-2374.635498046875,-2374.6355415531434,discharge
28401.695706,45.70964813232422,-52.05497741699219,-2379.414794921875,-2379.4147012667963,discharge
28402.915706,45.707855224609375,-52.06794738769531,-2379.914306640625,-2379.9142010393552,discharge
28404.135705999997,45.70730209350586,-51.96137237548828,-2375.01416015625,-2375.014144359593,discharge
28405.355706,45.705413818359375,-52.01091766357422,-2377.180419921875,-2377.180514886277,discharge
28406.575706,45.70405960083008,-51.960227966308594,-2374.79345703125,-2374.793355844886,discharge
28407.795705999997,45.70213317871094,-52.049827575683594,-2378.7880859375,-2378.7881517928327,discharge
28409.015706,45.70066452026367,-52.0319938659668,-2377.896728515625,-2377.896695988966,discharge
28410.245705999998,45.69944381713867,-52.06775665283203,-2379.467529296875,-2379.4675198405457,discharge
28411.465706,45.69826126098633,-52.017356872558594,-2377.102783203125,-2377.1027644681453,discharge
28412.685706,45.69673538208008,-51.97605895996094,-2375.13623046875,-2375.1362124967272,discharge
28413.905705999998,45.69530487060547,-51.990699768066406,-2375.73095703125,-2375.7308763379115,discharge
28415.125706,45.69379806518555,-51.98183059692383,-2375.247314453125,-2375.247270354521,discharge
28416.345706,45.69164276123047,-52.03185272216797,-2377.4208984375,-2377.420826786256,discharge
28417.565705999998,45.69082260131836,-52.02002716064453,-2376.837890625,-2376.837832712772,discharge
28418.785706,45.68990707397461,-51.95861053466797,-2373.984130859375,-2373.9840870218177,discharge
28420.005706,45.68817138671875,-51.97601318359375,-2374.68896484375,-2374.6889983303845,discharge
28421.235706,45.68656921386719,-51.998233795166016,-2375.620849609375,-2375.6209072817,discharge
28422.455705999997,45.68443298339844,-52.02798843383789,-2376.869140625,-2376.869150866696,discharge
28423.675705999998,45.68315505981445,-52.07099914550781,-2378.767578125,-2378.7675280836993,discharge
28424.895706,45.68275451660156,-51.970577239990234,-2374.1591796875,-2374.1591221405542,discharge
28426.115706,45.68065643310547,-51.97763442993164,-2374.37255859375,-2374.372460599261,discharge
28427.335705999998,45.67899703979492,-52.00395584106445,-2375.488525390625,-2375.488544921609,discharge
28428.555706,45.677642822265625,-52.029563903808594,-2376.587890625,-2376.5878361964133,discharge
28429.775706,45.67604064941406,-52.04463195800781,-2377.192626953125,-2377.192724897759,discharge
28431.005706,45.67432403564453,-52.02970504760742,-2376.421630859375,-2376.4216078234313,discharge
28432.225705999997,45.673160552978516,-52.060699462890625,-2377.776611328125,-2377.776685068966,discharge
28433.445706,45.671844482421875,-52.00471878051758,-2375.1513671875,-2375.151428495883,discharge
28434.665706,45.67060470581055,-51.962947845458984,-2373.17919921875,-2373.179250398607,discharge
28435.885705999997,45.6689453125,-52.00796127319336,-2375.148681640625,-2375.1487392000854,discharge
28437.105706,45.667476654052734,-52.00490951538086,-2374.93310546875,-2374.9329911897803,discharge
28438.325706,45.66547393798828,-52.06608581542969,-2377.62255859375,-2377.6224848575657,discharge
28439.545705999997,45.6645393371582,-52.013587951660156,-2375.176513671875,-2375.176533085323,discharge
28440.765706,45.66251754760742,-52.03948211669922,-2376.253662109375,-2376.2537653221807,discharge
28441.995705999998,45.66120147705078,-52.02207565307617,-2375.390380859375,-2375.390477649489,discharge
28443.215706,45.66001892089844,-51.982452392578125,-2373.519775390625,-2373.5197597998194,discharge
28444.435706,45.658111572265625,-52.015830993652344,-2374.944580078125,-2374.944615032291,discharge
28445.655705999998,45.65681457519531,-51.99809265136719,-2374.0673828125,-2374.0672744472977,discharge
28446.875706,45.65561294555664,-52.00782012939453,-2374.448974609375,-2374.448905969766,discharge
28448.095706,45.65427780151367,-52.021263122558594,-2374.9931640625,-2374.9931981829286,discharge
28449.315705999998,45.65263748168945,-51.99689865112305,-2373.795654296875,-2373.795564291868,discharge
28450.535706,45.65116882324219,-52.039955139160156,-2375.684814453125,-2375.68477761175,discharge
28451.765706,45.649967193603516,-52.016448974609375,-2374.549072265625,-2374.549189218669,discharge
28452.985706,45.64830780029297,-52.017974853515625,-2374.532470703125,-2374.532527261181,discharge
28454.205705999997,45.646934509277344,-52.0686149597168,-2376.772705078125,-2376.772657054971,discharge
28455.425705999998,45.64537048339844,-52.039955139160156,-2375.383056640625,-2375.3830322664,discharge
28456.645706,45.644073486328125,-52.045345306396484,-2375.5615234375,-2375.5615657864837,discharge
28457.865706,45.64250946044922,-52.02484130859375,-2374.54443359375,-2374.5443116058595,discharge
28459.085705999998,45.64104080200195,-51.984500885009766,-2372.626708984375,-2372.6267259644374,discharge
28460.305706,45.639801025390625,-52.021121978759766,-2374.233642578125,-2374.2336562281707,discharge
28461.525706,45.63831329345703,-51.9902229309082,-2372.74609375,-2372.7460823174624,discharge
28462.755706,45.636329650878906,-51.98035430908203,-2372.192626953125,-2372.1925846187514,discharge
28463.975705999997,45.635032653808594,-52.010250091552734,-2373.489501953125,-2373.4894612607604,discharge
28465.195706,45.63346862792969,-52.01630401611328,-2373.684326171875,-2373.6843774601584,discharge
28466.415706,45.631961822509766,-52.05226135253906,-2375.246826171875,-2375.246802814363,discharge
28467.635705999997,45.63070297241211,-52.06055450439453,-2375.559814453125,-2375.559699169098,discharge
28468.855706,45.629215240478516,-52.06127166748047,-2375.514892578125,-2375.514970608492,discharge
28470.075706,45.62767028808594,-52.04782485961914,-2374.821044921875,-2374.820991906745,discharge
28471.295705999997,45.62671661376953,-51.98893737792969,-2372.08447265625,-2372.0845127938082,discharge
28472.525706,45.625038146972656,-52.027225494384766,-2373.744140625,-2373.7441478624532,discharge
28473.745705999998,45.62339782714844,-52.00347900390625,-2372.575439453125,-2372.575410990976,discharge
28474.965706,45.62166213989258,-52.07981872558594,-2375.9677734375,-2375.9678942055325,discharge
28476.185706,45.6207275390625,-52.029273986816406,-2373.61328125,-2373.6133326077834,discharge
28477.405705999998,45.6190299987793,-52.00934600830078,-2372.615966796875,-2372.6159157695656,discharge
28478.625706,45.61758041381836,-52.01072692871094,-2372.603515625,-2372.603518051619,discharge
28479.845706,45.61616897583008,-52.04601287841797,-2374.1396484375,-2374.1397179801424,discharge
28481.065705999998,45.614776611328125,-52.02002716064453,-2372.8818359375,-2372.881918248022,discharge
28482.285706,45.613250732421875,-51.997520446777344,-2371.77587890625,-2371.775937603088,discharge
28483.515706,45.61164855957031,-52.055885314941406,-2374.354736328125,-2374.3547464424046,discharge
28484.735706,45.610599517822266,-52.0335693359375,-2373.2822265625,-2373.2822924642824,discharge
28485.955705999997,45.60892105102539,-51.994895935058594,-2371.43115234375,-2371.4311037583684,discharge
28487.175705999998,45.607452392578125,-52.00495910644531,-2371.813720703125,-2371.813696625177,discharge
28488.395706,45.60626983642578,-52.01850128173828,-2372.369873046875,-2372.3698059414164,discharge
28489.615706,45.60474395751953,-52.0390510559082,-2373.2275390625,-2373.22759919698,discharge
28490.835705999998,45.60319900512695,-52.01411437988281,-2372.010009765625,-2372.0100091412314,discharge
28492.055706,45.60224533081055,-52.01120376586914,-2371.82763671875,-2371.827674081942,discharge
28493.285706,45.599918365478516,-52.08344268798828,-2375.000732421875,-2375.0007347653445,discharge
28494.505706,45.599021911621094,-51.9862174987793,-2370.520751953125,-2370.520670829137,discharge
28495.725705999997,45.59734344482422,-51.98869705200195,-2370.54638671875,-2370.5464747290534,discharge
28496.945706,45.596046447753906,-52.01234817504883,-2371.557373046875,-2371.5574432462745,discharge
28498.165706,45.594825744628906,-51.97334289550781,-2369.715576171875,-2369.7155126865255,discharge
28499.385705999997,45.593605041503906,-51.94196701049805,-2368.221435546875,-2368.2215289554733,discharge
28500.605706,45.592193603515625,-51.996185302734375,-2370.6201171875,-2370.6201469665393,discharge
28501.825706,45.59083938598633,-51.96199417114258,-2368.990966796875,-2368.990930432119,discharge
28503.045705999997,45.58870315551758,-52.014305114746094,-2371.2646484375,-2371.2647157166793,discharge
28504.275706,45.58734893798828,-51.992271423339844,-2370.18994140625,-2370.18981945439,discharge
28505.495705999998,45.58574676513672,-52.0014762878418,-2370.526123046875,-2370.526129470818,discharge
28506.715706,45.584354400634766,-51.975868225097656,-2369.286376953125,-2369.286397453543,discharge
28507.935706,45.582923889160156,-51.98302459716797,-2369.538330078125,-2369.538253741048,discharge
28509.155705999998,45.58128356933594,-52.04744338989258,-2372.38916015625,-2372.389276213653,discharge
28510.375706,45.5797004699707,-52.00614929199219,-2370.4248046875,-2370.424707325583,discharge
28511.595706,45.57842254638672,-52.022743225097656,-2371.114501953125,-2371.114572735678,discharge
28512.815705999998,45.57722091674805,-51.98335647583008,-2369.2568359375,-2369.2569220929727,discharge
28514.045705999997,45.575408935546875,-52.00204849243164,-2370.0146484375,-2370.014625528711,discharge
28515.265706,45.574493408203125,-51.97772979736328,-2368.858642578125,-2368.858704023296,discharge
28516.485706,45.572452545166016,-52.020263671875,-2370.69091796875,-2370.690997573547,discharge
28517.705705999997,45.57130813598633,-52.02150344848633,-2370.68798828125,-2370.687963348246,discharge
28518.925705999998,45.570030212402344,-52.010009765625,-2370.09765625,-2370.097716366872,discharge
28520.145706,45.568599700927734,-52.006385803222656,-2369.858154296875,-2369.8581765590643,discharge
28521.365706,45.56682586669922,-52.00090408325195,-2369.51611328125,-2369.51614127247,discharge
28522.585705999998,45.56465148925781,-52.03657150268555,-2371.0283203125,-2371.0282452157116,discharge
28523.805706,45.56388854980469,-52.00910568237305,-2369.737060546875,-2369.737094886659,discharge
28525.035706,45.56241989135742,-51.953460693359375,-2367.12548828125,-2367.125390919973,discharge
28526.255706,45.560874938964844,-52.032470703125,-2370.644775390625,-2370.6448904704303,discharge
28527.475705999997,45.559444427490234,-52.0512580871582,-2371.426513671875,-2371.426400202836,discharge
28528.695706,45.55757522583008,-52.03404235839844,-2370.544677734375,-2370.5447990467655,discharge
28529.915706,45.55671691894531,-52.053497314453125,-2371.386474609375,-2371.386441795621,discharge
28531.135705999997,45.555362701416016,-51.985313415527344,-2368.209716796875,-2368.209807791136,discharge
28532.355706,45.55366516113281,-52.004478454589844,-2368.99462890625,-2368.9945983997313,discharge
28533.575706,45.55234909057617,-51.95679473876953,-2366.754150390625,-2366.754051567841,discharge
28534.805706,45.550689697265625,-51.975250244140625,-2367.508544921875,-2367.508495808579,discharge
28536.025706,45.54887771606445,-52.018165588378906,-2369.369140625,-2369.3690633990627,discharge
28537.245705999998,45.547733306884766,-52.01287078857422,-2369.068359375,-2369.0683672034356,discharge
28538.465706,45.54615020751953,-52.0030517578125,-2368.538818359375,-2368.5388066107407,discharge
28539.685706,45.544471740722656,-52.07357406616211,-2371.663330078125,-2371.6634224947484,discharge
28540.905705999998,45.543460845947266,-52.08153533935547,-2371.973388671875,-2371.9733655247546,discharge
28542.125706,45.54187774658203,-52.046871185302734,-2370.312255859375,-2370.31224461316,discharge
28543.345706,45.540618896484375,-52.01811981201172,-2368.937255859375,-2368.937370070489,discharge
28544.565705999998,45.5390739440918,-52.04186248779297,-2369.938232421875,-2369.938224019861,discharge
28545.795705999997,45.537567138671875,-51.990081787109375,-2367.501953125,-2367.501839925535,discharge
28547.015706,45.536155700683594,-52.00157165527344,-2367.95166015625,-2367.951663574786,discharge
28548.235706,45.534915924072266,-52.011444091796875,-2368.336669921875,-2368.336733809556,discharge
28549.455705999997,45.53335189819336,-51.98845672607422,-2367.208740234375,-2367.208694752335,discharge
28550.675705999998,45.53184509277344,-51.9744873046875,-2366.494384765625,-2366.494304733351,discharge
28551.895706,45.5305290222168,-51.99065399169922,-2367.161865234375,-2367.161980453093,discharge
28553.115706,45.52894592285156,-52.01549530029297,-2368.210693359375,-2368.210672677378,discharge
28554.335705999998,45.52751541137695,-52.02155303955078,-2368.412109375,-2368.412057731912,discharge
28555.565705999998,45.52621841430664,-51.99351501464844,-2367.068115234375,-2367.0681206844165,discharge
28556.785706,45.52492141723633,-51.95655822753906,-2365.318115234375,-2365.3182304187794,discharge
28558.005706,45.5230712890625,-51.978065490722656,-2366.201171875,-2366.201180801727,discharge
28559.225705999997,45.52154541015625,-52.003143310546875,-2367.263427734375,-2367.263449681923,discharge
28560.445706,45.519771575927734,-52.016212463378906,-2367.76611328125,-2367.766109577933,discharge
28561.665706,45.51887512207031,-51.980926513671875,-2366.11328125,-2366.113302705344,discharge
28562.885705999997,45.51689147949219,-52.00829315185547,-2367.255859375,-2367.255835426622,discharge
28564.105706,45.51586151123047,-52.03380584716797,-2368.363525390625,-2368.3635008419515,discharge
28565.325706,45.5143928527832,-52.01692581176758,-2367.518798828125,-2367.5187963908684,discharge
28566.555706,45.512657165527344,-52.069091796875,-2369.802734375,-2369.802723871544,discharge
28567.775706,45.51124572753906,-52.04701232910156,-2368.724365234375,-2368.7243674939964,discharge
28568.995705999998,45.5097770690918,-52.02178955078125,-2367.5,-2367.500045191264,discharge
28570.215706,45.50800323486328,-51.99951934814453,-2366.394287109375,-2366.394294706697,discharge
28571.435706,45.50691604614258,-51.98798370361328,-2365.812744140625,-2365.812809808558,discharge
28572.655705999998,45.505924224853516,-51.970863342285156,-2364.982177734375,-2364.9821691542456,discharge
28573.875706,45.50405502319336,-51.986549377441406,-2365.598876953125,-2365.5988033370522,discharge
28575.095706,45.50233840942383,-52.048397064208984,-2368.32373046875,-2368.323776883699,discharge
28576.325706,45.501060485839844,-51.99165344238281,-2365.67529296875,-2365.6753680406837,discharge
28577.545705999997,45.499935150146484,-52.042293548583984,-2367.9208984375,-2367.920981525458,discharge
28578.765706,45.49802780151367,-52.045345306396484,-2367.96044921875,-2367.9605676898063,discharge
28579.985706,45.49652099609375,-52.020790100097656,-2366.764892578125,-2366.764969022479,discharge
28581.205705999997,45.495662689208984,-51.98674011230469,-2365.171142578125,-2365.1711924609845,discharge
28582.425705999998,45.4942512512207,-51.94630432128906,-2363.25830078125,-2363.2582203650963,discharge
28583.645706,45.492897033691406,-51.983787536621094,-2364.89306640625,-2364.893093824794,discharge
28584.865706,45.49116134643555,-51.96137237548828,-2363.783203125,-2363.7831745155563,discharge
28586.085705999998,45.48961639404297,-52.01988220214844,-2366.364501953125,-2366.3644862390356,discharge
28587.315705999998,45.48818588256836,-52.01496887207031,-2366.066650390625,-2366.0665727287414,discharge
28588.535706,45.48646926879883,-52.021644592285156,-2366.281005859375,-2366.2809380593535,discharge
28589.755706,45.485076904296875,-52.01997756958008,-2366.132568359375,-2366.1326803121483,discharge
28590.975705999997,45.48377990722656,-52.002479553222656,-2365.269287109375,-2365.269334628829,discharge
28592.195706,45.48225402832031,-52.011634826660156,-2365.6064453125,-2365.606387614389,discharge
28593.415706,45.48057556152344,-52.03666687011719,-2366.657470703125,-2366.657559556188,discharge
28594.635705999997,45.47874450683594,-52.05387878417969,-2367.344970703125,-2367.3450538155157,discharge
28595.855706,45.4777717590332,-51.987266540527344,-2364.26513671875,-2364.265042106126,discharge
28597.075706,45.476531982421875,-52.01049041748047,-2365.2568359375,-2365.256730891997,discharge
28598.305706,45.47504425048828,-52.00762939453125,-2365.04931640625,-2365.0492480793037,discharge
28599.525706,45.47353744506836,-51.993656158447266,-2364.33544921875,-2364.335470227161,discharge
28600.745705999998,45.47239303588867,-51.973388671875,-2363.354248046875,-2363.354357094504,discharge
28601.965706,45.470314025878906,-52.020118713378906,-2365.37109375,-2365.3711335608386,discharge
28603.185706,45.4688835144043,-52.01325225830078,-2364.984619140625,-2364.9845081380045,discharge
28604.405705999998,45.466670989990234,-52.060272216796875,-2367.00732421875,-2367.007268530433,discharge
28605.625706,45.466976165771484,-51.91654968261719,-2360.488525390625,-2360.488527028647,discharge
28606.845706,45.46478271484375,-51.952171325683594,-2361.994140625,-2361.9941808865406,discharge
28608.075706,45.46333312988281,-52.00371551513672,-2364.26220703125,-2364.262242456316,discharge
28609.295705999997,45.461673736572266,-51.990081787109375,-2363.55615234375,-2363.5561357432744,discharge
28610.515706,45.46051025390625,-52.02217102050781,-2364.954345703125,-2364.95443910826,discharge
28611.735706,45.45896530151367,-51.99208068847656,-2363.506103515625,-2363.506191970955,discharge
28612.955705999997,45.45734405517578,-52.065372467041016,-2366.753662109375,-2366.7535495951597,discharge
28614.175705999998,45.456085205078125,-51.98406982421875,-2362.9921875,-2362.992307236418,discharge
28615.395706,45.45480728149414,-51.99165344238281,-2363.2705078125,-2363.270587469742,discharge
28616.615706,45.453548431396484,-51.98493194580078,-2362.899658203125,-2362.899621901306,discharge
28617.835705999998,45.45173645019531,-52.06775665283203,-2366.570068359375,-2366.569952937425,discharge
28619.065705999998,45.45055389404297,-51.9841194152832,-2362.70703125,-2362.7070211186947,discharge
28620.285706,45.449161529541016,-51.993988037109375,-2363.083251953125,-2363.083160863607,discharge
28621.505706,45.4472541809082,-51.98392868041992,-2362.52685546875,-2362.526820061248,discharge
28622.725705999997,45.446109771728516,-51.977203369140625,-2362.16162109375,-2362.161689941422,discharge
28623.945706,45.44441223144531,-52.00810241699219,-2363.4775390625,-2363.4776456130203,discharge
28625.165706,45.443878173828125,-51.91545486450195,-2359.239501953125,-2359.2396062012995,discharge
28626.385705999997,45.4414176940918,-52.0054817199707,-2363.202880859375,-2363.202817219644,discharge
28627.605706,45.44004440307617,-52.03104019165039,-2364.292724609375,-2364.2927766468347,discharge
28628.835705999998,45.4387092590332,-52.0191650390625,-2363.683837890625,-2363.6837161076255,discharge
28630.055706,45.43701171875,-52.017879486083984,-2363.537109375,-2363.536999793723,discharge
28631.275706,45.43569564819336,-52.05016326904297,-2364.935302734375,-2364.9353767310095,discharge
28632.495705999998,45.43437957763672,-51.96952819824219,-2361.203369140625,-2361.2032706296304,discharge
28633.715706,45.43291091918945,-51.98731231689453,-2361.934814453125,-2361.93492942155,discharge
28634.935706,45.43111801147461,-51.9703369140625,-2361.070556640625,-2361.0705094388686,discharge
28636.155705999998,45.429935455322266,-51.9862174987793,-2361.73046875,-2361.7305055358884,discharge
28637.375706,45.4279899597168,-52.002952575683594,-2362.3896484375,-2362.389607483783,discharge
28638.595706,45.42661666870117,-52.01606750488281,-2362.9140625,-2362.913959157595,discharge
28639.825706,45.4254150390625,-52.008724212646484,-2362.517822265625,-2362.5178830116056,discharge
28641.045705999997,45.42379379272461,-52.03590393066406,-2363.668212890625,-2363.6681699645123,discharge
28642.265706,45.422401428222656,-52.00190734863281,-2362.051513671875,-2362.0515106228413,discharge
28643.485706,45.420780181884766,-51.995086669921875,-2361.657470703125,-2361.6574021725683,discharge
28644.705705999997,45.41963577270508,-51.98488235473633,-2361.134521484375,-2361.134422239047,discharge
28645.925705999998,45.418338775634766,-52.00962829589844,-2362.19091796875,-2362.190917537955,discharge
28647.145706,45.41648864746094,-51.9871711730957,-2361.07470703125,-2361.0747693965095,discharge
28648.365706,45.41545867919922,-51.995086669921875,-2361.380615234375,-2361.380710179219,discharge
28649.595706,45.413875579833984,-52.04396057128906,-2363.51806640625,-2363.517950066307,discharge
28650.815705999998,45.412235260009766,-51.99523162841797,-2361.2197265625,-2361.2196911084175,discharge
28652.035706,45.410709381103516,-52.02455520629883,-2362.471923828125,-2362.471957154412,discharge
28653.255706,45.409603118896484,-51.979400634765625,-2360.364013671875,-2360.363953182823,discharge
28654.475705999997,45.408287048339844,-51.97186279296875,-2359.953369140625,-2359.9532641400583,discharge
28655.695706,45.406494140625,-52.06804275512695,-2364.227294921875,-2364.227278274484,discharge
28656.915706,45.40550231933594,-51.97071838378906,-2359.756591796875,-2359.756574112689,discharge
28658.135705999997,45.403709411621094,-51.963951110839844,-2359.356201171875,-2359.3561361162574,discharge
28659.355706,45.402069091796875,-51.989410400390625,-2360.4267578125,-2360.426803040318,discharge
28660.585705999998,45.40077209472656,-51.96842956542969,-2359.40673828125,-2359.406826820923,discharge
28661.805706,45.399322509765625,-51.97529602050781,-2359.643310546875,-2359.643226575572,discharge
28663.025706,45.398101806640625,-51.94711685180664,-2358.300537109375,-2358.3004993997747,discharge
28664.245705999998,45.39690017700195,-51.97181701660156,-2359.359375,-2359.3593891200726,discharge
28665.465706,45.39466857910156,-51.9847412109375,-2359.830078125,-2359.8300984408706,discharge
28666.685706,45.39306640625,-51.99627685546875,-2360.2705078125,-2360.270448178053,discharge
28667.905705999998,45.39167404174805,-52.014305114746094,-2361.016357421875,-2361.016383276583,discharge
28669.125706,45.390472412109375,-51.95627212524414,-2358.31982421875,-2358.3197365369415,discharge
28670.355706,45.389060974121094,-51.972434997558594,-2358.97998046875,-2358.980021077732,discharge
28671.575706,45.387725830078125,-51.97639465332031,-2359.09033203125,-2359.090350160841,discharge
28672.795705999997,45.38597106933594,-52.045013427734375,-2362.113525390625,-2362.1134737343527,discharge
28674.015706,45.38414001464844,-52.040626525878906,-2361.819091796875,-2361.8190807005158,discharge
28675.235706,45.38318634033203,-52.02980041503906,-2361.278076171875,-2361.2781274860026,discharge
28676.455705999997,45.38167953491211,-51.97472381591797,-2358.7001953125,-2358.7002601295535,discharge
28677.675705999998,45.38034439086914,-51.97882843017578,-2358.817138671875,-2358.817135195277,discharge
28678.895706,45.37883758544922,-52.00114440917969,-2359.75146484375,-2359.7514864016557,discharge
28680.115706,45.377349853515625,-52.00152587890625,-2359.69140625,-2359.6914327237755,discharge
28681.345706,45.37548065185547,-52.03814697265625,-2361.255859375,-2361.255931116175,discharge
28682.565705999998,45.374412536621094,-51.983306884765625,-2358.7119140625,-2358.712011607131,discharge
28683.785706,45.37271499633789,-51.97978210449219,-2358.4638671875,-2358.4638389988686,discharge
28685.005706,45.37097930908203,-52.007720947265625,-2359.64111328125,-2359.641231010901,discharge
28686.225705999997,45.36945343017578,-52.01435089111328,-2359.862548828125,-2359.862670455186,discharge
28687.445706,45.36794662475586,-52.0679931640625,-2362.218017578125,-2362.2179347253405,discharge
28688.665706,45.3669548034668,-52.015541076660156,-2359.78662109375,-2359.786701102712,discharge
28689.885705999997,45.365352630615234,-52.06122589111328,-2361.77587890625,-2361.77587093247,discharge
28691.115706,45.364017486572266,-52.00199890136719,-2359.01953125,-2359.019587498333,discharge
28692.335705999998,45.36266326904297,-51.99737548828125,-2358.739501953125,-2358.739435148891,discharge
28693.555706,45.360965728759766,-52.042625427246094,-2360.703857421875,-2360.7037484399916,discharge
28694.775706,45.35987854003906,-51.98822021484375,-2358.179443359375,-2358.179354458116,discharge
28695.995705999998,45.358028411865234,-52.060081481933594,-2361.3427734375,-2361.342654981563,discharge
28697.215706,45.35676956176758,-52.003143310546875,-2358.694580078125,-2358.6945876240497,discharge
28698.435706,45.355377197265625,-52.02098083496094,-2359.43115234375,-2359.4312079413794,discharge
28699.655705999998,45.35419464111328,-51.98645782470703,-2357.803955078125,-2357.8039268837892,discharge
28700.875706,45.35268783569336,-51.97620391845703,-2357.260498046875,-2357.2605511981237,discharge
28702.105706,45.35125732421875,-51.95884704589844,-2356.39892578125,-2356.3990426482633,discharge
28703.325706,45.34965515136719,-52.00133514404297,-2358.24267578125,-2358.24261619302,discharge
28704.545705999997,45.34832000732422,-52.001094818115234,-2358.162353515625,-2358.162288543099,discharge
28705.765706,45.34627914428711,-52.05717086791992,-2360.59912109375,-2360.5990016385476,discharge
28706.985706,45.345401763916016,-51.991607666015625,-2357.580322265625,-2357.5803379673744,discharge
28708.205705999997,45.34379959106445,-52.000091552734375,-2357.8818359375,-2357.881730084191,discharge
28709.425705999998,45.342140197753906,-52.02646255493164,-2358.9912109375,-2358.9911591589043,discharge
28710.645706,45.340919494628906,-52.02035903930664,-2358.65087890625,-2358.6509112828935,discharge
28711.875706,45.339603424072266,-52.007911682128906,-2358.01806640625,-2358.0180905818997,discharge
28713.095706,45.337791442871094,-52.0233154296875,-2358.622314453125,-2358.6222251178697,discharge
28714.315705999998,45.33672332763672,-51.96266174316406,-2355.81689453125,-2355.8168188174022,discharge
28715.535706,45.3352165222168,-52.009010314941406,-2357.83984375,-2357.8397437340755,discharge
28716.755706,45.333709716796875,-51.98354721069336,-2356.60693359375,-2356.6070392989786,discharge
28717.975705999997,45.331993103027344,-52.01020050048828,-2357.72607421875,-2357.726050375204,discharge
28719.195706,45.33071517944336,-52.04954147338867,-2359.44287109375,-2359.4429397508065,discharge
28720.415706,45.328941345214844,-52.068233489990234,-2360.197998046875,-2360.1979018167185,discharge
28721.635705999997,45.327701568603516,-52.03361511230469,-2358.564208984375,-2358.564177346125,discharge
28722.865706,45.326786041259766,-52.016639709472656,-2357.7470703125,-2357.7470986965636,discharge
28724.085705999998,45.32543182373047,-51.96623992919922,-2355.392333984375,-2355.3922650465393,discharge
28725.305706,45.32329559326172,-52.00834274291992,-2357.189453125,-2357.1894914530276,discharge
28726.525706,45.32188415527344,-52.00338363647461,-2356.891357421875,-2356.8913288545446,discharge
28727.745705999998,45.32064437866211,-52.02250671386719,-2357.693603515625,-2357.693526465737,discharge
28728.965706,45.31963348388672,-51.98387908935547,-2355.890380859375,-2355.8903474002727,discharge
28730.185706,45.317726135253906,-51.965904235839844,-2354.9765625,-2354.976616530621,discharge
28731.405705999998,45.31639099121094,-52.00267028808594,-2356.5732421875,-2356.5733393619303,discharge
28732.635705999997,45.31423568725586,-52.03714370727539,-2358.0234375,-2358.02339444308,discharge
28733.855706,45.313472747802734,-52.01616287231445,-2357.032958984375,-2357.0329787598894,discharge
28735.075706,45.31221389770508,-52.00634002685547,-2356.5224609375,-2356.5224033336563,discharge
28736.295705999997,45.310325622558594,-52.0298957824707,-2357.491455078125,-2357.4915200115356,discharge
28737.515706,45.30912399291992,-51.999046325683594,-2356.03125,-2356.031237483985,discharge
28738.735706,45.30794143676758,-51.979209899902344,-2355.071044921875,-2355.070998074225,discharge
28739.955705999997,45.30632019042969,-51.97491455078125,-2354.792236328125,-2354.7921205079183,discharge
28741.175705999998,45.30496597290039,-52.003623962402344,-2356.0224609375,-2356.0224140841456,discharge
28742.395706,45.30351638793945,-52.01239776611328,-2356.344482421875,-2356.3445145731384,discharge
28743.625706,45.30168533325195,-52.00724792480469,-2356.015869140625,-2356.0159805379226,discharge
28744.845706,45.30078887939453,-52.010108947753906,-2356.098876953125,-2356.098965036508,discharge
28746.065705999998,45.29823303222656,-52.086021423339844,-2359.40478515625,-2359.4047361559933,discharge
28747.285706,45.297698974609375,-52.03709411621094,-2357.16064453125,-2357.1606247895397,discharge
28748.505706,45.29630661010742,-52.0172119140625,-2356.1875,-2356.1875798623078,discharge
28749.725705999997,45.29478073120117,-51.98469161987305,-2354.63525390625,-2354.6352083012607,discharge
28750.945706,45.293025970458984,-52.017066955566406,-2356.01025390625,-2356.010364525573,discharge
28752.165706,45.2912712097168,-52.06298828125,-2357.9990234375,-2357.998922234401,discharge
28753.395706,45.29003143310547,-52.028892517089844,-2356.39013671875,-2356.390177528665,discharge
28754.615706,45.288028717041016,-52.09074020385742,-2359.0869140625,-2359.086938244218,discharge
28755.835705999998,45.28669357299805,-52.06708908081055,-2357.9462890625,-2357.94630844066,discharge
28757.055706,45.285587310791016,-52.02493667602539,-2355.979736328125,-2355.9798121805215,discharge
28758.275706,45.28444290161133,-51.96204376220703,-2353.072265625,-2353.0722038006934,discharge
28759.495705999998,45.282649993896484,-52.005863189697266,-2354.96337890625,-2354.9633004495263,discharge
28760.715706,45.28120040893555,-52.018882751464844,-2355.4775390625,-2355.477454918,discharge
28761.935706,45.27997970581055,-51.97010040283203,-2353.205078125,-2353.205091549171,discharge
28763.155705999998,45.278263092041016,-52.0091552734375,-2354.88427734375,-2354.8842156655155,discharge
28764.385705999997,45.2769660949707,-52.03022766113281,-2355.770751953125,-2355.770853726717,discharge
28765.605706,45.275611877441406,-51.98020935058594,-2353.435791015625,-2353.4357838652795,discharge
28766.825706,45.274505615234375,-51.955078125,-2352.240478515625,-2352.240476310253,discharge
28768.045705999997,45.27223587036133,-52.037193298339844,-2355.840087890625,-2355.840089034027,discharge
28769.265706,45.27111053466797,-52.07853317260742,-2357.653076171875,-2357.653031740483,discharge
28770.485706,45.26968002319336,-52.036712646484375,-2355.685302734375,-2355.685330965207,discharge
28771.705705999997,45.2680778503418,-51.999759674072266,-2353.92919921875,-2353.9291691249673,discharge
28772.925705999998,45.26712417602539,-52.01220703125,-2354.443115234375,-2354.4430343527347,discharge
28774.155705999998,45.26538848876953,-52.05760192871094,-2356.407470703125,-2356.4075750968186,discharge
28775.375706,45.26399612426758,-52.03657150268555,-2355.383056640625,-2355.3831708177313,discharge
28776.595706,45.2625846862793,-52.00519561767578,-2353.8896484375,-2353.889570771571,discharge
28777.815705999998,45.26103973388672,-52.00267028808594,-2353.69482421875,-2353.694926177268,discharge
28779.035706,45.25909423828125,-51.99127197265625,-2353.077880859375,-2353.07787777856,discharge
28780.255706,45.258216857910156,-51.983978271484375,-2352.7021484375,-2352.7021617477294,discharge
28781.475705999997,45.25672912597656,-52.00733947753906,-2353.68212890625,-2353.682075297693,discharge
28782.695706,45.25522232055664,-52.049591064453125,-2355.515869140625,-2355.5158153158845,discharge
28783.915706,45.253868103027344,-52.01725769042969,-2353.982177734375,-2353.98211860389,discharge
28785.145706,45.25230407714844,-52.015541076660156,-2353.822998046875,-2353.8230815384304,discharge
28786.365706,45.2513313293457,-51.999664306640625,-2353.053955078125,-2353.0540385545464,discharge
28787.585705999998,45.249576568603516,-51.998756408691406,-2352.921630859375,-2352.9217095872445,discharge
28788.805706,45.24808883666992,-51.966285705566406,-2351.375,-2351.375112117239,discharge
28790.025706,45.24677276611328,-51.96003723144531,-2351.02392578125,-2351.023997529992,discharge
28791.245705999998,45.244998931884766,-52.003334045410156,-2352.890869140625,-2352.890793339029,discharge
28792.465706,45.24374008178711,-51.941490173339844,-2350.02734375,-2350.027280863287,discharge
28793.685706,45.2424430847168,-51.94335174560547,-2350.044189453125,-2350.0441349799803,discharge
28794.915706,45.240116119384766,-51.99131774902344,-2352.09326171875,-2352.0932521656505,discharge
28796.135705999997,45.239505767822266,-52.020790100097656,-2353.394775390625,-2353.3948337800393,discharge
28797.355706,45.23782730102539,-51.95121765136719,-2350.16015625,-2350.1602121905307,discharge
28798.575706,45.23689270019531,-51.952171325683594,-2350.15478515625,-2350.1547998021124,discharge
28799.795705999997,45.23496627807617,-51.9801139831543,-2351.318603515625,-2351.3187031585403,discharge
28801.015706,45.23386001586914,-51.996612548828125,-2352.007568359375,-2352.007493333076,discharge
28802.235706,45.23221969604492,-51.9810676574707,-2351.218994140625,-2351.21907231769,discharge
28803.455705999997,45.230350494384766,-52.005958557128906,-2352.247802734375,-2352.247733335389,discharge
28804.675705999998,45.22941589355469,-51.983116149902344,-2351.166015625,-2351.1659797868924,discharge
28805.905705999998,45.22794723510742,-51.98049545288086,-2350.97119140625,-2350.971105597637,discharge
28807.125706,45.226383209228516,-52.00939178466797,-2352.19677734375,-2352.196683332295,discharge
28808.345706,45.22514343261719,-51.969482421875,-2350.327392578125,-2350.3272966481745,discharge
28809.565705999998,45.223426818847656,-52.000762939453125,-2351.652587890625,-2351.6526973166037,discharge
28810.785706,45.22254943847656,-51.94287109375,-2348.989013671875,-2348.9890560135245,discharge
28812.005706,45.22064208984375,-51.99384689331055,-2351.195068359375,-2351.1951412365306,discharge
28813.225705999997,45.21900177001953,-51.99918746948242,-2351.351318359375,-2351.351350222103,discharge
28814.445706,45.21757125854492,-52.03065872192383,-2352.699951171875,-2352.7000183876225,discharge
28815.665706,45.21623611450195,-52.01005935668945,-2351.69921875,-2351.699124201332,discharge
28816.895706,45.214595794677734,-51.98970031738281,-2350.693359375,-2350.6932853368926,discharge
28818.115706,45.21324157714844,-52.02598571777344,-2352.263427734375,-2352.263460546965,discharge
28819.335705999998,45.21169662475586,-52.011775970458984,-2351.54052734375,-2351.5406360911584,discharge
28820.555706,45.2105712890625,-51.99504089355469,-2350.7255859375,-2350.725502995774,discharge
28821.775706,45.20942687988281,-51.96528625488281,-2349.32080078125,-2349.320809232304,discharge
28822.995705999998,45.20753860473633,-51.99861526489258,-2350.7294921875,-2350.729406980463,discharge
28824.215706,45.206050872802734,-52.00777053833008,-2351.06591796875,-2351.0659207368008,discharge
28825.435706,45.20448684692383,-52.03046798706055,-2352.010498046875,-2352.01060576037,discharge
28826.665706,45.20322799682617,-51.990509033203125,-2350.138916015625,-2350.1388334989315,discharge
28827.885705999997,45.20162582397461,-52.04267501831055,-2352.41357421875,-2352.4135230563843,discharge
28829.105706,45.19996643066406,-51.99928283691406,-2350.36572265625,-2350.3658386471216,discharge
28830.325706,45.1988410949707,-51.9993782043457,-2350.3115234375,-2350.3116324955045,discharge
28831.545705999997,45.197811126708984,-51.96404266357422,-2348.660888671875,-2348.660985688475,discharge
28832.765706,45.195980072021484,-52.00834274291992,-2350.568115234375,-2350.568022187872,discharge
28833.985706,45.19477844238281,-52.00886535644531,-2350.529052734375,-2350.529146824265,discharge
28835.205705999997,45.19285202026367,-52.00152587890625,-2350.09716796875,-2350.097263873322,discharge
28836.425705999998,45.19195556640625,-51.990272521972656,-2349.5419921875,-2349.54208569834,discharge
28837.655705999998,45.18993377685547,-52.00061798095703,-2349.904541015625,-2349.904482915008,discharge
28838.875706,45.18810272216797,-52.030418395996094,-2351.156005859375,-2351.1558911556494,discharge
28840.095706,45.18718719482422,-52.02545928955078,-2350.88427734375,-2350.8841678136378,discharge
28841.315705999998,45.18592834472656,-52.021453857421875,-2350.6376953125,-2350.637686389964,discharge
28842.535706,45.183982849121094,-52.00510025024414,-2349.797607421875,-2349.7975577738544,discharge
28843.755706,45.18299102783203,-52.01697540283203,-2350.282470703125,-2350.282532921119,discharge
28844.975705999997,45.181312561035156,-51.99036407470703,-2348.992919921875,-2348.9928894213517,discharge
28846.195706,45.17993927001953,-52.00786590576172,-2349.712158203125,-2349.712223185634,discharge
28847.425705999998,45.1780891418457,-52.01506805419922,-2349.94140625,-2349.941381271783,discharge
28848.645706,45.176753997802734,-52.01573181152344,-2349.90185546875,-2349.9019200648763,discharge
28849.865706,45.17576217651367,-51.991607666015625,-2348.760498046875,-2348.760503094527,discharge
28851.085705999998,45.17454147338867,-52.00428771972656,-2349.269775390625,-2349.269852388825,discharge
28852.305706,45.172996520996094,-51.98526382446289,-2348.330078125,-2348.3301418855262,discharge
28853.525706,45.17127990722656,-51.98822021484375,-2348.37451171875,-2348.3744472032413,discharge
28854.745705999998,45.17000198364258,-51.976585388183594,-2347.782470703125,-2347.7824650872208,discharge
28855.965706,45.168724060058594,-51.94416046142578,-2346.25146484375,-2346.251450413547,discharge
28857.185706,45.1666259765625,-52.01878356933594,-2349.512939453125,-2349.512941231951,discharge
28858.415706,45.165252685546875,-52.01850128173828,-2349.4287109375,-2349.4287547131535,discharge
28859.635705999997,45.163822174072266,-52.058982849121094,-2351.1826171875,-2351.182643960783,discharge
28860.855706,45.16263961791992,-52.01225280761719,-2349.0107421875,-2349.0106292665587,discharge
28862.075706,45.16134262084961,-52.0172119140625,-2349.167236328125,-2349.167129432317,discharge
28863.295705999997,45.15979766845703,-51.993656158447266,-2348.02294921875,-2348.0229921588034,discharge
28864.515706,45.15878677368164,-51.96747589111328,-2346.7880859375,-2346.788162933226,discharge
28865.735706,45.1568603515625,-52.02302932739258,-2349.19677734375,-2349.196670402307,discharge
28866.955705999997,45.15533447265625,-51.99932861328125,-2348.047119140625,-2348.0470758862793,discharge
28868.185706,45.15378952026367,-52.02455520629883,-2349.105712890625,-2349.105815670555,discharge
28869.405705999998,45.152587890625,-51.99861526489258,-2347.8720703125,-2347.872045938857,discharge
28870.625706,45.15083312988281,-51.96428298950195,-2346.230712890625,-2346.2306699730107,discharge
28871.845706,45.14963150024414,-52.019405364990234,-2348.656982421875,-2348.656983091132,discharge
28873.065705999998,45.147743225097656,-52.01964569091797,-2348.569580078125,-2348.569606314122,discharge
28874.285706,45.146541595458984,-52.03795623779297,-2349.333740234375,-2349.3337558321946,discharge
28875.505706,45.14505386352539,-52.000572204589844,-2347.568603515625,-2347.5686331103498,discharge
28876.725705999997,45.14413833618164,-51.933143615722656,-2344.47705078125,-2344.477019620972,discharge
28877.945706,45.1423454284668,-51.95622253417969,-2345.42578125,-2345.42574479623,discharge
28879.175705999998,45.1408576965332,-52.04749298095703,-2349.468505859375,-2349.468474114692,discharge
28880.395706,45.139522552490234,-51.965667724609375,-2345.705322265625,-2345.7054302102188,discharge
28881.615706,45.13832092285156,-51.98054504394531,-2346.314453125,-2346.314523938345,discharge
28882.835705999998,45.13710021972656,-52.003814697265625,-2347.301513671875,-2347.3013957985677,discharge
28884.055706,45.13496398925781,-51.98993682861328,-2346.56396484375,-2346.563926563249,discharge
28885.275706,45.13397216796875,-51.969573974609375,-2345.59326171875,-2345.5933053512126,discharge
28886.495705999998,45.13185501098633,-52.02030944824219,-2347.77294921875,-2347.7730636447086,discharge
28887.715706,45.130462646484375,-52.0283203125,-2348.062255859375,-2348.0621664226055,discharge
28888.945706,45.129337310791016,-52.00672149658203,-2347.02880859375,-2347.0288768476166,discharge
28890.165706,45.127525329589844,-52.043724060058594,-2348.6044921875,-2348.6044757664786,discharge
28891.385705999997,45.12592315673828,-52.053260803222656,-2348.951416015625,-2348.9514470638824,discharge
28892.605706,45.12443542480469,-52.04124450683594,-2348.331787109375,-2348.33177717519,discharge
28893.825706,45.12378692626953,-51.96104049682617,-2344.678955078125,-2344.6789198460465,discharge
28895.045705999997,45.122528076171875,-52.03270721435547,-2347.847412109375,-2347.8472921589855,discharge
28896.265706,45.120792388916016,-51.96981430053711,-2344.919189453125,-2344.9192015450535,discharge
28897.485706,45.11974334716797,-51.94354248046875,-2343.67919921875,-2343.6793052614667,discharge
28898.705705999997,45.117950439453125,-51.986549377441406,-2345.526611328125,-2345.526558329584,discharge
28899.935706,45.116920471191406,-51.98493194580078,-2345.400146484375,-2345.4000402989914,discharge
28901.155705999998,45.114898681640625,-51.988746643066406,-2345.467041015625,-2345.467037387425,discharge
28902.375706,45.1136589050293,-51.98812484741211,-2345.37451171875,-2345.374531478228,discharge
28903.595706,45.111961364746094,-52.04425048828125,-2347.818115234375,-2347.818217284512,discharge
28904.815705999998,45.11066436767578,-52.00319290161133,-2345.898681640625,-2345.8985810320883,discharge
28906.035706,45.10923385620117,-52.007911682128906,-2346.037109375,-2346.0370504418097,discharge
28907.255706,45.10780334472656,-52.00834274291992,-2345.982177734375,-2345.9820967327687,discharge
28908.475705999997,45.10589599609375,-52.03275680541992,-2346.984130859375,-2346.9841168553103,discharge
28909.705705999997,45.105018615722656,-51.993370056152344,-2345.161865234375,-2345.1619242769084,discharge
28910.925705999998,45.10334014892578,-52.01005935668945,-2345.827392578125,-2345.8273983305844,discharge
28912.145706,45.10213851928711,-51.987693786621094,-2344.756103515625,-2344.7561664624664,discharge
28913.365706,45.10049819946289,-51.96695327758789,-2343.735595703125,-2343.735482727425,discharge
28914.585705999998,45.09960174560547,-51.986358642578125,-2344.56396484375,-2344.5640709844884,discharge
28915.805706,45.09714126586914,-52.04930114746094,-2347.274658203125,-2347.2746866368107,discharge
28917.025706,45.096378326416016,-52.00700759887695,-2345.32763671875,-2345.3276903037477,discharge
28918.245705999998,45.09458541870117,-52.03838348388672,-2346.6494140625,-2346.649329065258,discharge
28919.465706,45.09370803833008,-51.9622802734375,-2343.171875,-2343.171895656269,discharge
28920.695706,45.091819763183594,-52.02474594116211,-2345.890380859375,-2345.890467204299,discharge
28921.915706,45.090484619140625,-52.01420593261719,-2345.345703125,-2345.3457525814883,discharge
28923.135705999997,45.089359283447266,-51.96638107299805,-2343.130859375,-2343.1308268609428,discharge
28924.355706,45.087738037109375,-52.01444625854492,-2345.213623046875,-2345.2137270505773,discharge
28925.575706,45.08626937866211,-51.98387908935547,-2343.75927734375,-2343.759175970481,discharge
28926.795705999997,45.085201263427734,-51.98488235473633,-2343.748779296875,-2343.7488836189004,discharge
28928.015706,45.0834846496582,-51.95302963256836,-2342.2236328125,-2342.2236139431334,discharge
28929.235706,45.081424713134766,-52.01864242553711,-2345.074462890625,-2345.0745121863292,discharge
28930.465706,45.07993698120117,-52.03251647949219,-2345.62255859375,-2345.6225638688193,discharge
28931.685706,45.07881164550781,-52.012489318847656,-2344.6611328125,-2344.6612092183204,discharge
28932.905705999998,45.0775146484375,-52.01845169067383,-2344.862548828125,-2344.862518075388,discharge
28934.125706,45.07598876953125,-52.03156280517578,-2345.3740234375,-2345.3741406672634,discharge
28935.345706,45.07457733154297,-52.04425048828125,-2345.87255859375,-2345.872593296226,discharge
28936.565705999998,45.073089599609375,-52.000091552734375,-2343.8046875,-2343.804785744287,discharge
28937.785706,45.07171630859375,-52.010440826416016,-2344.199951171875,-2344.199834013125,discharge
28939.005706,45.07009506225586,-51.97429656982422,-2342.486572265625,-2342.486487195856,discharge
28940.225705999997,45.068912506103516,-51.945068359375,-2341.107666015625,-2341.107741012238,discharge
28941.455705999997,45.0677490234375,-51.990081787109375,-2343.075927734375,-2343.0759576894343,discharge
28942.675705999998,45.066070556640625,-51.96681213378906,-2341.93994140625,-2341.940022225026,discharge
28943.895706,45.06471633911133,-51.982975006103516,-2342.59814453125,-2342.598023113169,discharge
28945.115706,45.063228607177734,-51.96418762207031,-2341.674072265625,-2341.67406619963,discharge
28946.335705999998,45.061798095703125,-51.94725799560547,-2340.8369140625,-2340.8368514233734,discharge
28947.555706,45.060176849365234,-52.01439666748047,-2343.77783203125,-2343.7779125497036,discharge
28948.775706,45.05887985229492,-51.99046325683594,-2342.632080078125,-2342.6320373549243,discharge
28949.995705999998,45.057525634765625,-51.96723937988281,-2341.51513671875,-2341.5152205270715,discharge
28951.225705999997,45.055789947509766,-51.983116149902344,-2342.140380859375,-2342.1403620670026,discharge
28952.445706,45.0544548034668,-51.98626708984375,-2342.212890625,-2342.2129210003186,discharge
28953.665706,45.05321502685547,-51.967430114746094,-2341.2998046875,-2341.29980335274,discharge
28954.885705999997,45.05180358886719,-51.99480056762695,-2342.45947265625,-2342.4595428150496,discharge
28956.105706,45.0505256652832,-51.954124450683594,-2340.560546875,-2340.560616982839,discharge
28957.325706,45.0486946105957,-52.0283203125,-2343.807861328125,-2343.8079128600657,discharge
28958.545705999997,45.04779815673828,-51.970245361328125,-2341.14501953125,-2341.1451231932733,discharge
28959.765706,45.046043395996094,-51.98345184326172,-2341.64892578125,-2341.6488276052405,discharge
28960.985706,45.04434585571289,-52.003143310546875,-2342.447509765625,-2342.4475728644757,discharge
28962.215706,45.04281997680664,-52.006195068359375,-2342.505615234375,-2342.5056821428007,discharge
28963.435706,45.04127502441406,-52.01997756958008,-2343.046142578125,-2343.046116475307,discharge
28964.655705999998,45.04005432128906,-51.99575424194336,-2341.8916015625,-2341.891595533525,discharge
28965.875706,45.03866195678711,-51.97153091430664,-2340.728271484375,-2340.7282122261677,discharge
28967.095706,45.03744125366211,-51.98597717285156,-2341.3154296875,-2341.3153929365217,discharge
28968.315705999998,45.035743713378906,-52.00562286376953,-2342.11181640625,-2342.111902947363,discharge
28969.535706,45.03438949584961,-52.0390510559082,-2343.546875,-2343.546894246174,discharge
28970.755706,45.03274917602539,-52.02946472167969,-2343.02978515625,-2343.029834574263,discharge
28971.985706,45.03143310546875,-52.03685760498047,-2343.294189453125,-2343.2942722574808,discharge
28973.205705999997,45.03002166748047,-52.046630859375,-2343.660888671875,-2343.660915317014,discharge
28974.425705999998,45.02857208251953,-52.01592254638672,-2342.20263671875,-2342.2027178187273,discharge
28975.645706,45.02674102783203,-52.03819274902344,-2343.110107421875,-2343.110228466685,discharge
28976.865706,45.02584457397461,-52.024314880371094,-2342.438720703125,-2342.4387158711033,discharge
28978.085705999998,45.02389907836914,-52.023170471191406,-2342.285888671875,-2342.2859770317154,discharge
28979.305706,45.023345947265625,-51.93218994140625,-2338.160888671875,-2338.1609535310417,discharge
28980.525706,45.021209716796875,-51.99732971191406,-2340.982666015625,-2340.9826856735162,discharge
28981.745705999998,45.02004623413086,-51.99799346923828,-2340.9521484375,-2340.952070067142,discharge
28982.975705999997,45.01842498779297,-51.99995040893555,-2340.955810546875,-2340.955866853619,discharge
28984.195706,45.01676559448242,-51.999759674072266,-2340.861083984375,-2340.860992217131,discharge
28985.415706,45.01487731933594,-52.101661682128906,-2345.349853515625,-2345.349908754579,discharge
28986.635705999997,45.014400482177734,-52.0197868347168,-2341.639404296875,-2341.6395175754587,discharge
28987.855706,45.01243591308594,-52.069854736328125,-2343.791015625,-2343.790999322664,discharge
28989.075706,45.01127243041992,-52.06084442138672,-2343.324951171875,-2343.324851208745,discharge
28990.295705999997,45.009822845458984,-52.01172637939453,-2341.03857421875,-2341.0385902230337,discharge
28991.515706,45.008583068847656,-52.010108947753906,-2340.9013671875,-2340.9013089947985,discharge
28992.745705999998,45.00682830810547,-52.037620544433594,-2342.04833984375,-2342.0482534056646,discharge
28993.965706,45.005741119384766,-52.00286102294922,-2340.42724609375,-2340.427300666197,discharge
28995.185706,45.00417709350586,-52.001380920410156,-2340.279296875,-2340.2793560489954,discharge
28996.405705999998,45.002593994140625,-52.02322006225586,-2341.179931640625,-2341.1798507295316,discharge
28997.625706,45.00144958496094,-52.00166702270508,-2340.150390625,-2340.1503968561883,discharge
28998.845706,44.99982833862305,-51.99451446533203,-2339.744140625,-2339.7442254899943,discharge
29000.065705999998,44.99845504760742,-51.97162628173828,-2338.642822265625,-2338.6428889898525,discharge
29001.285706,44.99692916870117,-51.9947509765625,-2339.604248046875,-2339.604126836639,discharge
29002.505706,44.99513626098633,-52.02016830444336,-2340.654541015625,-2340.654561177871,discharge
29003.735706,44.99406814575195,-52.037620544433594,-2341.38427734375,-2341.384244919027,discharge
29004.955705999997,44.992637634277344,-52.01730728149414,-2340.395751953125,-2340.395857227122,discharge
29006.175705999998,44.99076843261719,-52.01983642578125,-2340.412353515625,-2340.4124145349488,discharge
29007.395706,44.9894905090332,-52.0014762878418,-2339.52001953125,-2339.5199239075737,discharge
29008.615706,44.988059997558594,-52.0435791015625,-2341.339599609375,-2341.3396591087803,discharge
29009.835705999998,44.98666763305664,-52.028038024902344,-2340.568115234375,-2340.5680542263144,discharge
29011.055706,44.985198974609375,-52.03490447998047,-2340.800537109375,-2340.800531656714,discharge
29012.275706,44.983768463134766,-52.010581970214844,-2339.632080078125,-2339.631976981036,discharge
29013.505706,44.98289108276367,-52.01420593261719,-2339.749267578125,-2339.749360223359,discharge
29014.725705999997,44.98109817504883,-51.98831558227539,-2338.491455078125,-2338.49152716175,discharge
29015.945706,44.979286193847656,-52.031089782714844,-2340.3212890625,-2340.3212783145136,discharge
29017.165706,44.978179931640625,-52.00834274291992,-2339.240478515625,-2339.240597837488,discharge
29018.385705999997,44.97671127319336,-52.0106315612793,-2339.26708984375,-2339.267158868097,discharge
29019.605706,44.975223541259766,-52.02030944824219,-2339.625,-2339.6250461202,discharge
29020.825706,44.97385025024414,-52.02350616455078,-2339.697265625,-2339.6973757371597,discharge
29022.045705999997,44.97184753417969,-52.01678466796875,-2339.291015625,-2339.290909306146,discharge
29023.265706,44.97087478637695,-51.97577667236328,-2337.396240234375,-2337.3961446575413,discharge
29024.495705999998,44.96957778930664,-52.04477310180664,-2340.431396484375,-2340.4314725285076,discharge
29025.715706,44.96837615966797,-52.02574920654297,-2339.513427734375,-2339.5134603083716,discharge
29026.935706,44.96631622314453,-52.038238525390625,-2339.9677734375,-2339.967889228137,discharge
29028.155705999998,44.96564865112305,-52.02632141113281,-2339.397216796875,-2339.3972891833982,discharge
29029.375706,44.963722229003906,-52.01087188720703,-2338.602294921875,-2338.602396424685,discharge
29030.595706,44.96194839477539,-52.05101776123047,-2340.315185546875,-2340.3151744759816,discharge
29031.815705999998,44.960784912109375,-52.05950927734375,-2340.636474609375,-2340.636399248615,discharge
29033.035706,44.95952606201172,-52.05989074707031,-2340.588134765625,-2340.5880148283904,discharge
29034.255706,44.958133697509766,-52.00581359863281,-2338.084228515625,-2338.0843208151055,discharge
29035.485706,44.9561882019043,-52.02174377441406,-2338.69921875,-2338.699303713802,discharge
29036.705705999997,44.95555877685547,-51.96910095214844,-2336.300048828125,-2336.2999724346446,discharge
29037.925705999998,44.953975677490234,-51.98455047607422,-2336.912109375,-2336.912217706704,discharge
29039.145706,44.95248794555664,-51.959373474121094,-2335.703125,-2335.703109754104,discharge
29040.365706,44.95094299316406,-52.01282501220703,-2338.025634765625,-2338.025532037136,discharge
29041.585705999998,44.94943618774414,-52.036285400390625,-2339.001708984375,-2339.0016900521005,discharge
29042.805706,44.94844436645508,-51.98283386230469,-2336.547607421875,-2336.5475158704794,discharge
29044.025706,44.94621276855469,-52.06165313720703,-2339.97412109375,-2339.9741389876,discharge
29045.255706,44.94537353515625,-51.99451446533203,-2336.912841796875,-2336.912874423433,discharge
29046.475705999997,44.9431037902832,-52.071998596191406,-2340.27734375,-2340.2772374761116,discharge
29047.695706,44.94283676147461,-51.995277404785156,-2336.815185546875,-2336.8152647708484,discharge
29048.915706,44.940834045410156,-51.99351501464844,-2336.6318359375,-2336.6319297108566,discharge
29050.135705999997,44.93928909301758,-52.00471878051758,-2337.05517578125,-2337.05509147876,discharge
29051.355706,44.93864059448242,-51.96299743652344,-2335.146484375,-2335.146466011938,discharge
29052.575706,44.93642807006836,-52.028228759765625,-2337.962646484375,-2337.96275927627,discharge
29053.795705999997,44.93492126464844,-52.044677734375,-2338.62353515625,-2338.6234962381423,discharge
29055.015706,44.93396759033203,-52.04644012451172,-2338.653076171875,-2338.653053746966,discharge
29056.245705999998,44.93207931518555,-51.99885559082031,-2336.416748046875,-2336.4167037056177,discharge
29057.465706,44.93101119995117,-52.02479553222656,-2337.526611328125,-2337.5266707336414,discharge
29058.685706,44.92959976196289,-51.98020935058594,-2335.449951171875,-2335.450001664867,discharge
29059.905705999998,44.9281120300293,-51.998043060302734,-2336.173828125,-2336.1739039555687,discharge
29061.125706,44.92622375488281,-52.04906463623047,-2338.367919921875,-2338.367924079648,discharge
29062.345706,44.92473602294922,-52.05817413330078,-2338.69970703125,-2338.699730775261,discharge
29063.565705999998,44.92410659790039,-51.98826599121094,-2335.5263671875,-2335.5264032291598,discharge
29064.785706,44.9224853515625,-52.01444625854492,-2336.6181640625,-2336.618200119119,discharge
29066.015706,44.92107391357422,-52.01148986816406,-2336.411865234375,-2336.4119807229144,discharge
29067.235706,44.91964340209961,-52.00724792480469,-2336.14697265625,-2336.1470311068115,discharge
29068.455705999997,44.91838455200195,-51.99747085571289,-2335.642333984375,-2335.6423916284257,discharge
29069.675705999998,44.91689682006836,-52.001808166503906,-2335.759765625,-2335.759851871844,discharge
29070.895706,44.9151611328125,-51.99665832519531,-2335.438232421875,-2335.438287043944,discharge
29072.115706,44.914398193359375,-51.937339782714844,-2332.734375,-2332.7343601046596,discharge
29073.335705999998,44.91250991821289,-51.997901916503906,-2335.356201171875,-2335.3562855512428,discharge
29074.555706,44.91117477416992,-52.00066375732422,-2335.410888671875,-2335.4108983780316,discharge
29075.775706,44.90934371948242,-51.981258392333984,-2334.444091796875,-2334.444200112557,discharge
29077.005706,44.907875061035156,-52.047393798828125,-2337.337890625,-2337.3378579702694,discharge
29078.225705999997,44.906558990478516,-51.94087219238281,-2332.48583984375,-2332.485841124144,discharge
29079.445706,44.90522384643555,-51.99899673461914,-2335.026611328125,-2335.0265881581436,discharge
29080.665706,44.903907775878906,-52.0355224609375,-2336.598388671875,-2336.598301655613,discharge
29081.885705999997,44.90257263183594,-51.98497772216797,-2334.25927734375,-2334.2592379340203,discharge
29083.105706,44.90095138549805,-51.981258392333984,-2334.008056640625,-2334.0079560312006,discharge
29084.325706,44.89969253540039,-52.01616287231445,-2335.509765625,-2335.509719838228,discharge
29085.545705999997,44.898338317871094,-52.01396942138672,-2335.3408203125,-2335.3407963368227,discharge
29086.775706,44.89625930786133,-52.021217346191406,-2335.55810546875,-2335.558063485223,discharge
29087.995705999998,44.89513397216797,-52.00743865966797,-2334.880859375,-2334.880926175101,discharge
29089.215706,44.89402770996094,-51.979732513427734,-2333.57958984375,-2333.579551814182,discharge
29090.435706,44.892845153808594,-51.99556350708008,-2334.228759765625,-2334.228781208367,discharge
29091.655705999998,44.89133834838867,-52.01301574707031,-2334.933837890625,-2334.9338884218014,discharge
29092.875706,44.88992691040039,-51.945640563964844,-2331.8359375,-2331.8360082303116,discharge
29094.095706,44.888153076171875,-52.04639434814453,-2336.2666015625,-2336.2665165623184,discharge
29095.315705999998,44.887046813964844,-51.995849609375,-2333.940185546875,-2333.9401355478913,discharge
29096.535706,44.88494873046875,-52.04205322265625,-2335.90478515625,-2335.9048907272518,discharge
29097.765706,44.88374710083008,-51.999568939208984,-2333.935546875,-2333.935501619635,discharge
29098.985706,44.88210678100586,-51.968955993652344,-2332.476318359375,-2332.476232204499,discharge
29100.205705999997,44.88100051879883,-52.00476837158203,-2334.026123046875,-2334.026036264986,discharge
29101.425705999998,44.87964630126953,-52.002811431884766,-2333.86767578125,-2333.867783734604,discharge
29102.645706,44.87791061401367,-52.018882751464844,-2334.498779296875,-2334.498770361097,discharge
29103.865706,44.876708984375,-51.97052764892578,-2332.266357421875,-2332.266245065257,discharge
29105.085705999998,44.875335693359375,-51.990699768066406,-2333.10009765625,-2333.1001050246414,discharge
29106.305706,44.8737907409668,-51.99394226074219,-2333.165283203125,-2333.165284806455,discharge
29107.535706,44.87255096435547,-51.987552642822266,-2332.814208984375,-2332.814105477155,discharge
29108.755706,44.87089157104492,-51.98979187011719,-2332.828369140625,-2332.828313805221,discharge
29109.975705999997,44.869384765625,-52.02288818359375,-2334.235107421875,-2334.2349865287542,discharge
29111.195706,44.86814498901367,-51.999473571777344,-2333.119873046875,-2333.1199195708905,discharge
29112.415706,44.86696243286133,-51.95798873901367,-2331.197021484375,-2331.1971288403583,discharge
29113.635705999997,44.86564636230469,-51.946353912353516,-2330.606689453125,-2330.6067444427754,discharge
29114.855706,44.86406326293945,-51.96614074707031,-2331.412109375,-2331.412226007378,discharge
29116.075706,44.862709045410156,-51.97763442993164,-2331.857421875,-2331.8574902987166,discharge
29117.295705999997,44.86143112182617,-51.9312858581543,-2329.7119140625,-2329.7118035934545,discharge
29118.525706,44.86013412475586,-51.989173889160156,-2332.2412109375,-2332.24131370298,discharge
29119.745705999998,44.858436584472656,-51.99360656738281,-2332.351806640625,-2332.351903000963,discharge
29120.965706,44.85675811767578,-52.031803131103516,-2333.97802734375,-2333.9780074784358,discharge
29122.185706,44.85555648803711,-52.02403259277344,-2333.56689453125,-2333.5669327006326,discharge
29123.405705999998,44.853763580322266,-52.0172119140625,-2333.167724609375,-2333.167725300882,discharge
29124.625706,44.852657318115234,-51.985740661621094,-2331.69873046875,-2331.6986113241,discharge
29125.845706,44.85097885131836,-52.015018463134766,-2332.924560546875,-2332.9244930409914,discharge
29127.065705999998,44.84983444213867,-51.97624969482422,-2331.126220703125,-2331.126193736127,discharge
29128.295705999997,44.848670959472656,-51.98163986206055,-2331.307373046875,-2331.307462107361,discharge
29129.515706,44.84708786010742,-51.9679069519043,-2330.609375,-2330.6092889779393,discharge
29130.735706,44.84529495239258,-51.964664459228516,-2330.37060546875,-2330.3707047762146,discharge
29131.955705999997,44.843902587890625,-51.97467803955078,-2330.747314453125,-2330.7473990425933,discharge
29133.175705999998,44.84241485595703,-52.004051208496094,-2331.9873046875,-2331.9872384818154,discharge
29134.395706,44.84119415283203,-52.0030517578125,-2331.87890625,-2331.8789404118434,discharge
29135.615706,44.839515686035156,-52.019500732421875,-2332.529296875,-2332.529219071148,discharge
29136.835705999998,44.83844757080078,-51.98831558227539,-2331.075439453125,-2331.0753625301004,discharge
29138.055706,44.83650207519531,-52.01239776611328,-2332.053955078125,-2332.053980376222,discharge
29139.285706,44.83512878417969,-52.034332275390625,-2332.966064453125,-2332.9659887659363,discharge
29140.505706,44.83419418334961,-51.99909210205078,-2331.33740234375,-2331.3373926612257,discharge
29141.725705999997,44.83306884765625,-51.98731231689453,-2330.750732421875,-2330.7507523079403,discharge
29142.945706,44.8310661315918,-52.01578140258789,-2331.9228515625,-2331.9229359458404,discharge
29144.165706,44.829349517822266,-52.014305114746094,-2331.767578125,-2331.767463915603,discharge
29145.385705999997,44.82870101928711,-51.995704650878906,-2330.89990234375,-2330.8998980814067,discharge
29146.605706,44.8267936706543,-51.99880599975586,-2330.939697265625,-2330.9397476714366,discharge
29147.825706,44.82532501220703,-52.017974853515625,-2331.72265625,-2331.7226292856503,discharge
29149.055706,44.82410430908203,-51.99046325683594,-2330.426025390625,-2330.4259481019108,discharge
29150.275706,44.82231140136719,-52.043296813964844,-2332.700927734375,-2332.700856149313,discharge
29151.495705999998,44.82105255126953,-52.0050048828125,-2330.9189453125,-2330.9190567815676,discharge
29152.715706,44.81962203979492,-52.014305114746094,-2331.261474609375,-2331.2614959054918,discharge
29153.935706,44.818782806396484,-52.03861999511719,-2332.3076171875,-2332.3076071057585,discharge
29155.155705999998,44.816951751708984,-51.9847412109375,-2329.797607421875,-2329.7976386756636,discharge
29156.375706,44.814910888671875,-52.04548645019531,-2332.413818359375,-2332.4138374230824,discharge
29157.595706,44.81386184692383,-52.06322479248047,-2333.154052734375,-2333.154163155559,discharge
29158.815705999998,44.812374114990234,-52.048828125,-2332.431640625,-2332.4315581843257,discharge
29160.045705999997,44.81157302856445,-52.004859924316406,-2330.419677734375,-2330.4195783387695,discharge
29161.265706,44.810142517089844,-51.99894714355469,-2330.080322265625,-2330.0802322413074,discharge
29162.485706,44.808616638183594,-51.97834777832031,-2329.077880859375,-2329.077859084937,discharge
29163.705705999997,44.807071685791016,-51.98488235473633,-2329.290283203125,-2329.290350246083,discharge
29164.925705999998,44.8060417175293,-51.97272491455078,-2328.692138671875,-2328.6920806950366,discharge
29166.145706,44.80426788330078,-51.969242095947266,-2328.44384765625,-2328.443844558933,discharge
29167.365705999997,44.80306625366211,-52.01239776611328,-2330.31494140625,-2330.3149031270004,discharge
29168.585705999998,44.80142593383789,-52.0228385925293,-2330.697265625,-2330.6973500712047,discharge
29169.815705999998,44.80012893676758,-51.96037292480469,-2327.831298828125,-2327.831406633777,discharge
29171.035706,44.798316955566406,-52.013397216796875,-2330.112548828125,-2330.112654453842,discharge
29172.255706,44.79724884033203,-52.002525329589844,-2329.570068359375,-2329.5700675153057,discharge
29173.475705999997,44.79536056518555,-52.00572204589844,-2329.614990234375,-2329.6150704988395,discharge
29174.695706,44.794368743896484,-52.0024299621582,-2329.416015625,-2329.4160233035655,discharge
29175.915706,44.79248046875,-52.00023651123047,-2329.219482421875,-2329.2195782996714,discharge
29177.135705999997,44.791622161865234,-52.02259826660156,-2330.176513671875,-2330.1765654361225,discharge
29178.355706,44.790000915527344,-52.00896453857422,-2329.481689453125,-2329.4815692983684,discharge
29179.575706,44.788455963134766,-52.05717086791992,-2331.560302734375,-2331.5603049832134,discharge
29180.805706,44.78658676147461,-52.061798095703125,-2331.670166015625,-2331.6702373715816,discharge
29182.025706,44.78555679321289,-52.043724060058594,-2330.80712890625,-2330.8071596220543,discharge
29183.245705999998,44.783897399902344,-52.042816162109375,-2330.68017578125,-2330.6801394058857,discharge
29184.465706,44.782962799072266,-52.02064514160156,-2329.638671875,-2329.638616160082,discharge
29185.685706,44.78151321411133,-52.02531814575195,-2329.7724609375,-2329.772472012337,discharge
29186.905705999998,44.78004455566406,-52.01850128173828,-2329.390869140625,-2329.3908051151084,discharge
29188.125706,44.778709411621094,-52.04639434814453,-2330.5703125,-2330.5703684382024,discharge
29189.345706,44.777469635009766,-51.974342346191406,-2327.279541015625,-2327.279536206188,discharge
29190.575706,44.775962829589844,-51.975250244140625,-2327.241943359375,-2327.241872990271,discharge
29191.795705999997,44.77457046508789,-52.00562286376953,-2328.529541015625,-2328.529425494635,discharge
29193.015706,44.772987365722656,-51.98240280151367,-2327.407470703125,-2327.4074638720776,discharge
29194.235706,44.77174758911133,-51.992130279541016,-2327.778564453125,-2327.7785334958025,discharge
29195.455705999997,44.770469665527344,-51.95331573486328,-2325.974365234375,-2325.974346131261,discharge
29196.675705999998,44.769287109375,-51.937007904052734,-2325.182861328125,-2325.1828184584156,discharge
29197.895706,44.767208099365234,-51.979923248291016,-2326.99609375,-2326.996041045277,discharge
29199.115705999997,44.766082763671875,-51.978111267089844,-2326.8564453125,-2326.8564308818895,discharge
29200.335705999998,44.76421356201172,-52.06174850463867,-2330.503173828125,-2330.5032284733898,discharge
29201.565705999998,44.762935638427734,-52.05059051513672,-2329.937255859375,-2329.937233171222,discharge
29202.785706,44.76188659667969,-51.99971008300781,-2327.605224609375,-2327.605125795817,discharge
29204.005706,44.76036071777344,-52.02817916870117,-2328.800048828125,-2328.80006708001,discharge
29205.225705999997,44.75914001464844,-51.993751525878906,-2327.195556640625,-2327.195604433655,discharge
29206.445706,44.75685119628906,-52.044342041015625,-2329.3408203125,-2329.3408723385073,discharge
29207.665706,44.7559928894043,-52.049781799316406,-2329.53955078125,-2329.5396641052503,discharge
29208.885705999997,44.75395202636719,-52.04763412475586,-2329.33740234375,-2329.3373207052355,discharge
29210.105706,44.75341796875,-52.00190734863281,-2327.26318359375,-2327.2630947455764,discharge
29211.335705999998,44.75212097167969,-52.010154724121094,-2327.564697265625,-2327.564735969645,discharge
29212.555706,44.75025177001953,-52.00176239013672,-2327.092041015625,-2327.091959443351,discharge
29213.775706,44.74905014038086,-51.9902229309082,-2326.51318359375,-2326.51309274479,discharge
29214.995705999998,44.74761962890625,-51.99708938598633,-2326.74609375,-2326.7459776543546,discharge
29216.215706,44.74639892578125,-51.973106384277344,-2325.609375,-2325.6093516829424,discharge
29217.435706,44.744815826416016,-51.96595001220703,-2325.206787109375,-2325.2068625409447,discharge
29218.655705999998,44.74313735961914,-52.026512145996094,-2327.829345703125,-2327.829379290197,discharge
29219.875706,44.74260330200195,-51.960086822509766,-2324.82958984375,-2324.8295522371336,discharge
29221.095706,44.741249084472656,-51.98345184326172,-2325.8046875,-2325.804567190062,discharge
29222.325706,44.7393798828125,-51.984405517578125,-2325.75,-2325.750066433102,discharge
29223.545705999997,44.73814010620117,-52.00815200805664,-2326.748046875,-2326.747991201046,discharge
29224.765706,44.73623275756836,-52.03099060058594,-2327.67041015625,-2327.670506114664,discharge
29225.985706,44.73503112792969,-52.01263427734375,-2326.786865234375,-2326.7868134425953,discharge
29227.205705999997,44.73337173461914,-52.056358337402344,-2328.656494140625,-2328.6564286575594,discharge
29228.425705999998,44.73226547241211,-52.05793380737305,-2328.66943359375,-2328.6693150166684,discharge
29229.645706,44.73091125488281,-52.01129913330078,-2326.5126953125,-2326.5128057828406,discharge
29230.865705999997,44.72929000854492,-51.99436950683594,-2325.671142578125,-2325.6712324827095,discharge
29232.085705999998,44.728126525878906,-51.98469161987305,-2325.177978515625,-2325.1778641824785,discharge
29233.315705999998,44.72719192504883,-51.9190788269043,-2322.194580078125,-2322.1946032626875,discharge
29234.535706,44.72484588623047,-51.99604034423828,-2325.514892578125,-2325.514891090279,discharge
29235.755706,44.724082946777344,-51.97868347167969,-2324.698974609375,-2324.698951051687,discharge
29236.975705999997,44.722137451171875,-52.0442008972168,-2327.52783203125,-2327.527906061732,discharge
29238.195706,44.721012115478516,-52.01902389526367,-2326.343505859375,-2326.343397855453,discharge
29239.415706,44.71956253051758,-52.00166702270508,-2325.49169921875,-2325.4918001130136,discharge
29240.635705999997,44.718265533447266,-52.0197868347168,-2326.234619140625,-2326.23464066819,discharge
29241.855706,44.7166633605957,-51.973819732666016,-2324.095703125,-2324.0958005499124,discharge
29243.085705999998,44.715843200683594,-51.958038330078125,-2323.347412109375,-2323.3474949828815,discharge
29244.305706,44.7136116027832,-52.01082229614258,-2325.591796875,-2325.591707291096,discharge
29245.525706,44.712486267089844,-51.99828338623047,-2324.972412109375,-2324.972531819076,discharge
29246.745705999998,44.711151123046875,-51.992130279541016,-2324.6279296875,-2324.6279941376997,discharge
29247.965706,44.70937728881836,-52.03084945678711,-2326.266845703125,-2326.2668790212047,discharge
29249.185706,44.7077751159668,-52.08068084716797,-2328.411376953125,-2328.4113672016247,discharge
29250.405705999998,44.707069396972656,-51.993988037109375,-2324.498779296875,-2324.498831400415,discharge
29251.625706,44.70560073852539,-51.967525482177734,-2323.239501953125,-2323.239445575382,discharge
29252.845706,44.70369338989258,-52.03861999511719,-2326.318603515625,-2326.318512694852,discharge
29254.075706,44.7026252746582,-52.027557373046875,-2325.768310546875,-2325.768401203095,discharge
29255.295705999997,44.701576232910156,-52.041290283203125,-2326.32763671875,-2326.327704853611,discharge
29256.515706,44.700050354003906,-52.02307891845703,-2325.434326171875,-2325.4342472253484,discharge
29257.735706,44.69831466674805,-52.00267028808594,-2324.431640625,-2324.4317200480145,discharge
29258.955705999997,44.69688415527344,-52.033233642578125,-2325.723388671875,-2325.723416346591,discharge
29260.175705999998,44.69573974609375,-52.010009765625,-2324.6259765625,-2324.6258606761694,discharge
29261.395706,44.69451904296875,-52.02250671386719,-2325.120849609375,-2325.1209169859067,discharge
29262.615705999997,44.69310760498047,-51.97896957397461,-2323.1015625,-2323.101680365653,discharge
29263.845706,44.69144821166992,-51.9947509765625,-2323.720703125,-2323.720720547717,discharge
29265.065705999998,44.69011306762695,-52.026222229003906,-2325.057861328125,-2325.0577538956713,discharge
29266.285706,44.68900680541992,-51.972389221191406,-2322.594482421875,-2322.5944555997557,discharge
29267.505706,44.687347412109375,-52.034854888916016,-2325.299560546875,-2325.299637959688,discharge
29268.725705999997,44.685916900634766,-52.03227996826172,-2325.110107421875,-2325.110138812306,discharge
29269.945706,44.684295654296875,-52.05411911010742,-2326.001708984375,-2326.001648340025,discharge
29271.165706,44.68339920043945,-52.020263671875,-2324.442138671875,-2324.442208162509,discharge
29272.385705999997,44.68158721923828,-52.02169418334961,-2324.411865234375,-2324.4118659458763,discharge
29273.605706,44.68034744262695,-51.99894714355469,-2323.3310546875,-2323.331025024818,discharge
29274.835705999998,44.67872619628906,-52.04343795776367,-2325.234619140625,-2325.2345148284803,discharge
29276.055706,44.67782974243164,-52.010963439941406,-2323.737060546875,-2323.736969309539,discharge
29277.275706,44.676780700683594,-51.933956146240234,-2320.241943359375,-2320.241969664494,discharge
29278.495705999998,44.674530029296875,-52.013206481933594,-2323.66552734375,-2323.665554897161,discharge
29279.715706,44.67365264892578,-51.981449127197266,-2322.201171875,-2322.201202496217,discharge
29280.935706,44.671897888183594,-51.98741149902344,-2322.376220703125,-2322.3763379553566,discharge
29282.155705999998,44.67071533203125,-52.010345458984375,-2323.33935546875,-2323.339336318895,discharge
29283.375706,44.6693229675293,-51.970767974853516,-2321.4990234375,-2321.49901953926,discharge
29284.605706,44.667606353759766,-52.03204345703125,-2324.146728515625,-2324.1468349203933,discharge
29285.825706,44.66642379760742,-52.01659393310547,-2323.395263671875,-2323.395229124144,discharge
29287.045705999997,44.665260314941406,-51.97439193725586,-2321.44970703125,-2321.4497455883247,discharge
29288.265706,44.663848876953125,-52.019737243652344,-2323.401611328125,-2323.4016828692984,discharge
29289.485706,44.66245651245117,-51.965999603271484,-2320.92919921875,-2320.9291974071675,discharge
29290.705705999997,44.66081619262695,-51.98936462402344,-2321.887451171875,-2321.887457444973,discharge
29291.925705999998,44.65965270996094,-51.96542739868164,-2320.758056640625,-2320.757940549811,discharge
29293.145706,44.658164978027344,-51.99971008300781,-2322.211669921875,-2322.211631696555,discharge
29294.365705999997,44.657039642333984,-52.00815200805664,-2322.530029296875,-2322.530105948317,discharge
29295.595706,44.655113220214844,-52.00319290161133,-2322.20849609375,-2322.2084668341267,discharge
29296.815705999998,44.65394973754883,-52.03723907470703,-2323.668212890625,-2323.6682581227797,discharge
29298.035706,44.65251922607422,-51.98931884765625,-2321.4541015625,-2321.4540593954735,discharge
29299.255706,44.6507453918457,-52.070091247558594,-2324.968505859375,-2324.968386824912,discharge
29300.475705999997,44.64956283569336,-52.023170471191406,-2322.811767578125,-2322.811818865448,discharge
29301.695706,44.648189544677734,-52.063941955566406,-2324.560791015625,-2324.5607488752285,discharge
29302.915706,44.646968841552734,-52.030418395996094,-2323.00048828125,-2323.00046893899,discharge
29304.135705999997,44.645442962646484,-51.99298858642578,-2321.25,-2321.250006392802,discharge
29305.365705999997,44.64397430419922,-52.02851104736328,-2322.759521484375,-2322.7595102842315,discharge
29306.585705999998,44.64275360107422,-52.01029968261719,-2321.883056640625,-2321.8829934491077,discharge
29307.805706,44.64101791381836,-52.04853820800781,-2323.499755859375,-2323.499726531736,discharge
29309.025706,44.64008331298828,-51.968528747558594,-2319.87939453125,-2319.879452944442,discharge
29310.245705999998,44.6385383605957,-52.03142166137695,-2322.606689453125,-2322.6066117877053,discharge
29311.465706,44.63665008544922,-52.042484283447266,-2323.002197265625,-2323.002160537726,discharge
29312.685706,44.635887145996094,-51.99122619628906,-2320.674560546875,-2320.6745050795143,discharge
29313.905705999998,44.634151458740234,-52.03132629394531,-2322.3740234375,-2322.3740984030883,discharge
29315.125706,44.632911682128906,-52.07109451293945,-2324.08447265625,-2324.0845625878137,discharge
29316.355706,44.63184356689453,-51.96552276611328,-2319.317138671875,-2319.3170829690644,discharge
29317.575706,44.630889892578125,-51.95536804199219,-2318.814208984375,-2318.8143104105256,discharge
29318.795705999997,44.62869644165039,-51.9764404296875,-2319.640869140625,-2319.640782054048,discharge
29320.015706,44.62776184082031,-51.954795837402344,-2318.626220703125,-2318.6262551200343,discharge
29321.235706,44.62594985961914,-52.00023651123047,-2320.56005859375,-2320.5599472385074,discharge
29322.455705999997,44.624271392822266,-52.063987731933594,-2323.317626953125,-2323.3175183423737,discharge
29323.675705999998,44.623374938964844,-52.007102966308594,-2320.732421875,-2320.732455154939,discharge
29324.895706,44.62186813354492,-51.996517181396484,-2320.181640625,-2320.181733071877,discharge
29326.125706,44.62066650390625,-51.9764404296875,-2319.223388671875,-2319.2234144732356,discharge
29327.345706,44.61936950683594,-51.97062683105469,-2318.896484375,-2318.896602076711,discharge
29328.565705999998,44.617252349853516,-52.02851104736328,-2321.369140625,-2321.369206787349,discharge
29329.785706,44.61629867553711,-52.00176239013672,-2320.126220703125,-2320.1261624526524,discharge
29331.005706,44.61458206176758,-52.024173736572266,-2321.036865234375,-2321.036768365957,discharge
29332.225705999997,44.61332321166992,-52.04963684082031,-2322.107177734375,-2322.1072714295588,discharge
29333.445706,44.61198806762695,-52.005863189697266,-2320.0849609375,-2320.084948065414,discharge
29334.665706,44.61071014404297,-52.01659393310547,-2320.497314453125,-2320.497194630152,discharge
29335.885705999997,44.60939407348633,-51.986839294433594,-2319.101318359375,-2319.101400720392,discharge
29337.115705999997,44.608116149902344,-52.055213928222656,-2322.0849609375,-2322.0850291181705,discharge
29338.335705999998,44.606590270996094,-52.01225280761719,-2320.08935546875,-2320.089250060846,discharge
29339.555706,44.605770111083984,-51.991416931152344,-2319.1171875,-2319.117191380501,discharge
29340.775706,44.60407257080078,-51.96376037597656,-2317.79541015625,-2317.7953388617607,discharge
29341.995705999998,44.602317810058594,-52.01239776611328,-2319.87353515625,-2319.873495227366,discharge
29343.215706,44.60105895996094,-52.018070220947266,-2320.06103515625,-2320.0610169078573,discharge
29344.435706,44.59959030151367,-52.031517028808594,-2320.584228515625,-2320.584342251095,discharge
29345.655705999998,44.59794998168945,-52.04997253417969,-2321.322021484375,-2321.3220716276555,discharge
29346.885705999997,44.596900939941406,-52.03376007080078,-2320.54443359375,-2320.544443410181,discharge
29348.105706,44.59573745727539,-51.97148132324219,-2317.70654296875,-2317.706536357,discharge
29349.325706,44.59440231323242,-52.02765655517578,-2320.142333984375,-2320.142247836193,discharge
29350.545705999997,44.5927619934082,-51.97925567626953,-2317.898681640625,-2317.8985769663996,discharge
29351.765706,44.591712951660156,-51.995849609375,-2318.583984375,-2318.584000458941,discharge
29352.985706,44.59005355834961,-52.03514099121094,-2320.249755859375,-2320.249723714369,discharge
29354.205705999997,44.58864212036133,-52.042816162109375,-2320.5185546875,-2320.5185047880514,discharge
29355.425705999998,44.58698272705078,-52.030799865722656,-2319.896484375,-2319.896374887612,discharge
29356.645706,44.585838317871094,-52.00591278076172,-2318.727294921875,-2318.727218816348,discharge
29357.875706,44.584503173828125,-51.980018615722656,-2317.50341796875,-2317.503304948332,discharge
29359.095706,44.583282470703125,-51.977012634277344,-2317.305908203125,-2317.305836257292,discharge
29360.315705999998,44.58148956298828,-52.024986267089844,-2319.351318359375,-2319.3513822808745,discharge
29361.535706,44.58009719848633,-52.05731201171875,-2320.719970703125,-2320.7200293743517,discharge
29362.755706,44.57857131958008,-52.01258850097656,-2318.64697265625,-2318.6468860067544,discharge
29363.975705999997,44.57792282104492,-51.99317932128906,-2317.748046875,-2317.7479350051726,discharge
29365.195706,44.5762825012207,-52.0313720703125,-2319.365234375,-2319.3651403323747,discharge
29366.415706,44.575157165527344,-51.96337890625,-2316.27587890625,-2316.275781597942,discharge
29367.645706,44.5733642578125,-52.036285400390625,-2319.432373046875,-2319.432303775102,discharge
29368.865705999997,44.57197189331055,-52.030609130859375,-2319.10693359375,-2319.106847772491,discharge
29370.085705999998,44.57122802734375,-52.006866455078125,-2318.010009765625,-2318.0099037569016,discharge
29371.305706,44.56928253173828,-51.984500885009766,-2316.911865234375,-2316.911907215399,discharge
29372.525706,44.56796646118164,-51.99708938598633,-2317.404541015625,-2317.4045358337025,discharge
29373.745705999998,44.56584930419922,-52.066375732421875,-2320.38232421875,-2320.3822547069285,discharge
29374.965706,44.56504821777344,-52.019264221191406,-2318.240966796875,-2318.2410182704916,discharge
29376.185706,44.56380844116211,-52.00724792480469,-2317.64111328125,-2317.6410340730217,discharge
29377.405705999998,44.56275939941406,-51.988887786865234,-2316.768310546875,-2316.7682978892117,discharge
29378.635705999997,44.56132888793945,-51.99909210205078,-2317.148681640625,-2317.1486450337397,discharge
29379.855706,44.55991744995117,-51.99928283691406,-2317.083740234375,-2317.0837506695534,discharge
29381.075706,44.558467864990234,-51.98945999145508,-2316.57080078125,-2316.5706823474466,discharge
29382.295705999997,44.55667495727539,-52.03380584716797,-2318.453369140625,-2318.453373922239,discharge
29383.515706,44.55589294433594,-52.02307891845703,-2317.934814453125,-2317.9347349255113,discharge
29384.735706,44.55442428588867,-52.019309997558594,-2317.6904296875,-2317.690408690396,discharge
29385.955705999997,44.55244064331055,-52.04277038574219,-2318.63232421875,-2318.6324385242187,discharge
29387.175705999998,44.551658630371094,-52.02322006225586,-2317.720703125,-2317.720741066296,discharge
29388.405705999998,44.550132751464844,-51.99894714355469,-2316.56005859375,-2316.559998181765,discharge
29389.625706,44.54872131347656,-52.025840759277344,-2317.6845703125,-2317.6846810843563,discharge
29390.845706,44.54734802246094,-51.99542236328125,-2316.258056640625,-2316.258175591938,discharge
29392.065705999998,44.54608917236328,-51.994659423828125,-2316.15869140625,-2316.1587351805065,discharge
29393.285706,44.54488754272461,-52.00743865966797,-2316.66552734375,-2316.665506480058,discharge
29394.505706,44.54326629638672,-51.981258392333984,-2315.4150390625,-2315.4150349910196,discharge
29395.725705999997,44.54221725463867,-51.978065490722656,-2315.21826171875,-2315.2182855636056,discharge
29396.945706,44.540958404541016,-51.973487854003906,-2314.948974609375,-2314.9489606441057,discharge
29398.165706,44.539337158203125,-51.98798370361328,-2315.51025390625,-2315.5103343504015,discharge
29399.395706,44.538307189941406,-52.00419616699219,-2316.178955078125,-2316.1788640514715,discharge
29400.615705999997,44.536705017089844,-52.011253356933594,-2316.409912109375,-2316.4098483268754,discharge
29401.835705999998,44.5347785949707,-52.09259796142578,-2319.932373046875,-2319.9323166489194,discharge
29403.055706,44.53359603881836,-52.044532775878906,-2317.730224609375,-2317.730198670033,discharge
29404.275706,44.532318115234375,-52.03700256347656,-2317.328369140625,-2317.328351920005,discharge
29405.495705999998,44.53062057495117,-52.06122589111328,-2318.318603515625,-2318.3186968239897,discharge
29406.715706,44.52951431274414,-52.018211364746094,-2316.345703125,-2316.345687489811,discharge
29407.935706,44.52840805053711,-52.02488708496094,-2316.58544921875,-2316.5854009022587,discharge
29409.165706,44.52657699584961,-52.04029083251953,-2317.176025390625,-2317.1760166405875,discharge
29410.385705999997,44.5257568359375,-51.98783874511719,-2314.7978515625,-2314.797866391018,discharge
29411.605706,44.52425003051758,-51.980445861816406,-2314.390380859375,-2314.3903682492964,discharge
29412.825706,44.52278137207031,-52.00257110595703,-2315.299072265625,-2315.2991041360656,discharge
29414.045705999997,44.52104568481445,-52.050636291503906,-2317.348876953125,-2317.3487562577066,discharge
29415.265706,44.51988220214844,-52.01287078857422,-2315.60693359375,-2315.6068805028917,discharge
29416.485706,44.518489837646484,-52.005672454833984,-2315.214111328125,-2315.2140006804984,discharge
29417.705705999997,44.51730728149414,-52.03662109375,-2316.5302734375,-2316.5302511211485,discharge
29418.925705999998,44.516258239746094,-52.028560638427734,-2316.116943359375,-2316.116841222538,discharge
29420.155705999998,44.51496124267578,-52.01029968261719,-2315.236572265625,-2315.2364745916566,discharge
29421.375706,44.512977600097656,-52.0512580871582,-2316.95654296875,-2316.956485290575,discharge
29422.595706,44.51143264770508,-52.04529571533203,-2316.610595703125,-2316.6106748628954,discharge
29423.815705999998,44.51047897338867,-51.993896484375,-2314.273193359375,-2314.2732362123206,discharge
29425.035706,44.509334564208984,-52.012062072753906,-2315.022216796875,-2315.0222721706086,discharge
29426.255706,44.50838088989258,-52.02374267578125,-2315.49267578125,-2315.492554331431,discharge
29427.475705999997,44.50702667236328,-51.999900817871094,-2314.361083984375,-2314.360972661234,discharge
29428.695706,44.50553894042969,-51.97477340698242,-2313.165283203125,-2313.1653017844656,discharge
29429.925705999998,44.503841400146484,-52.04167175292969,-2316.05419921875,-2316.054305890866,discharge
29431.145706,44.502410888671875,-51.9993782043457,-2314.09765625,-2314.097694805241,discharge
29432.365705999997,44.50117111206055,-52.02202606201172,-2315.041015625,-2315.041083381657,discharge
29433.585705999998,44.499969482421875,-51.97114944458008,-2312.714599609375,-2312.7145642502,discharge
29434.805706,44.49831008911133,-52.042388916015625,-2315.79833984375,-2315.7983597629936,discharge
29436.025706,44.4965934753418,-52.04682159423828,-2315.90625,-2315.9062621624616,discharge
29437.245705999998,44.49563980102539,-52.03986358642578,-2315.547119140625,-2315.547025436099,discharge
29438.465706,44.4944953918457,-52.01520919799805,-2314.390380859375,-2314.3904859662143,discharge
29439.685706,44.493064880371094,-51.994895935058594,-2313.412353515625,-2313.4122782867053,discharge
29440.915706,44.49106216430664,-52.06227111816406,-2316.3056640625,-2316.3057407332235,discharge
29442.135705999997,44.48976516723633,-52.087928771972656,-2317.379638671875,-2317.379719112796,discharge
29443.355706,44.48873519897461,-52.004478454589844,-2313.613525390625,-2313.613471127028,discharge
29444.575706,44.48707580566406,-52.070953369140625,-2316.484375,-2316.4844498061575,discharge
29445.795705999997,44.48568344116211,-52.042579650878906,-2315.149658203125,-2315.149723810464,discharge
29447.015706,44.48442459106445,-52.01988220214844,-2314.074462890625,-2314.074527057528,discharge
29448.235706,44.48284149169922,-52.029945373535156,-2314.439697265625,-2314.4398128727335,discharge
29449.455705999997,44.481754302978516,-52.02474594116211,-2314.15185546875,-2314.1519666296517,discharge
29450.675705999998,44.480323791503906,-52.026939392089844,-2314.175048828125,-2314.1751100411057,discharge
29451.905705999998,44.47896957397461,-52.04143524169922,-2314.74951171875,-2314.7494147015095,discharge
29453.125706,44.477806091308594,-52.03556823730469,-2314.427978515625,-2314.4279139098944,discharge
29454.345706,44.47624206542969,-52.0283203125,-2314.024169921875,-2314.0241684764624,discharge
29455.565705999998,44.47481155395508,-52.025367736816406,-2313.818359375,-2313.818426120124,discharge
29456.785706,44.47345733642578,-52.03208923339844,-2314.046875,-2314.0469006466446,discharge
29458.005706,44.47235107421875,-52.02159881591797,-2313.522705078125,-2313.5228059836663,discharge
29459.225705999997,44.4708251953125,-52.020408630371094,-2313.390380859375,-2313.3904987899587,discharge
29460.445706,44.47004318237305,-51.97629928588867,-2311.38818359375,-2311.3882737034146,discharge
29461.675705999998,44.46821212768555,-52.020790100097656,-2313.271484375,-2313.271529220947,discharge
29462.895706,44.46647644042969,-52.033424377441406,-2313.742919921875,-2313.743039194378,discharge
29464.115705999997,44.46605682373047,-51.98826599121094,-2311.713134765625,-2311.7131897323998,discharge
29465.335705999998,44.46441650390625,-51.96256637573242,-2310.485107421875,-2310.4851939424407,discharge
29466.555706,44.46271896362305,-52.007530212402344,-2312.396240234375,-2312.3961998261802,discharge
29467.775706,44.462223052978516,-51.96490478515625,-2310.47509765625,-2310.475187484408,discharge
29468.995705999998,44.46037292480469,-52.00090408325195,-2311.9794921875,-2311.9795879683807,discharge
29470.215706,44.45915222167969,-51.986122131347656,-2311.259033203125,-2311.2589172524167,discharge
29471.435706,44.45760726928711,-51.99103546142578,-2311.39697265625,-2311.3970360676467,discharge
29472.665706,44.45598602294922,-52.01506805419922,-2312.381103515625,-2312.381138400233,discharge
29473.885705999997,44.45463180541992,-52.049827575683594,-2313.85595703125,-2313.855920412607,discharge
29475.105706,44.453773498535156,-51.983306884765625,-2310.854248046875,-2310.8541499602143,discharge
29476.325706,44.45249557495117,-51.93815231323242,-2308.780517578125,-2308.780485875104,discharge
29477.545705999997,44.451255798339844,-51.96094512939453,-2309.729248046875,-2309.729263470217,discharge
29478.765706,44.449501037597656,-51.986358642578125,-2310.767822265625,-2310.7677024242003,discharge
29479.985706,44.448204040527344,-51.97248458862305,-2310.08349609375,-2310.08359948828,discharge
29481.205705999997,44.44664001464844,-51.99103546142578,-2310.826904296875,-2310.826837142813,discharge
29482.435706,44.44568634033203,-51.982784271240234,-2310.41064453125,-2310.410524816689,discharge
29483.655705999998,44.44414138793945,-51.96842956542969,-2309.692138671875,-2309.69223131513,discharge
29484.875706,44.44293975830078,-51.97882843017578,-2310.092041015625,-2310.091940629354,discharge
29486.095706,44.44192886352539,-51.94859313964844,-2308.69580078125,-2308.695680872479,discharge
29487.315705999998,44.4401741027832,-51.978065490722656,-2309.914306640625,-2309.9142799335823,discharge
29488.535706,44.4389533996582,-51.99098587036133,-2310.425048828125,-2310.424998295275,discharge
29489.755706,44.43777084350586,-51.981689453125,-2309.950439453125,-2309.950403976254,discharge
29490.975705999997,44.436397552490234,-52.02836990356445,-2311.953369140625,-2311.953329042808,discharge
29492.195706,44.43464279174805,-52.03594970703125,-2312.19873046875,-2312.1988375613,discharge
29493.425705999998,44.43317413330078,-52.047874450683594,-2312.65234375,-2312.652268735401,discharge
29494.645706,44.43174362182617,-52.03662109375,-2312.077880859375,-2312.077807383612,discharge
29495.865705999997,44.430599212646484,-52.054405212402344,-2312.808349609375,-2312.8084152449446,discharge
29497.085705999998,44.429378509521484,-51.98822021484375,-2309.80419921875,-2309.8043139616493,discharge
29498.305706,44.42790985107422,-51.98802947998047,-2309.719482421875,-2309.719487071561,discharge
29499.525706,44.42665100097656,-52.02207565307617,-2311.16650390625,-2311.166599385615,discharge
29500.745705999998,44.42487716674805,-52.04505920410156,-2312.095458984375,-2312.095362278342,discharge
29501.965706,44.423980712890625,-52.004146575927734,-2310.231201171875,-2310.2312044793507,discharge
29503.195706,44.42312240600586,-51.99136734008789,-2309.618896484375,-2309.6188754043396,discharge
29504.415706,44.42129135131836,-52.027366638183594,-2311.122802734375,-2311.122811676614,discharge
29505.635705999997,44.420223236083984,-52.00910568237305,-2310.256103515625,-2310.256084720095,discharge
29506.855706,44.418888092041016,-52.02613067626953,-2310.94287109375,-2310.9428763711185,discharge
29508.075706,44.4172477722168,-52.03418731689453,-2311.21533203125,-2311.215390680445,discharge
29509.295705999997,44.416141510009766,-52.00052261352539,-2309.66259765625,-2309.6625709968066,discharge
29510.515706,44.41436767578125,-52.016876220703125,-2310.296630859375,-2310.296665811911,discharge
29511.735706,44.41303253173828,-52.03948211669922,-2311.231201171875,-2311.231212183775,discharge
29512.955705999997,44.412174224853516,-51.993324279785156,-2309.136474609375,-2309.136576443125,discharge
29514.185706,44.41112518310547,-51.93782043457031,-2306.616943359375,-2306.6170450573554,discharge
29515.405705999998,44.40925598144531,-52.01263427734375,-2309.84228515625,-2309.8423898918554,discharge
29516.625706,44.40805435180664,-52.008056640625,-2309.57666015625,-2309.5766060287133,discharge
29517.845706,44.40662384033203,-52.036285400390625,-2310.755859375,-2310.755751823308,discharge
29519.065705999998,44.40507888793945,-52.013492584228516,-2309.663330078125,-2309.663241439921,discharge
29520.285706,44.404239654541016,-51.983070373535156,-2308.268798828125,-2308.268714845326,discharge
29521.505706,44.40279006958008,-51.992034912109375,-2308.59130859375,-2308.591411492671,discharge
29522.725705999997,44.40153121948242,-51.961708068847656,-2307.179443359375,-2307.179403036571,discharge
29523.955705999997,44.400081634521484,-52.03971862792969,-2310.56787109375,-2310.5677553176065,discharge
29525.175705999998,44.39889907836914,-52.005958557128906,-2309.00732421875,-2309.0073054518143,discharge
29526.395706,44.397621154785156,-51.969482421875,-2307.3212890625,-2307.321392176673,discharge
29527.615705999997,44.39626693725586,-51.98302459716797,-2307.852294921875,-2307.8522362218064,discharge
29528.835705999998,44.39533233642578,-51.9352912902832,-2305.6845703125,-2305.684516821202,discharge
29530.055706,44.393348693847656,-51.999568939208984,-2308.43505859375,-2308.4349958480743,discharge
29531.275706,44.39210891723633,-51.97100830078125,-2307.1025390625,-2307.1026610268746,discharge
29532.495705999998,44.390621185302734,-52.01964569091797,-2309.184326171875,-2309.1843860592053,discharge
29533.715706,44.38915252685547,-52.03327941894531,-2309.713134765625,-2309.713176600053,discharge
29534.945706,44.388160705566406,-51.95441436767578,-2306.160888671875,-2306.160894315981,discharge
29536.165706,44.386329650878906,-52.01520919799805,-2308.76416015625,-2308.76422232177,discharge
29537.385705999997,44.385223388671875,-52.05183029174805,-2310.33203125,-2310.3321152884746,discharge
29538.605706,44.383583068847656,-52.048301696777344,-2310.090087890625,-2310.0901219513617,discharge
29539.825706,44.3828010559082,-52.00495910644531,-2308.125732421875,-2308.125753942004,discharge
29541.045705999997,44.38140869140625,-52.0176887512207,-2308.618408203125,-2308.6183036502916,discharge
29542.265706,44.37980651855469,-52.00090408325195,-2307.7900390625,-2307.790062004642,discharge
29543.485706,44.378910064697266,-52.04133987426758,-2309.537841796875,-2309.5379419264646,discharge
29544.715706,44.376869201660156,-52.052734375,-2309.9375,-2309.9373849481344,discharge
29545.935706,44.37580108642578,-51.99303436279297,-2307.232666015625,-2307.232550763001,discharge
29547.155705999998,44.3745231628418,-51.990604400634766,-2307.058349609375,-2307.058279226112,discharge
29548.375706,44.373416900634766,-51.97815704345703,-2306.448486328125,-2306.448432215984,discharge
29549.595706,44.371681213378906,-52.02069091796875,-2308.24560546875,-2308.2455139118247,discharge
29550.815705999998,44.37082290649414,-52.039146423339844,-2309.019775390625,-2309.01975015513,discharge
29552.035706,44.36941146850586,-52.01282501220703,-2307.7783203125,-2307.778434606007,discharge
29553.255706,44.36790466308594,-51.99799346923828,-2307.0419921875,-2307.0420169149293,discharge
29554.475705999997,44.36666488647461,-52.06804275512695,-2310.08544921875,-2310.0854042113497,discharge
29555.705705999997,44.365291595458984,-52.01377868652344,-2307.6064453125,-2307.606458409282,discharge
29556.925705999998,44.36433792114258,-51.997947692871094,-2306.8544921875,-2306.8545226524293,discharge
29558.145706,44.36260223388672,-52.02302932739258,-2307.876953125,-2307.8769570529403,discharge
29559.365705999997,44.36117172241211,-52.04224395751953,-2308.655029296875,-2308.654921019188,discharge
29560.585705999998,44.36033248901367,-51.97577667236328,-2305.662841796875,-2305.662734560756,discharge
29561.805706,44.35831069946289,-52.03390121459961,-2308.135986328125,-2308.135956982369,discharge
29563.025706,44.35720443725586,-52.053165435791016,-2308.932861328125,-2308.9329008416826,discharge
29564.245705999998,44.35617446899414,-52.03337860107422,-2308.001708984375,-2308.0016194404743,discharge
29565.475705999997,44.35514450073242,-51.940059661865234,-2303.808837890625,-2303.8088516786956,discharge
29566.695706,44.35356140136719,-51.94864273071289,-2304.107421875,-2304.1073150743614,discharge
29567.915706,44.35169219970703,-52.046871185302734,-2308.36669921875,-2308.366810768348,discharge
29569.135705999997,44.35047149658203,-52.077579498291016,-2309.665283203125,-2309.6652051499404,discharge
29570.355706,44.349613189697266,-52.0167350769043,-2306.922119140625,-2306.922080051663,discharge
29571.575706,44.348487854003906,-51.978206634521484,-2305.15478515625,-2305.1548656039813,discharge
29572.795705999997,44.34682846069336,-51.97444152832031,-2304.901611328125,-2304.901642796758,discharge
29574.015706,44.34532165527344,-52.02970504760742,-2307.27392578125,-2307.274005965155,discharge
29575.235706,44.34396743774414,-52.03227996826172,-2307.317626953125,-2307.3177286241844,discharge
29576.465706,44.34272766113281,-52.02899169921875,-2307.107421875,-2307.1074094017968,discharge
29577.685706,44.34162139892578,-52.028892517089844,-2307.04541015625,-2307.0454537982005,discharge
29578.905705999998,44.340858459472656,-51.958274841308594,-2303.87451171875,-2303.8745105368434,discharge
29580.125706,44.339351654052734,-51.943302154541016,-2303.13232421875,-2303.132340302909,discharge
29581.345706,44.33794021606445,-51.98387908935547,-2304.858154296875,-2304.858123262966,discharge
29582.565705999998,44.33671951293945,-51.96556854248047,-2303.98291015625,-2303.9828367983864,discharge
29583.785706,44.3348503112793,-52.031471252441406,-2306.807373046875,-2306.8074894526217,discharge
29585.005706,44.3333625793457,-52.015830993652344,-2306.03662109375,-2306.0366953075572,discharge
29586.235706,44.33277130126953,-52.01129913330078,-2305.804931640625,-2305.8050295585417,discharge
29587.455705999997,44.330806732177734,-52.01578140258789,-2305.901611328125,-2305.9015523813287,discharge
29588.675705999998,44.32933807373047,-52.03308868408203,-2306.59228515625,-2306.5923792970716,discharge
29589.895706,44.32823181152344,-52.0472526550293,-2307.16259765625,-2307.1626808450674,discharge
29591.115705999997,44.32727813720703,-52.02765655517578,-2306.244384765625,-2306.2444029483595,discharge
29592.335705999998,44.32538986206055,-52.021121978759766,-2305.8564453125,-2305.856512770333,discharge
29593.555706,44.32451248168945,-52.02870178222656,-2306.146728515625,-2306.1468415523996,discharge
29594.775706,44.32273864746094,-52.02827453613281,-2306.03564453125,-2306.0356145433616,discharge
29595.995705999998,44.32220458984375,-52.016685485839844,-2305.494140625,-2305.4941761889495,discharge
29597.225705999997,44.320526123046875,-52.07286071777344,-2307.896484375,-2307.896583743859,discharge
29598.445706,44.318885803222656,-52.079345703125,-2308.0986328125,-2308.0985749233514,discharge
29599.665706,44.31856155395508,-51.959373474121094,-2302.7646484375,-2302.7646916177764,discharge
29600.885705999997,44.31703567504883,-52.006103515625,-2304.75634765625,-2304.7563448222354,discharge
29602.105706,44.31539535522461,-51.96819305419922,-2302.990966796875,-2302.991021093476,discharge
29603.325706,44.314022064208984,-52.01854705810547,-2305.151123046875,-2305.151042080979,discharge
29604.545705999997,44.312782287597656,-51.97205352783203,-2303.0263671875,-2303.0262930181925,discharge
29605.765706,44.311771392822266,-51.964378356933594,-2302.633544921875,-2302.6336543225625,discharge
29606.995705999998,44.310054779052734,-52.023983001708984,-2305.185546875,-2305.1855366302334,discharge
29608.215706,44.3084716796875,-52.0416259765625,-2305.885009765625,-2305.884910747409,discharge
29609.435706,44.307594299316406,-51.99899673461914,-2303.950439453125,-2303.9504512889835,discharge
29610.655705999998,44.30612564086914,-52.00319290161133,-2304.06005859375,-2304.0599984251457,discharge
29611.875706,44.30498123168945,-51.98049545288086,-2302.994873046875,-2302.9948754538054,discharge
29613.095706,44.303531646728516,-52.034523010253906,-2305.313232421875,-2305.313136907207,discharge
29614.315705999998,44.30225372314453,-52.00061798095703,-2303.74462890625,-2303.74457155267,discharge
29615.535706,44.30097579956055,-52.04629898071289,-2305.701904296875,-2305.7018316012545,discharge
29616.755706,44.29962158203125,-52.00733947753906,-2303.905517578125,-2303.9054583432153,discharge
29617.985706,44.29832458496094,-52.03852844238281,-2305.2197265625,-2305.2196238643955,discharge
29619.205705999997,44.29758071899414,-51.971580505371094,-2302.21533203125,-2302.2152825303783,discharge
29620.425705999998,44.29637908935547,-51.973724365234375,-2302.247802734375,-2302.247797168093,discharge
29621.645706,44.29433822631836,-52.03227996826172,-2304.7353515625,-2304.735407600674,discharge
29622.865705999997,44.293251037597656,-52.04539489746094,-2305.259765625,-2305.2597415441414,discharge
29624.085705999998,44.29140090942383,-52.05583572387695,-2305.6259765625,-2305.625889721341,discharge
29625.305706,44.29025650024414,-52.078819274902344,-2306.584228515625,-2306.5842639152834,discharge
29626.525706,44.28895950317383,-52.03175354003906,-2304.43212890625,-2304.4322254139115,discharge
29627.755706,44.28804397583008,-52.00171661376953,-2303.05419921875,-2303.0543122092786,discharge
29628.975705999997,44.2864990234375,-52.02627182006836,-2304.0615234375,-2304.0614361525513,discharge
29630.195706,44.28525924682617,-52.01416015625,-2303.46044921875,-2303.4605670254678,discharge
29631.415706,44.28365707397461,-52.008056640625,-2303.10693359375,-2303.1069453572854,discharge
29632.635705999997,44.28266525268555,-52.01444625854492,-2303.33837890625,-2303.338311970947,discharge
29633.855706,44.28169250488281,-52.00033187866211,-2302.66259765625,-2302.6627064027707,discharge
29635.075706,44.2802619934082,-51.96681213378906,-2301.10400390625,-2301.104056246404,discharge
29636.295705999997,44.2790412902832,-51.994659423828125,-2302.273681640625,-2302.273671501898,discharge
29637.515706,44.27745819091797,-52.02793884277344,-2303.664794921875,-2303.664886870538,discharge
29638.745705999998,44.27595138549805,-52.04987335205078,-2304.5576171875,-2304.5576621567307,discharge
29639.965706,44.274749755859375,-52.03533172607422,-2303.851318359375,-2303.851290635066,discharge
29641.185706,44.27387237548828,-51.9805908203125,-2301.382080078125,-2301.3820439809933,discharge
29642.405705999998,44.2725944519043,-52.009727478027344,-2302.60546875,-2302.605572188768,discharge
29643.625706,44.27122116088867,-52.01869201660156,-2302.930908203125,-2302.9310187671217,discharge
29644.845706,44.270267486572266,-51.97763442993164,-2301.063720703125,-2301.063779532342,discharge
29646.065705999998,44.26841735839844,-52.02617645263672,-2303.116455078125,-2303.1164927670034,discharge
29647.285706,44.26769256591797,-51.94763946533203,-2299.60205078125,-2299.6021333764656,discharge
29648.515706,44.266014099121094,-52.0106315612793,-2302.303466796875,-2302.303349995782,discharge
29649.735706,44.2646598815918,-52.00538635253906,-2302.000732421875,-2302.0007389059174,discharge
29650.955705999997,44.263763427734375,-51.958229064941406,-2299.86669921875,-2299.8667594545987,discharge
29652.175705999998,44.261817932128906,-52.050113677978516,-2303.832763671875,-2303.8326549612975,discharge
29653.395706,44.26036834716797,-51.99737548828125,-2301.423095703125,-2301.422992197331,discharge
29654.615705999997,44.25952911376953,-52.04305648803711,-2303.401123046875,-2303.4011738018307,discharge
29655.835705999998,44.25783157348633,-52.055503845214844,-2303.86376953125,-2303.8637216544885,discharge
29657.055706,44.25691604614258,-51.99098587036133,-2300.960693359375,-2300.9606968207663,discharge
29658.275706,44.255104064941406,-52.03242492675781,-2302.700439453125,-2302.700379884918,discharge
29659.505706,44.253902435302734,-52.0512580871582,-2303.47119140625,-2303.4712970238616,discharge
29660.725705999997,44.252777099609375,-52.02970504760742,-2302.458984375,-2302.458940030192,discharge
29661.945706,44.25132751464844,-52.03785705566406,-2302.744140625,-2302.7442557306495,discharge
29663.165706,44.25048828125,-52.014923095703125,-2301.685791015625,-2301.685744896531,discharge
29664.385705999997,44.24898147583008,-52.000282287597656,-2300.95947265625,-2300.9595276818436,discharge
29665.605706,44.24827575683594,-51.98340606689453,-2300.176025390625,-2300.1760864275275,discharge
29666.825706,44.24659729003906,-51.97758483886719,-2299.831298828125,-2299.8312644741964,discharge
29668.045705999997,44.24543380737305,-51.95002746582031,-2298.551513671875,-2298.5515015301644,discharge
29669.265706,44.244136810302734,-51.993133544921875,-2300.391357421875,-2300.391313757864,discharge
29670.495705999998,44.24266815185547,-51.99951934814453,-2300.597412109375,-2300.5974785759463,discharge
29671.715706,44.241600036621094,-52.01716613769531,-2301.32275390625,-2301.3226593023865,discharge
29672.935706,44.239559173583984,-52.004478454589844,-2300.6552734375,-2300.655201883201,discharge
29674.155705999998,44.23881530761719,-52.01902389526367,-2301.260009765625,-2301.259990585095,discharge
29675.375706,44.23738479614258,-51.9810676574707,-2299.506591796875,-2299.506492077853,discharge
29676.595706,44.235897064208984,-52.00724792480469,-2300.587158203125,-2300.5872657944565,discharge
29677.815705999998,44.23492431640625,-52.01082229614258,-2300.69482421875,-2300.6947879039217,discharge
29679.035706,44.23360824584961,-52.00605392456055,-2300.41552734375,-2300.415415711541,discharge
29680.265706,44.232139587402344,-52.001094818115234,-2300.11962890625,-2300.1196846926177,discharge
29681.485706,44.230403900146484,-52.06694793701172,-2302.942138671875,-2302.942137101927,discharge
29682.705705999997,44.229488372802734,-52.02054977416992,-2300.84228515625,-2300.8423013834545,discharge
29683.925705999998,44.22843933105469,-51.983978271484375,-2299.170166015625,-2299.170229167212,discharge
29685.145706,44.226932525634766,-52.01301574707031,-2300.376220703125,-2300.3761379004573,discharge
29686.365705999997,44.22555923461914,-52.0268440246582,-2300.916259765625,-2300.9162722028123,discharge
29687.585705999998,44.22452926635742,-51.99403762817383,-2299.411865234375,-2299.4118387632625,discharge
29688.805706,44.22372817993164,-52.0,-2299.6337890625,-2299.6338653564453,discharge
29690.025706,44.222450256347656,-51.99494171142578,-2299.34375,-2299.3437234152225,discharge
29691.255706,44.22075271606445,-51.975677490234375,-2298.403564453125,-2298.403581545572,discharge
29692.475705999997,44.219512939453125,-51.99169921875,-2299.047607421875,-2299.0476163476706,discharge
29693.695706,44.218101501464844,-51.985504150390625,-2298.7001953125,-2298.7002991267946,discharge
29694.915706,44.216861724853516,-52.0237922668457,-2300.328857421875,-2300.32882906562,discharge
29696.135705999997,44.215946197509766,-51.98130798339844,-2298.40283203125,-2298.40271707013,discharge
29697.355706,44.215030670166016,-51.97868347167969,-2298.239013671875,-2298.2390838951687,discharge
29698.575706,44.21308517456055,-51.97134017944336,-2297.813232421875,-2297.81328998979,discharge
29699.795705999997,44.21245574951172,-51.955413818359375,-2297.076416015625,-2297.0764343917836,discharge
29701.025706,44.210567474365234,-52.01892852783203,-2299.786376953125,-2299.7863496239006,discharge
29702.245705999998,44.20940399169922,-51.988887786865234,-2298.397705078125,-2298.3977432486427,discharge
29703.465706,44.20814514160156,-52.003334045410156,-2298.970947265625,-2298.970939326682,discharge
29704.685706,44.20673370361328,-52.02784729003906,-2299.981201171875,-2299.9811903230147,discharge
29705.905705999998,44.20574188232422,-51.97510528564453,-2297.59814453125,-2297.5980885638273,discharge
29707.125706,44.204158782958984,-51.96428298950195,-2297.037353515625,-2297.037416310559,discharge
29708.345706,44.203453063964844,-51.985595703125,-2297.94287109375,-2297.9428396653384,discharge
29709.565705999998,44.20185089111328,-52.00390625,-2298.6689453125,-2298.668909817934,discharge
29710.785706,44.19994354248047,-52.033660888671875,-2299.884765625,-2299.884873587871,discharge
29712.015706,44.1993522644043,-52.00796127319336,-2298.71826171875,-2298.71820086737,discharge
29713.235706,44.197940826416016,-51.989891052246094,-2297.84619140625,-2297.8461282989883,discharge
29714.455705999997,44.196720123291016,-51.96399688720703,-2296.63818359375,-2296.6382269114547,discharge
29715.675705999998,44.195499420166016,-51.98650360107422,-2297.569580078125,-2297.569489757734,discharge
29716.895706,44.19380187988281,-52.036380767822266,-2299.685546875,-2299.6855021992815,discharge
29718.115705999997,44.193172454833984,-51.96013641357422,-2296.283203125,-2296.2832693017845,discharge
29719.335705999998,44.19166564941406,-51.98016357421875,-2297.090087890625,-2297.090009073727,discharge
29720.555706,44.19036865234375,-51.97257995605469,-2296.6875,-2296.687468071468,discharge
29721.785706,44.1888427734375,-52.009056091308594,-2298.219970703125,-2298.2200024137273,discharge
29723.005706,44.18781280517578,-51.94268035888672,-2295.2333984375,-2295.233436297567,discharge
29724.225705999997,44.18659210205078,-51.971771240234375,-2296.45556640625,-2296.45545661333,discharge
29725.445706,44.185123443603516,-51.98087692260742,-2296.781494140625,-2296.78146353217,discharge
29726.665706,44.18384552001953,-51.992130279541016,-2297.212158203125,-2297.21225252797,discharge
29727.885705999997,44.18254852294922,-51.97649002075195,-2296.453857421875,-2296.453792394459,discharge
29729.105706,44.1819953918457,-51.912261962890625,-2293.58740234375,-2293.5873188247206,discharge
29730.325706,44.18018341064453,-52.005531311035156,-2297.614013671875,-2297.61391168955,discharge
29731.545705999997,44.1790771484375,-52.01354217529297,-2297.910400390625,-2297.9102925257757,discharge
29732.775706,44.17778015136719,-51.981163024902344,-2296.412353515625,-2296.4123921265127,discharge
29733.995705999998,44.17585372924805,-52.05955505371094,-2299.775390625,-2299.7752892624703,discharge
29735.215706,44.17522430419922,-52.01005935668945,-2297.55615234375,-2297.556038156472,discharge
29736.435706,44.17379379272461,-52.0237922668457,-2298.08837890625,-2298.0882719111833,discharge
29737.655705999998,44.172210693359375,-51.999664306640625,-2296.940185546875,-2296.940127736889,discharge
29738.875706,44.17125701904297,-52.012062072753906,-2297.438232421875,-2297.4381619060296,discharge
29740.095706,44.16959762573242,-52.04749298095703,-2298.916748046875,-2298.9168223970046,discharge
29741.315705999998,44.168739318847656,-52.023651123046875,-2297.819091796875,-2297.8190848685335,discharge
29742.545705999997,44.16725158691406,-52.0130615234375,-2297.27392578125,-2297.2739741113037,discharge
29743.765706,44.16593551635742,-52.04334259033203,-2298.54296875,-2298.5429129003023,discharge
29744.985706,44.16563034057617,-51.97763442993164,-2295.625,-2295.6249882099655,discharge
29746.205705999997,44.16393280029297,-51.958465576171875,-2294.690185546875,-2294.69018211239,discharge
29747.425705999998,44.162139892578125,-51.985694885253906,-2295.799560546875,-2295.799529935466,discharge
29748.645706,44.16120529174805,-52.02422332763672,-2297.452392578125,-2297.452406515513,discharge
29749.865705999997,44.160099029541016,-51.99351501464844,-2296.038818359375,-2296.0387719408027,discharge
29751.085705999998,44.158668518066406,-52.02159881591797,-2297.20458984375,-2297.2045378919574,discharge
29752.305706,44.15800094604492,-51.96123123168945,-2294.504150390625,-2294.504097886602,discharge
29753.535706,44.15611267089844,-52.0233154296875,-2297.1474609375,-2297.1473776269704,discharge
29754.755706,44.15529251098633,-51.942108154296875,-2293.51904296875,-2293.5189791902667,discharge
29755.975705999997,44.153900146484375,-51.96094512939453,-2294.2783203125,-2294.2783827602398,discharge
29757.195706,44.15260314941406,-51.96037292480469,-2294.185791015625,-2294.1857252444606,discharge
29758.415706,44.151153564453125,-52.018211364746094,-2296.6640625,-2296.6640381130856,discharge
29759.635705999997,44.149742126464844,-51.998043060302734,-2295.7001953125,-2295.7001921931806,discharge
29760.855706,44.14934158325195,-51.952362060546875,-2293.66259765625,-2293.6625786678633,discharge
29762.075706,44.14705276489258,-52.05249786376953,-2297.96435546875,-2297.9643697362917,discharge
29763.305706,44.14609909057617,-52.01702117919922,-2296.3486328125,-2296.348571373528,discharge
29764.525706,44.14499282836914,-52.009918212890625,-2295.9775390625,-2295.977466512122,discharge
29765.745705999998,44.1436767578125,-51.995182037353516,-2295.258544921875,-2295.2585088205524,discharge
29766.965706,44.14234161376953,-52.04224395751953,-2297.2666015625,-2297.2665111199603,discharge
29768.185706,44.14112091064453,-51.98712158203125,-2294.769775390625,-2294.769819548819,discharge
29769.405705999998,44.14011001586914,-51.99828338623047,-2295.2099609375,-2295.2099493045534,discharge
29770.625706,44.13877487182617,-51.970054626464844,-2293.89453125,-2293.89454123404,discharge
29771.845706,44.137229919433594,-51.99575424194336,-2294.948486328125,-2294.9485598110186,discharge
29773.065705999998,44.13614273071289,-51.981544494628906,-2294.264892578125,-2294.2648671778443,discharge
29774.295705999997,44.134883880615234,-52.00958251953125,-2295.436767578125,-2295.4368851787876,discharge
29775.515706,44.13368225097656,-52.019737243652344,-2295.822509765625,-2295.822554290644,discharge
29776.735706,44.13200378417969,-52.060794830322266,-2297.547119140625,-2297.5471944591845,discharge
29777.955705999997,44.13139343261719,-51.990509033203125,-2294.41357421875,-2294.413608906325,discharge
29779.175705999998,44.129676818847656,-52.029991149902344,-2296.066650390625,-2296.066694332694,discharge
29780.395706,44.12834167480469,-52.00071334838867,-2294.705322265625,-2294.7052459712722,discharge
29781.615705999997,44.12689208984375,-52.02960968017578,-2295.905029296875,-2295.9049718338065,discharge
29782.835705999998,44.1261100769043,-52.006004333496094,-2294.82275390625,-2294.8226718798105,discharge
29784.065705999998,44.1246223449707,-52.04029083251953,-2296.25830078125,-2296.2581797073653,discharge
29785.285706,44.12311553955078,-52.04954147338867,-2296.587890625,-2296.5879322109686,discharge
29786.505706,44.122066497802734,-52.08354187011719,-2298.033447265625,-2298.0334978344035,discharge
29787.725705999997,44.121341705322266,-51.99995040893555,-2294.3076171875,-2294.3075806524575,discharge
29788.945706,44.11985397338867,-52.029754638671875,-2295.545166015625,-2295.545176929445,discharge
29790.165706,44.1185188293457,-52.03614044189453,-2295.75732421875,-2295.7574418922013,discharge
29791.385705999997,44.117279052734375,-52.02627182006836,-2295.257568359375,-2295.2575519593665,discharge
29792.605706,44.1160774230957,-52.01935577392578,-2294.889892578125,-2294.8899268220703,discharge
29793.825706,44.11476135253906,-51.99284362792969,-2293.65185546875,-2293.6518886859994,discharge
29795.055706,44.11420822143555,-52.01049041748047,-2294.401611328125,-2294.4016039757116,discharge
29796.275706,44.11231994628906,-52.03075408935547,-2295.197265625,-2295.1972714363365,discharge
29797.495705999998,44.11134719848633,-52.00371551513672,-2293.953857421875,-2293.953950699506,discharge
29798.715706,44.11054611206055,-52.0008544921875,-2293.7861328125,-2293.7860899441876,discharge
29799.935706,44.10846710205078,-52.050209045410156,-2295.85498046875,-2295.85493333434,discharge
29801.155705999998,44.10799026489258,-51.96795654296875,-2292.2021484375,-2292.202121283626,discharge
29802.375706,44.10634994506836,-52.00495910644531,-2293.7490234375,-2293.7489252278465,discharge
29803.595706,44.10505294799805,-52.01325225830078,-2294.04736328125,-2294.047244849935,discharge
29804.825706,44.10369873046875,-52.01606750488281,-2294.10107421875,-2294.100970379077,discharge
29806.045705999997,44.10259246826172,-52.04572677612305,-2295.3515625,-2295.3514777218516,discharge
29807.265706,44.10146713256836,-51.999237060546875,-2293.24267578125,-2293.2426441443386,discharge
29808.485706,44.10013198852539,-52.02045440673828,-2294.10888671875,-2294.1089054402255,discharge
29809.705705999997,44.09919738769531,-51.98998260498047,-2292.716552734375,-2292.7165050798794,discharge
29810.925705999998,44.09791946411133,-52.0172119140625,-2293.850830078125,-2293.8508217339404,discharge
29812.145706,44.096717834472656,-51.97367858886719,-2291.86865234375,-2291.8686395528493,discharge
29813.365705999997,44.09534454345703,-52.032325744628906,-2294.38330078125,-2294.383331106801,discharge
29814.585705999998,44.09400939941406,-52.015830993652344,-2293.58642578125,-2293.5865407524398,discharge
29815.815705999998,44.092369079589844,-52.0451545715332,-2294.794189453125,-2294.7941641723446,discharge
29817.035706,44.09139633178711,-52.0091552734375,-2293.15625,-2293.1562780425884,discharge
29818.255706,44.090328216552734,-51.97071838378906,-2291.406005859375,-2291.406031191291,discharge
29819.475705999997,44.0886116027832,-52.041481018066406,-2294.4365234375,-2294.4366438391444,discharge
29820.695706,44.08750534057617,-52.056549072265625,-2295.04345703125,-2295.0433852354763,discharge
29821.915706,44.086456298828125,-52.03084945678711,-2293.855712890625,-2293.85577076755,discharge
29823.135705999997,44.08527374267578,-51.99594497680664,-2292.25537109375,-2292.2554678116285,discharge
29824.355706,44.08428192138672,-51.96685791015625,-2290.921630859375,-2290.9216146799736,discharge
29825.585705999998,44.08313751220703,-51.9775390625,-2291.3330078125,-2291.3330020383,discharge
29826.805706,44.08205032348633,-52.003814697265625,-2292.434814453125,-2292.434776498121,discharge
29828.025706,44.0802001953125,-52.04844665527344,-2294.305908203125,-2294.3059484194964,discharge
29829.245705999998,44.07930374145508,-51.98321533203125,-2291.384033203125,-2291.38393807807,discharge
29830.465706,44.07808303833008,-51.988792419433594,-2291.56640625,-2291.5663093262992,discharge
29831.685706,44.07632827758789,-52.06523132324219,-2294.84423828125,-2294.8442276517744,discharge
29832.905705999998,44.075279235839844,-52.037574768066406,-2293.570556640625,-2293.5706386584206,discharge
29834.125706,44.07426834106445,-52.00409698486328,-2292.04248046875,-2292.042525345605,discharge
29835.345706,44.073123931884766,-52.05645751953125,-2294.290771484375,-2294.2907037131954,discharge
29836.575706,44.07194137573242,-51.996517181396484,-2291.58740234375,-2291.5874569607695,discharge
29837.795705999997,44.071083068847656,-51.99098587036133,-2291.299072265625,-2291.299057123979,discharge
29839.015706,44.06892776489258,-52.060272216796875,-2294.240478515625,-2294.2403757426655,discharge
29840.235706,44.06862258911133,-51.909210205078125,-2287.5673828125,-2287.567393426434,discharge
29841.455705999997,44.06728744506836,-51.947166442871094,-2289.170654296875,-2289.1707155948097,discharge
29842.675705999998,44.0654182434082,-51.99127197265625,-2291.01708984375,-2291.0171444818843,discharge
29843.895706,44.06435012817383,-51.99303436279297,-2291.039306640625,-2291.0392703882826,discharge
29845.115705999997,44.06299591064453,-52.03266143798828,-2292.71484375,-2292.714948162029,discharge
29846.345706,44.06196594238281,-51.997711181640625,-2291.121337890625,-2291.121379167307,discharge
29847.565705999998,44.060821533203125,-52.01878356933594,-2291.990234375,-2291.99033922283,discharge
29848.785706,44.05891418457031,-52.03733444213867,-2292.70849609375,-2292.708452579973,discharge
29850.005706,44.05872344970703,-51.99131774902344,-2290.671142578125,-2290.6710904900683,discharge
29851.225705999997,44.0571403503418,-52.048492431640625,-2293.107666015625,-2293.107736084494,discharge
29852.445706,44.05616760253906,-51.96332931518555,-2289.30517578125,-2289.305145495746,discharge
29853.665706,44.054813385009766,-52.012969970703125,-2291.421630859375,-2291.421685659443,discharge
29854.885705999997,44.05342102050781,-51.99699401855469,-2290.6455078125,-2290.645469300216,discharge
29856.105706,44.05250549316406,-52.00352478027344,-2290.885498046875,-2290.885561046889,discharge
29857.335705999998,44.051456451416016,-51.966190338134766,-2289.186279296875,-2289.1863706263393,discharge
29858.555706,44.049739837646484,-52.006103515625,-2290.855224609375,-2290.8553298329934,discharge
29859.775706,44.048728942871094,-52.01487731933594,-2291.189208984375,-2291.189232036122,discharge
29860.995705999998,44.0473747253418,-51.99828338623047,-2290.387939453125,-2290.387873387808,discharge
29862.215706,44.04603958129883,-52.019309997558594,-2291.24462890625,-2291.2445871443197,discharge
29863.435706,44.044532775878906,-52.016544342041016,-2291.04443359375,-2291.044392160984,discharge
29864.655705999998,44.04396057128906,-51.96862030029297,-2288.90380859375,-2288.903863450396,discharge
29865.875706,44.04268264770508,-52.030517578125,-2291.5634765625,-2291.5635736892,discharge
29867.105706,44.041786193847656,-51.955177307128906,-2288.19873046875,-2288.198810624017,discharge
29868.325706,44.04010772705078,-51.996517181396484,-2289.93212890625,-2289.932218100148,discharge
29869.545705999997,44.03959274291992,-51.986026763916016,-2289.443359375,-2289.4434470053966,discharge
29870.765706,44.038047790527344,-51.982879638671875,-2289.224609375,-2289.224537817063,discharge
29871.985706,44.03730392456055,-51.941585540771484,-2287.367431640625,-2287.3673887825134,discharge
29873.205705999997,44.035587310791016,-51.96814727783203,-2288.447998046875,-2288.447886833019,discharge
29874.425705999998,44.03413772583008,-52.017974853515625,-2290.566650390625,-2290.5666689184727,discharge
29875.645706,44.0327262878418,-52.016021728515625,-2290.4072265625,-2290.40724735416,discharge
29876.865705999997,44.03186798095703,-52.01373291015625,-2290.26171875,-2290.26182069676,discharge
29878.095706,44.03036117553711,-51.999855041503906,-2289.572509765625,-2289.572398552991,discharge
29879.315705999998,44.02935028076172,-51.98993682861328,-2289.083251953125,-2289.083139701688,discharge
29880.535706,44.02839660644531,-51.93214416503906,-2286.489013671875,-2286.4890399214346,discharge
29881.755706,44.02687072753906,-52.02050018310547,-2290.2998046875,-2290.2998367435066,discharge
29882.975705999997,44.02606964111328,-51.98259353637695,-2288.58935546875,-2288.589283158217,discharge
29884.195706,44.02444839477539,-52.03948211669922,-2291.009521484375,-2291.0094949374616,discharge
29885.415706,44.0235710144043,-51.94864273071289,-2286.96484375,-2286.9647623574565,discharge
29886.635705999997,44.02214050292969,-51.971435546875,-2287.893798828125,-2287.8938377834857,discharge
29887.855706,44.021034240722656,-52.019927978515625,-2289.970947265625,-2289.971030742163,discharge
29889.085705999998,44.019775390625,-51.981544494628906,-2288.2158203125,-2288.215913111344,discharge
29890.305706,44.018707275390625,-51.98535919189453,-2288.328369140625,-2288.3283088740427,discharge
29891.525706,44.01771545410156,-52.022457122802734,-2289.90966796875,-2289.90971485473,discharge
29892.745705999998,44.01590347290039,-52.03681182861328,-2290.447265625,-2290.4472864857235,discharge
29893.965706,44.01533126831055,-52.014495849609375,-2289.435302734375,-2289.4352655747207,discharge
29895.185706,44.01369094848633,-51.990936279296875,-2288.31298828125,-2288.3130015194183,discharge
29896.405705999998,44.01252746582031,-52.00047302246094,-2288.67236328125,-2288.67224713671,discharge
29897.625706,44.011268615722656,-52.01039123535156,-2289.043212890625,-2289.043299467885,discharge
29898.855706,44.009971618652344,-52.02922821044922,-2289.804931640625,-2289.804856882256,discharge
29900.075706,44.008636474609375,-52.05984115600586,-2291.08251953125,-2291.0826243605698,discharge
29901.295705999997,44.007530212402344,-52.04319763183594,-2290.29248046875,-2290.292592133046,discharge
29902.515706,44.00592803955078,-52.04763412475586,-2290.404541015625,-2290.404441922874,discharge
29903.735706,44.004859924316406,-52.04834747314453,-2290.380126953125,-2290.380239847873,discharge
29904.955705999997,44.004268646240234,-52.029563903808594,-2289.52294921875,-2289.522907569917,discharge
29906.175705999998,44.002838134765625,-52.0024299621582,-2288.25439453125,-2288.2545082393335,discharge
29907.395706,44.001712799072266,-52.017784118652344,-2288.87158203125,-2288.871597233083,discharge
29908.615705999997,44.00054931640625,-52.00071334838867,-2288.06005859375,-2288.0599521740805,discharge
29909.845706,43.99955749511719,-51.972816467285156,-2286.781005859375,-2286.7809263354866,discharge
29911.065705999998,43.99824142456055,-51.96514129638672,-2286.374755859375,-2286.374832419824,discharge
29912.285706,43.9970588684082,-52.00519561767578,-2288.07568359375,-2288.0756530539657,discharge
29913.505706,43.996238708496094,-51.971435546875,-2286.547607421875,-2286.5476843435317,discharge
29914.725705999997,43.99412155151367,-52.043296813964844,-2289.59912109375,-2289.5991259750735,discharge
29915.945706,43.993682861328125,-51.96800231933594,-2286.263916015625,-2286.2638129736297,discharge
29917.165706,43.9921760559082,-51.987552642822266,-2287.045654296875,-2287.045568578833,discharge
29918.385705999997,43.990840911865234,-52.017974853515625,-2288.314453125,-2288.314456338412,discharge
29919.615705999997,43.990116119384766,-52.00476837158203,-2287.69580078125,-2287.6957994276017,discharge
29920.835705999998,43.988494873046875,-52.02727508544922,-2288.6015625,-2288.6015233548824,discharge
29922.055706,43.987274169921875,-52.00681686401367,-2287.63818359375,-2287.638112102286,discharge
29923.275706,43.986244201660156,-52.046058654785156,-2289.310546875,-2289.310645723308,discharge
29924.495705999998,43.9849853515625,-52.01568603515625,-2287.9091796875,-2287.9091883078218,discharge
29925.715706,43.9838981628418,-51.98259353637695,-2286.397216796875,-2286.397100344402,discharge
29926.935706,43.98284912109375,-51.96623992919922,-2285.623291015625,-2285.623290196527,discharge
29928.155705999998,43.98094177246094,-52.03528594970703,-2288.560791015625,-2288.5608814674197,discharge
29929.375706,43.98052215576172,-52.00848388671875,-2287.3603515625,-2287.3602778674103,discharge
29930.605706,43.97897720336914,-51.9862174987793,-2286.30078125,-2286.3006742682046,discharge
29931.825706,43.977813720703125,-52.02488708496094,-2287.940673828125,-2287.940793063026,discharge
29933.045705999997,43.977203369140625,-52.01496887207031,-2287.472900390625,-2287.4728643265553,discharge
29934.265706,43.975791931152344,-52.006004333496094,-2287.005126953125,-2287.0052257404313,discharge
29935.485706,43.974552154541016,-51.98345184326172,-2285.948974609375,-2285.9490142545837,discharge
29936.705705999997,43.97300720214844,-52.03065872192383,-2287.944580078125,-2287.944530711684,discharge
29937.925705999998,43.97163391113281,-52.02960968017578,-2287.826904296875,-2287.8269493958214,discharge
29939.145706,43.97064208984375,-52.030181884765625,-2287.800537109375,-2287.800505524501,discharge
29940.375706,43.969078063964844,-52.06627655029297,-2289.30615234375,-2289.3061781398137,discharge
29941.595706,43.968238830566406,-52.024986267089844,-2287.447021484375,-2287.4470213483437,discharge
29942.815705999998,43.96738052368164,-52.03900146484375,-2288.0185546875,-2288.0185794772115,discharge
29944.035706,43.9655876159668,-52.06565856933594,-2289.09716796875,-2289.0972736131516,discharge
29945.255706,43.96465301513672,-52.04815673828125,-2288.279052734375,-2288.2791510759853,discharge
29946.475705999997,43.963623046875,-52.054786682128906,-2288.51708984375,-2288.517019478604,discharge
29947.695706,43.96240234375,-52.044151306152344,-2287.98583984375,-2287.9859193600714,discharge
29948.915706,43.961181640625,-52.028560638427734,-2287.237060546875,-2287.237004726194,discharge
29950.135705999997,43.9604377746582,-52.007057189941406,-2286.2529296875,-2286.2530014415097,discharge
29951.365705999997,43.95902633666992,-52.020790100097656,-2286.783203125,-2286.783282064571,discharge
29952.585705999998,43.95801544189453,-51.99275207519531,-2285.498291015625,-2285.4981985880295,discharge
29953.805706,43.95648956298828,-52.035858154296875,-2287.313720703125,-2287.3136558604892,discharge
29955.025706,43.95545959472656,-52.01749801635742,-2286.453125,-2286.4530322767678,discharge
29956.245705999998,43.954715728759766,-52.03571319580078,-2287.215087890625,-2287.2149812646967,discharge
29957.465706,43.95341873168945,-51.99909210205078,-2285.537841796875,-2285.537868829124,discharge
29958.685706,43.951988220214844,-52.026939392089844,-2286.6875,-2286.6874272949644,discharge
29959.905705999998,43.95069122314453,-52.02751159667969,-2286.64501953125,-2286.6450972942403,discharge
29961.135705999997,43.94947052001953,-51.995704650878906,-2285.18359375,-2285.183688721445,discharge
29962.355706,43.9482307434082,-51.9825439453125,-2284.540771484375,-2284.5408359379508,discharge
29963.575706,43.9471435546875,-52.01826095581055,-2286.053955078125,-2286.053981690202,discharge
29964.795705999997,43.946266174316406,-52.03132629394531,-2286.58251953125,-2286.5825147164287,discharge
29966.015706,43.94498825073242,-52.007102966308594,-2285.451416015625,-2285.4515288090624,discharge
29967.235706,43.943538665771484,-52.07347869873047,-2288.29296875,-2288.29292465889,discharge
29968.455705999997,43.942623138427734,-52.02369689941406,-2286.0576171875,-2286.0577071187436,discharge
29969.675705999998,43.941307067871094,-52.021217346191406,-2285.88037109375,-2285.880285453459,discharge
29970.895706,43.940677642822266,-51.99284362792969,-2284.600830078125,-2284.600781588524,discharge
29972.125706,43.93918991088867,-52.0233154296875,-2285.8623046875,-2285.862336459104,discharge
29973.345706,43.93831253051758,-52.028560638427734,-2286.047119140625,-2286.047157844223,discharge
29974.565705999998,43.93705368041992,-52.0172119140625,-2285.48291015625,-2285.483032173943,discharge
29975.785706,43.935298919677734,-52.02751159667969,-2285.84423828125,-2285.844274047122,discharge
29977.005706,43.934478759765625,-52.02932357788086,-2285.881103515625,-2285.8812116173794,discharge
29978.225705999997,43.93320083618164,-51.986839294433594,-2283.9482421875,-2283.9482515606505,discharge
29979.445706,43.93259048461914,-51.995849609375,-2284.312255859375,-2284.312367788516,discharge
29980.665706,43.93098831176758,-52.02312469482422,-2285.42724609375,-2285.42728290995,discharge
29981.895706,43.930301666259766,-52.00090408325195,-2284.415283203125,-2284.4154032954975,discharge
29983.115705999997,43.9286994934082,-52.014305114746094,-2284.9208984375,-2284.9207787441264,discharge
29984.335705999998,43.92778396606445,-51.97763442993164,-2283.26220703125,-2283.262296305111,discharge
29985.555706,43.9265251159668,-51.968238830566406,-2282.7841796875,-2282.784148223436,discharge
29986.775706,43.92534255981445,-51.960418701171875,-2282.379150390625,-2282.379191000364,discharge
29987.995705999998,43.923892974853516,-51.96776580810547,-2282.62646484375,-2282.6265834974765,discharge
29989.215706,43.92303466796875,-52.03733444213867,-2285.6376953125,-2285.637644730741,discharge
29990.435706,43.92171859741211,-52.08058166503906,-2287.46875,-2287.4686522813863,discharge
29991.655705999998,43.920555114746094,-52.036476135253906,-2285.470947265625,-2285.470918075589,discharge
29992.885705999997,43.91969680786133,-51.98831558227539,-2283.31103515625,-2283.311057924948,discharge
29994.105706,43.91866683959961,-52.00996398925781,-2284.208251953125,-2284.208280783787,discharge
29995.325706,43.91763687133789,-51.976158142089844,-2282.669921875,-2282.670039251534,discharge
29996.545705999997,43.91599655151367,-51.97205352783203,-2282.404541015625,-2282.4045235033554,discharge
29997.765706,43.91481399536133,-51.992271423339844,-2283.23095703125,-2283.2309287523094,discharge
29998.985706,43.91397476196289,-52.012062072753906,-2284.056396484375,-2284.0563811805623,discharge
30000.205705999997,43.91212463378906,-52.03766632080078,-2285.08447265625,-2285.0844891305314,discharge
30001.425705999998,43.91111373901367,-52.04596710205078,-2285.396484375,-2285.3963810751156,discharge
30002.655705999998,43.910255432128906,-52.00476837158203,-2283.542724609375,-2283.5426628848654,discharge
30003.875706,43.909053802490234,-52.03376007080078,-2284.753173828125,-2284.7531704946596,discharge
30005.095706,43.9076042175293,-52.072715759277344,-2286.38818359375,-2286.38819409025,discharge
30006.315705999998,43.906917572021484,-52.014827728271484,-2283.810791015625,-2283.8107535881136,discharge
30007.535706,43.90592575073242,-51.97858810424805,-2282.16796875,-2282.1680299330183,discharge
30008.755706,43.90451431274414,-51.98101806640625,-2282.201416015625,-2282.201351687545,discharge
30009.975705999997,43.903751373291016,-51.959564208984375,-2281.2197265625,-2281.2197884958005,discharge
30011.195706,43.902225494384766,-52.001953125,-2283.00146484375,-2283.0014722421765,discharge
30012.415706,43.90064239501953,-52.057411193847656,-2285.353759765625,-2285.3537928315927,discharge
30013.645706,43.900146484375,-51.99188995361328,-2282.45166015625,-2282.451584963128,discharge
30014.865705999997,43.89890670776367,-52.00104522705078,-2282.7890625,-2282.7890331285016,discharge
30016.085705999998,43.897743225097656,-52.03962326049805,-2284.422119140625,-2284.4220194201625,discharge
30017.305706,43.89619827270508,-52.02183532714844,-2283.560791015625,-2283.5607980305213,discharge
30018.525706,43.8947868347168,-52.00238037109375,-2282.63330078125,-2282.633401287021,discharge
30019.745705999998,43.89423370361328,-52.00591278076172,-2282.759765625,-2282.7596895684837,discharge
30020.965706,43.892822265625,-52.00419616699219,-2282.61083984375,-2282.610939424485,discharge
30022.185706,43.891544342041016,-52.032470703125,-2283.785400390625,-2283.785495092161,discharge
30023.415706,43.890743255615234,-51.96342468261719,-2280.71337890625,-2280.7133314272505,discharge
30024.635705999997,43.889827728271484,-51.95293426513672,-2280.205322265625,-2280.2053348750633,discharge
30025.855706,43.888301849365234,-51.97124481201172,-2280.9296875,-2280.9296797968273,discharge
30027.075706,43.887062072753906,-51.98359680175781,-2281.4072265625,-2281.4073396037566,discharge
30028.295705999997,43.886470794677734,-51.981544494628906,-2281.28662109375,-2281.2865343257727,discharge
30029.515706,43.8848876953125,-52.009918212890625,-2282.449462890625,-2282.4494198150933,discharge
30030.735706,43.88376235961914,-52.033042907714844,-2283.40576171875,-2283.4056898100243,discharge
30031.955705999997,43.882789611816406,-51.98993682861328,-2281.46337890625,-2281.463459781662,discharge
30033.175705999998,43.8818359375,-51.968528747558594,-2280.474365234375,-2280.4744524136186,discharge
30034.405705999998,43.88042449951172,-51.97572708129883,-2280.717041015625,-2280.71696799816,discharge
30035.625706,43.879547119140625,-51.97563171386719,-2280.667236328125,-2280.667180835735,discharge
30036.845706,43.878440856933594,-51.96094512939453,-2279.96533203125,-2279.9652577305096,discharge
30038.065705999998,43.87748718261719,-51.936485290527344,-2278.842529296875,-2278.8424676452996,discharge
30039.285706,43.8762092590332,-51.946258544921875,-2279.204833984375,-2279.204910140834,discharge
30040.505706,43.87544631958008,-51.976680755615234,-2280.5,-2280.500066362947,discharge
30041.725705999997,43.87411117553711,-51.939537048339844,-2278.801025390625,-2278.801022864791,discharge
30042.945706,43.872318267822266,-52.001808166503906,-2281.43994140625,-2281.4398783830984,discharge
30044.175705999998,43.87138366699219,-51.995704650878906,-2281.12353515625,-2281.1235077743186,discharge
30045.395706,43.87044906616211,-52.04386901855469,-2283.18798828125,-2283.1879049845156,discharge
30046.615705999997,43.868865966796875,-52.00047302246094,-2281.20166015625,-2281.2017812323757,discharge
30047.835705999998,43.86823654174805,-51.98869705200195,-2280.65234375,-2280.652459774501,discharge
30049.055706,43.86716842651367,-51.964664459228516,-2279.542724609375,-2279.5426880602463,discharge
30050.275706,43.86547088623047,-52.04081726074219,-2282.794921875,-2282.7949544467265,discharge
30051.495705999998,43.86466979980469,-52.01520919799805,-2281.6298828125,-2281.629976037948,discharge
30052.715706,43.86333465576172,-51.993370056152344,-2280.6025390625,-2280.6025906538707,discharge
30053.935706,43.862857818603516,-51.99427795410156,-2280.61767578125,-2280.617621281708,discharge
30055.165706,43.86148452758789,-51.9786376953125,-2279.860107421875,-2279.860213038046,discharge
30056.385705999997,43.86016845703125,-51.97038650512695,-2279.429931640625,-2279.4299068918917,discharge
30057.605706,43.85896682739258,-52.008819580078125,-2281.052978515625,-2281.053092694492,discharge
30058.825706,43.85749816894531,-52.05731201171875,-2283.103515625,-2283.10346623417,discharge
30060.045705999997,43.85650634765625,-52.02445983886719,-2281.611083984375,-2281.6110531566665,discharge
30061.265706,43.855247497558594,-52.007530212402344,-2280.80322265625,-2280.803109201661,discharge
30062.485706,43.8538932800293,-51.98993682861328,-2279.961181640625,-2279.9611413174716,discharge
30063.705705999997,43.853492736816406,-51.97224426269531,-2279.16455078125,-2279.164436290157,discharge
30064.935706,43.8524055480957,-51.96967315673828,-2278.9951171875,-2278.99518347127,discharge
30066.155705999998,43.8507080078125,-52.039573669433594,-2281.97216796875,-2281.97214982938,discharge
30067.375706,43.8494873046875,-52.027366638183594,-2281.373291015625,-2281.3733528973535,discharge
30068.595706,43.84838104248047,-52.02064514160156,-2281.02099609375,-2281.0210702446057,discharge
30069.815705999998,43.847293853759766,-51.98869705200195,-2279.563720703125,-2279.5636767132237,discharge
30071.035706,43.84654998779297,-51.96842956542969,-2278.63623046875,-2278.636344727711,discharge
30072.255706,43.84498596191406,-52.04572677612305,-2281.944091796875,-2281.94415987673,discharge
30073.475705999997,43.84422302246094,-52.00190734863281,-2279.983154296875,-2279.9832233868074,discharge
30074.695706,43.84267807006836,-52.023460388183594,-2280.847900390625,-2280.847825890087,discharge
30075.925705999998,43.84204864501953,-52.02250671386719,-2280.773193359375,-2280.7732699852204,discharge
30077.145706,43.84071350097656,-52.05168914794922,-2281.983154296875,-2281.9831911771325,discharge
30078.365705999997,43.839969635009766,-51.966094970703125,-2278.192138671875,-2278.1920255656587,discharge
30079.585705999998,43.83859634399414,-51.98030471801758,-2278.74365234375,-2278.743596370987,discharge
30080.805706,43.83718490600586,-51.99494171142578,-2279.311767578125,-2279.3118739807687,discharge
30082.025706,43.83613586425781,-52.02946472167969,-2280.770751953125,-2280.7706844841596,discharge
30083.245705999998,43.83504867553711,-52.04191207885742,-2281.259765625,-2281.2597491447377,discharge
30084.465706,43.834190368652344,-51.97954177856445,-2278.481201171875,-2278.481129596912,discharge
30085.685706,43.833351135253906,-51.99713897705078,-2279.208740234375,-2279.208850809664,discharge
30086.915706,43.831844329833984,-52.006675720214844,-2279.548583984375,-2279.5485142806137,discharge
30088.135705999997,43.83087158203125,-52.019500732421875,-2280.06005859375,-2280.0600563641638,discharge
30089.355706,43.829612731933594,-52.021026611328125,-2280.0615234375,-2280.0614502921235,discharge
30090.575706,43.828372955322266,-52.030372619628906,-2280.406494140625,-2280.4065761774837,discharge
30091.795705999997,43.82720947265625,-52.019264221191406,-2279.859130859375,-2279.8591896356083,discharge
30093.015706,43.826141357421875,-52.046058654785156,-2280.97802734375,-2280.9779237012845,discharge
30094.235706,43.82495880126953,-52.02918243408203,-2280.1767578125,-2280.1767766373814,discharge
30095.455705999997,43.823509216308594,-52.03013610839844,-2280.14306640625,-2280.1431492721895,discharge
30096.685706,43.82345199584961,-51.993133544921875,-2278.5185546875,-2278.518592019682,discharge
30097.905705999998,43.82148742675781,-52.056026458740234,-2281.172607421875,-2281.172508948657,discharge
30099.125706,43.82068634033203,-52.03509521484375,-2280.213623046875,-2280.21358609898,discharge
30100.345706,43.81959915161133,-52.05455017089844,-2281.009521484375,-2281.0095225062105,discharge
30101.565705999998,43.818111419677734,-52.058074951171875,-2281.08642578125,-2281.0865285043838,discharge
30102.785706,43.817386627197266,-52.00204849243164,-2278.59375,-2278.593864199138,discharge
30104.005706,43.81614685058594,-52.06980895996094,-2281.498291015625,-2281.498395871604,discharge
30105.225705999997,43.81532669067383,-52.04834747314453,-2280.515380859375,-2280.5153482455353,discharge
30106.445706,43.81406784057617,-52.01897430419922,-2279.162841796875,-2279.1628691613732,discharge
30107.675705999998,43.81296157836914,-52.01997756958008,-2279.149169921875,-2279.1492785636365,discharge
30108.895706,43.81202697753906,-52.015350341796875,-2278.89794921875,-2278.8979324209504,discharge
30110.115705999997,43.810787200927734,-52.015350341796875,-2278.83349609375,-2278.8334450061666,discharge
30111.335705999998,43.809356689453125,-52.045249938964844,-2280.06884765625,-2280.0689185678493,discharge
30112.555706,43.80819320678711,-52.00672149658203,-2278.320556640625,-2278.320503373834,discharge
30113.775706,43.8072395324707,-52.035858154296875,-2279.54736328125,-2279.547302442952,discharge
30114.995705999998,43.80634307861328,-52.012969970703125,-2278.498046875,-2278.4980070742313,discharge
30116.215706,43.80485534667969,-51.96223449707031,-2276.1982421875,-2276.198165634414,discharge
30117.445706,43.80363464355469,-52.016212463378906,-2278.499267578125,-2278.4991662873654,discharge
30118.665706,43.802642822265625,-52.04734802246094,-2279.811279296875,-2279.8113952740096,discharge
30119.885705999997,43.80149841308594,-52.040672302246094,-2279.45947265625,-2279.4594252627576,discharge
30121.105706,43.800697326660156,-52.00038146972656,-2277.653076171875,-2277.6529696263606,discharge
30122.325706,43.79951477050781,-52.0237922668457,-2278.616943359375,-2278.6168578095385,discharge
30123.545705999997,43.79863739013672,-51.973533630371094,-2276.369873046875,-2276.3699533606996,discharge
30124.765706,43.797569274902344,-51.97014617919922,-2276.166015625,-2276.166077510279,discharge
30125.985706,43.795928955078125,-52.02355194091797,-2278.419677734375,-2278.41978479526,discharge
30127.205705999997,43.795928955078125,-51.996421813964844,-2277.231689453125,-2277.2315956826787,discharge
30128.435706,43.79465103149414,-51.93572235107422,-2274.5068359375,-2274.506836433866,discharge
30129.655705999998,43.792686462402344,-52.01272964477539,-2277.777099609375,-2277.7771613873483,discharge
30130.875706,43.79180908203125,-51.996421813964844,-2277.017333984375,-2277.0173770259134,discharge
30132.095706,43.7910270690918,-51.9291877746582,-2274.032470703125,-2274.032467516008,discharge
30133.315705999998,43.79007339477539,-52.00123596191406,-2277.137939453125,-2277.1379393912503,discharge
30134.535706,43.788509368896484,-52.010963439941406,-2277.482666015625,-2277.482559875207,discharge
30135.755706,43.78742218017578,-52.01435089111328,-2277.574462890625,-2277.5743418969796,discharge
30136.975705999997,43.786678314208984,-52.03695297241211,-2278.525390625,-2278.52532025463,discharge
30138.205705999997,43.785858154296875,-52.0014762878418,-2276.92919921875,-2276.9292645534733,discharge
30139.425705999998,43.78499984741211,-51.96371078491211,-2275.23095703125,-2275.2310687883437,discharge
30140.645706,43.78293991088867,-52.0263671875,-2277.8671875,-2277.8673083521426,discharge
30141.865705999997,43.78196716308594,-51.98183059692383,-2275.86669921875,-2275.866800271615,discharge
30143.085705999998,43.7811279296875,-51.999473571777344,-2276.595703125,-2276.595604722388,discharge
30144.305706,43.77969741821289,-52.01730728149414,-2277.302001953125,-2277.3019732940156,discharge
30145.525706,43.77891540527344,-51.98841094970703,-2275.996337890625,-2275.9962450218154,discharge
30146.745705999998,43.7779426574707,-51.98535919189453,-2275.81201171875,-2275.8120737307763,discharge
30147.965706,43.77683639526367,-52.01377868652344,-2276.998779296875,-2276.998679859389,discharge
30149.195706,43.775367736816406,-52.02098083496094,-2277.237548828125,-2277.2375660802936,discharge
30150.415706,43.774471282958984,-52.03399658203125,-2277.7607421875,-2277.760689117713,discharge
30151.635705999997,43.77328872680664,-52.015830993652344,-2276.904052734375,-2276.9039884499216,discharge
30152.855706,43.772640228271484,-52.00929641723633,-2276.584228515625,-2276.584220597215,discharge
30154.075706,43.771705627441406,-51.961280822753906,-2274.433837890625,-2274.4338881984004,discharge
30155.295705999997,43.770179748535156,-51.965476989746094,-2274.538330078125,-2274.538268559554,discharge
30156.515706,43.769187927246094,-51.98016357421875,-2275.129638671875,-2275.1295479689725,discharge
30157.735706,43.768577575683594,-51.967002868652344,-2274.521728515625,-2274.521796432382,discharge
30158.965706,43.766822814941406,-51.98774337768555,-2275.33837890625,-2275.338352959807,discharge
30160.185706,43.76579284667969,-51.969146728515625,-2274.470947265625,-2274.470910138916,discharge
30161.405705999998,43.765201568603516,-51.932861328125,-2272.85205078125,-2272.852144059725,discharge
30162.625706,43.763675689697266,-51.975013732910156,-2274.61767578125,-2274.6176449746417,discharge
30163.845706,43.762664794921875,-51.97896957397461,-2274.73828125,-2274.738221851294,discharge
30165.065705999998,43.76176834106445,-51.983116149902344,-2274.873046875,-2274.8730865986727,discharge
30166.285706,43.7603759765625,-52.002479553222656,-2275.64794921875,-2275.6480569625273,discharge
30167.505706,43.759098052978516,-52.092979431152344,-2279.541748046875,-2279.5417947995884,discharge
30168.725705999997,43.75795364379883,-52.03986358642578,-2277.157958984375,-2277.157938444434,discharge
30169.955705999997,43.75709533691406,-52.02946472167969,-2276.658203125,-2276.658248155145,discharge
30171.175705999998,43.755950927734375,-52.04200744628906,-2277.1474609375,-2277.147524000611,discharge
30172.395706,43.754539489746094,-52.05726623535156,-2277.74169921875,-2277.741711222916,discharge
30173.615705999997,43.75358581542969,-52.05531311035156,-2277.606689453125,-2277.606609322829,discharge
30174.835705999998,43.752899169921875,-52.018310546875,-2275.951904296875,-2275.9518963471055,discharge
30176.055706,43.7519645690918,-52.00114440917969,-2275.15234375,-2275.1522277426557,discharge
30177.275706,43.75049591064453,-51.99436950683594,-2274.779541015625,-2274.7794504853664,discharge
30178.495705999998,43.74950408935547,-51.979400634765625,-2274.072998046875,-2274.073000632925,discharge
30179.725705999997,43.74870300292969,-52.04334259033203,-2276.828857421875,-2276.8287382641574,discharge
30180.945706,43.74778747558594,-51.993560791015625,-2274.603271484375,-2274.6032475843094,discharge
30182.165706,43.74605178833008,-52.039337158203125,-2276.515625,-2276.5155383531237,discharge
30183.385705999997,43.74521255493164,-51.99589538574219,-2274.571533203125,-2274.5714956332813,discharge
30184.605706,43.74429702758789,-51.956703186035156,-2272.8095703125,-2272.809456744144,discharge
30185.825706,43.74319076538086,-51.97834777832031,-2273.69873046875,-2273.698782536376,discharge
30187.045705999997,43.74225616455078,-52.01983642578125,-2275.465087890625,-2275.465010574553,discharge
30188.265706,43.7413215637207,-51.98249816894531,-2273.783203125,-2273.7831680933596,discharge
30189.485706,43.739662170410156,-52.014923095703125,-2275.115234375,-2275.1151640259195,discharge
30190.715706,43.73912811279297,-51.946163177490234,-2272.079833984375,-2272.079886188294,discharge
30191.935706,43.73796463012695,-51.94683074951172,-2272.048583984375,-2272.0486459693348,discharge
30193.155705999998,43.73624801635742,-52.03075408935547,-2275.6298828125,-2275.629965330154,discharge
30194.375706,43.73579025268555,-51.979732513427734,-2273.374755859375,-2273.3746785979747,discharge
30195.595706,43.734188079833984,-52.01749801635742,-2274.943115234375,-2274.9430416897667,discharge
30196.815705999998,43.73369216918945,-52.02674865722656,-2275.32177734375,-2275.321810338937,discharge
30198.035706,43.73260498046875,-51.98645782470703,-2273.503173828125,-2273.5032243817113,discharge
30199.255706,43.731040954589844,-52.06804275512695,-2276.98974609375,-2276.989710149792,discharge
30200.485706,43.73008728027344,-52.074195861816406,-2277.209228515625,-2277.2091300872853,discharge
30201.705705999997,43.729190826416016,-52.01244354248047,-2274.462158203125,-2274.462069017318,discharge
30202.925705999998,43.72800827026367,-52.0050048828125,-2274.0751953125,-2274.0752836107276,discharge
30204.145706,43.72682571411133,-52.02412414550781,-2274.849853515625,-2274.849809439911,discharge
30205.365705999997,43.72587203979492,-52.049110412597656,-2275.892822265625,-2275.8927416864026,discharge
30206.585705999998,43.724365234375,-52.072288513183594,-2276.827880859375,-2276.8277615401894,discharge
30207.805706,43.72356414794922,-52.03022766113281,-2274.947021484375,-2274.9469967739424,discharge
30209.025706,43.72234344482422,-52.044822692871094,-2275.521728515625,-2275.521612302691,discharge
30210.245705999998,43.721160888671875,-52.02336120605469,-2274.521728515625,-2274.521745259408,discharge
30211.475705999997,43.72051239013672,-52.04539489746094,-2275.451416015625,-2275.4513324639993,discharge
30212.695706,43.71978759765625,-52.02465057373047,-2274.506591796875,-2274.5066729257815,discharge
30213.915706,43.71845245361328,-52.01850128173828,-2274.16845703125,-2274.1683749938966,discharge
30215.135705999997,43.71734619140625,-52.013587951660156,-2273.89599609375,-2273.896031139884,discharge
30216.355706,43.71612548828125,-52.03833770751953,-2274.91455078125,-2274.914501423482,discharge
30217.575706,43.71553421020508,-51.98902893066406,-2272.728271484375,-2272.7281727737864,discharge
30218.795705999997,43.71429443359375,-51.98798370361328,-2272.617919921875,-2272.6180266286246,discharge
30220.015706,43.71330261230469,-52.020263671875,-2273.9775390625,-2273.977527860552,discharge
30221.245705999998,43.71232986450195,-52.00767517089844,-2273.376708984375,-2273.3766525561805,discharge
30222.465706,43.71131896972656,-52.02960968017578,-2274.282958984375,-2274.2828646005364,discharge
30223.685706,43.71013641357422,-52.043914794921875,-2274.8466796875,-2274.8466151824687,discharge
30224.905705999998,43.70882034301758,-52.044010162353516,-2274.7822265625,-2274.782290116491,discharge
30226.125706,43.7080192565918,-52.04405975341797,-2274.74267578125,-2274.7427658936067,discharge
30227.345706,43.7071418762207,-52.016448974609375,-2273.490234375,-2273.490315230447,discharge
30228.565705999998,43.70563507080078,-51.99198913574219,-2272.343017578125,-2272.342903771787,discharge
30229.785706,43.70485305786133,-52.036476135253906,-2274.24658203125,-2274.2465431401797,discharge
30231.005706,43.703765869140625,-51.97114944458008,-2271.3349609375,-2271.3349472760456,discharge
30232.235706,43.70288848876953,-52.02369689941406,-2273.5859375,-2273.585824368638,discharge
30233.455705999997,43.702030181884766,-51.99146270751953,-2272.132568359375,-2272.132472444355,discharge
30234.675705999998,43.70075225830078,-51.9847412109375,-2271.772216796875,-2271.7722968710586,discharge
30235.895706,43.69983673095703,-52.00495910644531,-2272.608154296875,-2272.608222151757,discharge
30237.115705999997,43.69884490966797,-51.98249816894531,-2271.5751953125,-2271.5751255018404,discharge
30238.335705999998,43.69741439819336,-51.99775695800781,-2272.16748046875,-2272.1675335706095,discharge
30239.555706,43.69611740112305,-52.01568603515625,-2272.883544921875,-2272.883523692144,discharge
30240.775706,43.69514465332031,-52.00958251953125,-2272.566162109375,-2272.5662315497175,discharge
30242.005706,43.69417190551758,-52.03395080566406,-2273.580322265625,-2273.5803914259304,discharge
30243.225705999997,43.69365692138672,-52.016353607177734,-2272.78466796875,-2272.7847088135604,discharge
30244.445706,43.69234085083008,-51.97968292236328,-2271.114013671875,-2271.1140235619678,discharge
30245.665706,43.69148254394531,-51.996517181396484,-2271.804931640625,-2271.804922776937,discharge
30246.885705999997,43.6903190612793,-51.99127197265625,-2271.515380859375,-2271.5152608870994,discharge
30248.105706,43.68885040283203,-51.9908447265625,-2271.420166015625,-2271.4202375756577,discharge
30249.325706,43.687782287597656,-52.01811981201172,-2272.556396484375,-2272.5562933573383,discharge
30250.545705999997,43.68701934814453,-51.9984245300293,-2271.65625,-2271.656178516423,discharge
30251.765706,43.68532180786133,-52.0472526550293,-2273.700927734375,-2273.7009814500198,discharge
30252.995705999998,43.68476867675781,-52.04448699951172,-2273.55126953125,-2273.5513754741987,discharge
30254.215706,43.68410110473633,-52.005958557128906,-2271.83349609375,-2271.8335516583466,discharge
30255.435706,43.683204650878906,-51.95460510253906,-2269.543701171875,-2269.5436472498113,discharge
30256.655705999998,43.6822509765625,-51.96757507324219,-2270.060546875,-2270.0606569927186,discharge
30257.875706,43.68074417114258,-52.00782012939453,-2271.740234375,-2271.740285970882,discharge
30259.095706,43.679847717285156,-52.00843811035156,-2271.720703125,-2271.720656674006,discharge
30260.315705999998,43.67902755737305,-52.02107238769531,-2272.229736328125,-2272.2298543862416,discharge
30261.535706,43.677310943603516,-52.055885314941406,-2273.6611328125,-2273.66108934526,discharge
30262.765706,43.67647171020508,-52.03561782836914,-2272.732177734375,-2272.732190003808,discharge
30263.985706,43.67525100708008,-52.06594467163086,-2273.9931640625,-2273.9932024542213,discharge
30265.205705999997,43.67441177368164,-52.04906463623047,-2273.21240234375,-2273.2122813577007,discharge
30266.425705999998,43.67362976074219,-52.00681686401367,-2271.326416015625,-2271.326464753656,discharge
30267.645706,43.672943115234375,-51.986549377441406,-2270.405517578125,-2270.4056137183215,discharge
30268.865705999997,43.67176055908203,-51.99775695800781,-2270.83349609375,-2270.833591479459,discharge
30270.085705999998,43.670005798339844,-52.02836990356445,-2272.0791015625,-2272.07921536683,discharge
30271.305706,43.669586181640625,-52.04205322265625,-2272.655029296875,-2272.6549282763153,discharge
30272.525706,43.66842269897461,-52.00510025024414,-2270.980712890625,-2270.9807002302114,discharge
30273.755706,43.667564392089844,-51.96237564086914,-2269.0703125,-2269.070384263614,discharge
30274.975705999997,43.66636276245117,-52.03700256347656,-2272.2666015625,-2272.266631007369,discharge
30276.195706,43.664703369140625,-52.02207565307617,-2271.528564453125,-2271.5285020385636,discharge
30277.415706,43.66426467895508,-52.056026458740234,-2272.988037109375,-2272.988117429122,discharge
30278.635705999997,43.663272857666016,-52.011966705322266,-2271.0126953125,-2271.012694118326,discharge
30279.855706,43.66233825683594,-52.01496887207031,-2271.09521484375,-2271.095165311126,discharge
30281.075706,43.66130828857422,-51.985313415527344,-2269.746826171875,-2269.7467955134925,discharge
30282.295705999997,43.660240173339844,-52.01091766357422,-2270.80908203125,-2270.809156827454,discharge
30283.525706,43.65913391113281,-51.97777557373047,-2269.3046875,-2269.3046641763067,discharge
30284.745705999998,43.65825653076172,-52.012489318847656,-2270.774658203125,-2270.774601485755,discharge
30285.965706,43.6567497253418,-52.0172119140625,-2270.90234375,-2270.902401942294,discharge
30287.185706,43.656044006347656,-52.000999450683594,-2270.157958984375,-2270.1579203931033,discharge
30288.405705999998,43.65495681762695,-51.97954177856445,-2269.16455078125,-2269.1646517432673,discharge
30289.625706,43.65346908569336,-52.08049011230469,-2273.494140625,-2273.4940650852513,discharge
30290.845706,43.65243911743164,-52.072288513183594,-2273.08251953125,-2273.082404027082,discharge
30292.065705999998,43.65190505981445,-51.993465423583984,-2269.61376953125,-2269.6138164010335,discharge
30293.285706,43.65032196044922,-52.056217193603516,-2272.270751953125,-2272.2706405438657,discharge
30294.515706,43.64982604980469,-52.05259323120117,-2272.086669921875,-2272.086639983172,discharge
30295.735706,43.64858627319336,-52.02030944824219,-2270.613037109375,-2270.6129649098148,discharge
30296.955705999997,43.6473274230957,-52.05082702636719,-2271.87939453125,-2271.8794898627675,discharge
30298.175705999998,43.64667892456055,-52.04100799560547,-2271.417236328125,-2271.41716689468,discharge
30299.395706,43.64570617675781,-52.03575897216797,-2271.137451171875,-2271.1374467838323,discharge
30300.615705999997,43.64473342895508,-52.01744842529297,-2270.28759765625,-2270.2876701763307,discharge
30301.835705999998,43.64362716674805,-52.042152404785156,-2271.308349609375,-2271.3082965095236,discharge
30303.055706,43.64276885986328,-51.9969482421875,-2269.290771484375,-2269.2907935520634,discharge
30304.275706,43.641700744628906,-51.977684020996094,-2268.39453125,-2268.394531443191,discharge
30305.505706,43.64057540893555,-52.0244140625,-2270.375244140625,-2270.375365000218,discharge
30306.725705999997,43.63973617553711,-52.02741622924805,-2270.462646484375,-2270.4627181392425,discharge
30307.945706,43.63910675048828,-51.970672607421875,-2267.95361328125,-2267.9537298099604,discharge
30309.165706,43.63752365112305,-51.98139953613281,-2268.339599609375,-2268.339551676472,discharge
30310.385705999997,43.63656997680664,-51.98173522949219,-2268.3046875,-2268.304626857571,discharge
30311.605706,43.635711669921875,-51.987030029296875,-2268.490966796875,-2268.4910529339686,discharge
30312.825706,43.63452911376953,-52.00939178466797,-2269.4052734375,-2269.4053200175404,discharge
30314.045705999997,43.633880615234375,-51.97906494140625,-2268.04833984375,-2268.048314144835,discharge
30315.275706,43.63292694091797,-52.0237922668457,-2269.950439453125,-2269.9503271687718,discharge
30316.495705999998,43.63142013549805,-52.073333740234375,-2272.033447265625,-2272.033502276172,discharge
30317.715706,43.63029479980469,-52.07238006591797,-2271.933349609375,-2271.933293203474,discharge
30318.935706,43.62943649291992,-52.004669189453125,-2268.934326171875,-2268.9344117365545,discharge
30320.155705999998,43.628387451171875,-52.045249938964844,-2270.650390625,-2270.6503293302376,discharge
30321.375706,43.62771987915039,-52.01134490966797,-2269.136474609375,-2269.1363862568687,discharge
30322.595706,43.626956939697266,-51.97277069091797,-2267.413818359375,-2267.4138289694383,discharge
30323.815705999998,43.625640869140625,-52.02660369873047,-2269.69384765625,-2269.6939286019187,discharge
30325.035706,43.62447738647461,-52.008724212646484,-2268.853515625,-2268.853413313991,discharge
30326.265706,43.62398147583008,-51.98750305175781,-2267.90185546875,-2267.9018701045425,discharge
30327.485706,43.622474670410156,-51.99561309814453,-2268.17724609375,-2268.1773153462564,discharge
30328.705705999997,43.621368408203125,-52.033851623535156,-2269.787841796875,-2269.7878113680054,discharge
30329.925705999998,43.620243072509766,-52.05116271972656,-2270.484375,-2270.484370041231,discharge
30331.145706,43.61946105957031,-52.03523635864258,-2269.7490234375,-2269.7489660713472,discharge
30332.365705999997,43.61818313598633,-52.066898345947266,-2271.0634765625,-2271.0635073763115,discharge
30333.585705999998,43.61763000488281,-52.03056335449219,-2269.449951171875,-2269.4498613418546,discharge
30334.805706,43.616600036621094,-52.02322006225586,-2269.075927734375,-2269.075982072536,discharge
30336.035706,43.61541748046875,-51.990318298339844,-2267.579345703125,-2267.579437524546,discharge
30337.255706,43.61410140991211,-51.996185302734375,-2267.766845703125,-2267.7668987220386,discharge
30338.475705999997,43.613338470458984,-52.033329010009766,-2269.34716796875,-2269.3471898583084,discharge
30339.695706,43.612003326416016,-52.0294189453125,-2269.107177734375,-2269.107192114461,discharge
30340.915706,43.611183166503906,-51.971099853515625,-2266.521240234375,-2266.5211550763343,discharge
30342.135705999997,43.610191345214844,-52.01616287231445,-2268.434814453125,-2268.4348159054935,discharge
30343.355706,43.60918045043945,-52.03662109375,-2269.2744140625,-2269.274399308488,discharge
30344.575706,43.6082649230957,-52.018882751464844,-2268.453125,-2268.4532200293324,discharge
30345.795705999997,43.6076545715332,-51.97730255126953,-2266.608154296875,-2266.608255215833,discharge
30347.025706,43.60635757446289,-52.016639709472656,-2268.256103515625,-2268.25619099327,discharge
30348.245705999998,43.60525131225586,-52.01244354248047,-2268.015625,-2268.0156720343803,discharge
30349.465706,43.6046028137207,-51.990936279296875,-2267.044189453125,-2267.0441263722023,discharge
30350.685706,43.6030387878418,-52.0191650390625,-2268.193603515625,-2268.193670909386,discharge
30351.905705999998,43.602657318115234,-51.96828842163086,-2265.95556640625,-2265.955471457346,discharge
30353.125706,43.60147476196289,-51.99951934814453,-2267.255615234375,-2267.255730492325,discharge
30354.345706,43.60044479370117,-52.01354217529297,-2267.8134765625,-2267.8135741387086,discharge
30355.565705999998,43.599300384521484,-51.98202133178711,-2266.3798828125,-2266.3797626391897,discharge
30356.795705999997,43.59783172607422,-51.98455047607422,-2266.41357421875,-2266.413684011495,discharge
30358.015706,43.59672546386719,-52.027748107910156,-2268.239501953125,-2268.2394507637946,discharge
30359.235706,43.59598159790039,-51.99608612060547,-2266.8203125,-2266.82041367676,discharge
30360.455705999997,43.59525680541992,-52.01263427734375,-2267.504150390625,-2267.5041484471876,discharge
30361.675705999998,43.59416961669922,-52.00672149658203,-2267.18994140625,-2267.1898381304345,discharge
30362.895706,43.593196868896484,-51.992942810058594,-2266.53857421875,-2266.5385917121603,discharge
30364.115705999997,43.59203338623047,-52.02088165283203,-2267.696044921875,-2267.696009791398,discharge
30365.335705999998,43.59090805053711,-52.02765655517578,-2267.932861328125,-2267.932792981592,discharge
30366.555706,43.58978271484375,-52.005340576171875,-2266.901611328125,-2266.901495726779,discharge
30367.785706,43.589134216308594,-52.070045471191406,-2269.688232421875,-2269.6882006930537,discharge
30369.005706,43.58808517456055,-52.01220703125,-2267.112548828125,-2267.112510195002,discharge
30370.225705999997,43.58720779418945,-52.042724609375,-2268.39697265625,-2268.3970517246053,discharge
30371.445706,43.58604431152344,-52.04124450683594,-2268.27197265625,-2268.271989101777,discharge
30372.665706,43.585166931152344,-52.00023651123047,-2266.43896484375,-2266.438988801383,discharge
30373.885705999997,43.58436584472656,-52.029083251953125,-2267.654541015625,-2267.6545990188606,discharge
30375.105706,43.58358383178711,-52.001380920410156,-2266.406494140625,-2266.4065447133908,discharge
30376.325706,43.5822868347168,-52.002620697021484,-2266.39306640625,-2266.3931313745707,discharge
30377.555706,43.582115173339844,-51.981353759765625,-2265.457275390625,-2265.4573464242276,discharge
30378.775706,43.580055236816406,-52.027225494384766,-2267.349365234375,-2267.349360863591,discharge
30379.995705999998,43.57927322387695,-52.042388916015625,-2267.969482421875,-2267.9694857943105,discharge
30381.215706,43.578433990478516,-51.99441909790039,-2265.83544921875,-2265.8353605311277,discharge
30382.435706,43.57748031616211,-51.998138427734375,-2265.94775390625,-2265.9478538116673,discharge
30383.655705999998,43.57646942138672,-51.98183059692383,-2265.1845703125,-2265.1846514745557,discharge
30384.875706,43.575382232666016,-52.003623962402344,-2266.077880859375,-2266.0777916455118,discharge
30386.095706,43.5746955871582,-51.959896087646484,-2264.13671875,-2264.136654759568,discharge
30387.315705999998,43.57316970825195,-52.03371047973633,-2267.273681640625,-2267.273697283599,discharge
30388.545705999997,43.57271194458008,-52.00014114379883,-2265.787109375,-2265.787171136253,discharge
30389.765706,43.57149124145508,-51.989410400390625,-2265.256103515625,-2265.2561399090337,discharge
30390.985706,43.57074737548828,-51.98368835449219,-2264.96826171875,-2264.968152939691,discharge
30392.205705999997,43.56966018676758,-51.99217987060547,-2265.281494140625,-2265.281609331578,discharge
30393.425705999998,43.56849670410156,-51.989891052246094,-2265.121337890625,-2265.1213969563833,discharge
30394.645706,43.566856384277344,-52.04396057128906,-2267.391845703125,-2267.3917558783432,discharge
30395.865705999997,43.56660842895508,-51.99604034423828,-2265.291015625,-2265.29112953358,discharge
30397.085705999998,43.56559753417969,-52.02240753173828,-2266.38720703125,-2266.387269286788,discharge
30398.315705999998,43.564796447753906,-52.00777053833008,-2265.7080078125,-2265.7079372038424,discharge
30399.535706,43.56304168701172,-52.07343292236328,-2268.47705078125,-2268.47712918272,discharge
30400.755706,43.56222152709961,-52.07362365722656,-2268.442626953125,-2268.4427294749185,discharge
30401.975705999997,43.561744689941406,-52.02202606201172,-2266.170166015625,-2266.1702175668324,discharge
30403.195706,43.560733795166016,-51.97324752807617,-2263.992919921875,-2263.9928000407963,discharge
30404.415706,43.55985641479492,-51.9505500793457,-2262.95849609375,-2262.9585021259118,discharge
30405.635705999997,43.55886459350586,-51.97224426269531,-2263.85205078125,-2263.851950459357,discharge
30406.855706,43.55781555175781,-51.995277404785156,-2264.80078125,-2264.8007027601125,discharge
30408.075706,43.55680465698242,-52.034996032714844,-2266.478271484375,-2266.4781575238158,discharge
30409.305706,43.555870056152344,-51.9755859375,-2263.841796875,-2263.841867186129,discharge
30410.525706,43.555030822753906,-51.975440979003906,-2263.7919921875,-2263.7919338667416,discharge
30411.745705999998,43.55386734008789,-51.99241638183594,-2264.470703125,-2264.470805785095,discharge
30412.965706,43.552589416503906,-52.024505615234375,-2265.802001953125,-2265.8019326569047,discharge
30414.185706,43.55213165283203,-51.94831085205078,-2262.459716796875,-2262.4596733707585,discharge
30415.405705999998,43.55123519897461,-52.00733947753906,-2264.98388671875,-2264.983873659221,discharge
30416.625706,43.55020523071289,-51.964141845703125,-2263.049072265625,-2263.049042018247,discharge
30417.845706,43.549251556396484,-51.957130432128906,-2262.694091796875,-2262.694143337285,discharge
30419.075706,43.54774475097656,-52.03514099121094,-2266.012939453125,-2266.0130379663315,discharge
30420.295705999997,43.54665756225586,-52.04916000366211,-2266.56689453125,-2266.566947082538,discharge
30421.515706,43.545780181884766,-52.01568603515625,-2265.063720703125,-2265.063630096847,discharge
30422.735706,43.54509353637695,-51.9725341796875,-2263.14892578125,-2263.1488621770404,discharge
30423.955705999997,43.544368743896484,-52.03728485107422,-2265.9306640625,-2265.9307199863542,discharge
30425.175705999998,43.54326248168945,-51.970672607421875,-2262.97265625,-2262.9726386949187,discharge
30426.395706,43.5426139831543,-51.948692321777344,-2261.98193359375,-2261.9818566968024,discharge
30427.615705999997,43.541221618652344,-51.981971740722656,-2263.358642578125,-2263.3585517373285,discharge
30428.835705999998,43.53992462158203,-52.05158996582031,-2266.322265625,-2266.322303545312,discharge
30430.065705999998,43.539390563964844,-52.059268951416016,-2266.62890625,-2266.6288433501904,discharge
30431.285706,43.53813171386719,-52.022979736328125,-2264.9833984375,-2264.9833439080976,discharge
30432.505706,43.53727340698242,-51.99756622314453,-2263.832275390625,-2263.832257154718,discharge
30433.725705999997,43.53660583496094,-52.017879486083984,-2264.681884765625,-2264.681915556139,discharge
30434.945706,43.535518646240234,-52.022743225097656,-2264.837158203125,-2264.837107704807,discharge
30436.165706,43.5345458984375,-52.008392333984375,-2264.161865234375,-2264.161743167788,discharge
30437.385705999997,43.533363342285156,-52.041961669921875,-2265.5615234375,-2265.561626421986,discharge
30438.605706,43.532466888427734,-52.05445098876953,-2266.05859375,-2266.058664063894,discharge
30439.835705999998,43.531646728515625,-52.02016830444336,-2264.523681640625,-2264.523589386954,discharge
30441.055706,43.53048324584961,-52.04973220825195,-2265.75,-2265.7499958422704,discharge
30442.275706,43.53017807006836,-51.96251678466797,-2261.9375,-2261.9376086055127,discharge
30443.495705999998,43.52863311767578,-52.00114440917969,-2263.538818359375,-2263.5387366864597,discharge
30444.715706,43.52754592895508,-52.04629898071289,-2265.44775390625,-2265.447669315108,discharge
30445.935706,43.52678298950195,-52.003623962402344,-2263.550537109375,-2263.5504548791505,discharge
30447.155705999998,43.52546691894531,-52.019927978515625,-2264.191650390625,-2264.1916543547995,discharge
30448.375706,43.52506637573242,-52.01392364501953,-2263.909423828125,-2263.909479111753,discharge
30449.595706,43.52376937866211,-52.044342041015625,-2265.166015625,-2265.165940457373,discharge
30450.825706,43.52256774902344,-52.01435089111328,-2263.798095703125,-2263.7981105799554,discharge
30452.045705999997,43.52155685424805,-52.038002014160156,-2264.77490234375,-2264.7748632407456,discharge
30453.265706,43.52071762084961,-52.03022766113281,-2264.392822265625,-2264.3928457886796,discharge
30454.485706,43.520145416259766,-52.0237922668457,-2264.0830078125,-2264.0830045584153,discharge
30455.705705999997,43.51909637451172,-52.01392364501953,-2263.598876953125,-2263.598955924099,discharge
30456.925705999998,43.518638610839844,-51.99298858642578,-2262.6640625,-2262.6640805901843,discharge
30458.145706,43.517208099365234,-52.02531814575195,-2263.99658203125,-2263.99659618437,discharge
30459.365705999997,43.516292572021484,-52.0207405090332,-2263.749755859375,-2263.7497638042987,discharge
30460.595706,43.51539611816406,-52.013301849365234,-2263.37939453125,-2263.3794333887636,discharge
30461.815705999998,43.514251708984375,-52.01396942138672,-2263.348876953125,-2263.348957785638,discharge
30463.035706,43.51335525512695,-52.02507781982422,-2263.78564453125,-2263.785693349637,discharge
30464.255706,43.5124397277832,-52.00634002685547,-2262.9228515625,-2262.9227358811477,discharge
30465.475705999997,43.51142883300781,-52.031707763671875,-2263.973876953125,-2263.973949418869,discharge
30466.695706,43.510475158691406,-52.05321502685547,-2264.860107421875,-2264.860119356017,discharge
30467.915706,43.50950241088867,-52.009918212890625,-2262.92578125,-2262.9256618738873,discharge
30469.135705999997,43.50883483886719,-52.00653076171875,-2262.74365234375,-2262.743557454087,discharge
30470.355706,43.507957458496094,-51.987648010253906,-2261.87646484375,-2261.876377997396,discharge
30471.585705999998,43.507080078125,-52.00824737548828,-2262.72705078125,-2262.726983288303,discharge
30472.805706,43.505916595458984,-52.00395584106445,-2262.479736328125,-2262.479765455282,discharge
30474.025706,43.504905700683594,-51.99065399169922,-2261.848388671875,-2261.8484992257436,discharge
30475.245705999998,43.50400924682617,-52.0050048828125,-2262.42626953125,-2262.426213303115,discharge
30476.465706,43.502559661865234,-52.05158996582031,-2264.37744140625,-2264.377397983044,discharge
30477.685706,43.501834869384766,-51.960418701171875,-2260.37353515625,-2260.373554082471,discharge
30478.905705999998,43.50149154663086,-51.973297119140625,-2260.916015625,-2260.91594527883,discharge
30480.125706,43.49967956542969,-52.038002014160156,-2263.636474609375,-2263.6364128411515,discharge
30481.355706,43.49897384643555,-52.019309997558594,-2262.78662109375,-2262.7866050934244,discharge
30482.575706,43.497962951660156,-52.00176239013672,-2261.970703125,-2261.9707338672015,discharge
30483.795705999997,43.49712371826172,-51.97234344482422,-2260.6474609375,-2260.6474527475075,discharge
30485.015706,43.49626541137695,-51.99432373046875,-2261.558837890625,-2261.558904865524,discharge
30486.235706,43.495540618896484,-51.99775695800781,-2261.670654296875,-2261.670549858536,discharge
30487.455705999997,43.4943962097168,-51.99918746948242,-2261.67333984375,-2261.6732623810094,discharge
30488.675705999998,43.493690490722656,-51.98798370361328,-2261.149169921875,-2261.1492724416894,discharge
30489.895706,43.492393493652344,-52.02808380126953,-2262.825927734375,-2262.825893405534,discharge
30491.115705999997,43.491859436035156,-52.00171661376953,-2261.6513671875,-2261.6513493985985,discharge
30492.345706,43.490238189697266,-52.034523010253906,-2262.993896484375,-2262.9937998032256,discharge
30493.565705999998,43.48928451538086,-52.06370544433594,-2264.21337890625,-2264.213298993709,discharge
30494.785706,43.48907470703125,-52.00047302246094,-2261.452392578125,-2261.452456074767,discharge
30496.005706,43.4880256652832,-51.98626708984375,-2260.780029296875,-2260.7801174453925,discharge
30497.225705999997,43.48672866821289,-51.98354721069336,-2260.594482421875,-2260.594412762657,discharge
30498.445706,43.485660552978516,-51.99036407470703,-2260.835205078125,-2260.835324178479,discharge
30499.665706,43.48508834838867,-51.974342346191406,-2260.10888671875,-2260.108868773532,discharge
30500.885705999997,43.48367691040039,-52.02751159667969,-2262.347412109375,-2262.347504722129,discharge
30502.115705999997,43.48295211791992,-52.02903747558594,-2262.376220703125,-2262.3761452923645,discharge
30503.335705999998,43.482112884521484,-52.02250671386719,-2262.048583984375,-2262.04850946815,discharge
30504.555706,43.481197357177734,-51.989078521728516,-2260.54736328125,-2260.5473836210876,discharge
30505.775706,43.48012924194336,-51.975013732910156,-2259.88037109375,-2259.8803144587146,discharge
30506.995705999998,43.47942352294922,-51.9862174987793,-2260.330810546875,-2260.330767985579,discharge
30508.215706,43.47858428955078,-51.98750305175781,-2260.343017578125,-2260.3430334391305,discharge
30509.435706,43.47759246826172,-51.97472381591797,-2259.73583984375,-2259.735860718938,discharge
30510.655705999998,43.47604751586914,-52.010108947753906,-2261.19384765625,-2261.1939679180796,discharge
30511.875706,43.475074768066406,-52.046775817871094,-2262.737548828125,-2262.7374701187364,discharge
30513.105706,43.47461700439453,-51.998233795166016,-2260.603271484375,-2260.603299149807,discharge
30514.325706,43.47379684448242,-51.97162628173828,-2259.40380859375,-2259.4039226496534,discharge
30515.545705999997,43.47278594970703,-52.01268005371094,-2261.135986328125,-2261.136106645572,discharge
30516.765706,43.47209930419922,-52.0030517578125,-2260.681884765625,-2260.6818301370367,discharge
30517.985706,43.47084045410156,-51.99761199951172,-2260.3798828125,-2260.379895225051,discharge
30519.205705999997,43.47053527832031,-51.97916030883789,-2259.56201171875,-2259.5619219428045,discharge
30520.425705999998,43.46931457519531,-51.98688507080078,-2259.834228515625,-2259.834260927164,discharge
30521.645706,43.46757888793945,-52.021121978759766,-2261.232177734375,-2261.232223450861,discharge
30522.865705999997,43.46723556518555,-51.95079040527344,-2258.1572265625,-2258.1572443436016,discharge
30524.095706,43.466243743896484,-51.999664306640625,-2260.22998046875,-2260.2300833532354,discharge
30525.315705999998,43.465518951416016,-51.988792419433594,-2259.7197265625,-2259.719842168124,discharge
30526.535706,43.464202880859375,-52.041053771972656,-2261.9228515625,-2261.9229192787316,discharge
30527.755706,43.463382720947266,-51.99284362792969,-2259.784912109375,-2259.7848613510723,discharge
30528.975705999997,43.462791442871094,-51.99689865112305,-2259.930419921875,-2259.9303617498663,discharge
30530.195706,43.46109390258789,-52.02326965332031,-2260.98828125,-2260.988207522605,discharge
30531.415706,43.46029281616211,-51.99775695800781,-2259.837646484375,-2259.8377431786503,discharge
30532.635705999997,43.459320068359375,-52.05054473876953,-2262.081298828125,-2262.081283534644,discharge
30533.865705999997,43.45876693725586,-52.016876220703125,-2260.58935546875,-2260.5893004796235,discharge
30535.085705999998,43.458309173583984,-51.97100830078125,-2258.572265625,-2258.572146798251,discharge
30536.305706,43.457088470458984,-51.981971740722656,-2258.985107421875,-2258.9851448054833,discharge
30537.525706,43.456668853759766,-51.967716217041016,-2258.34375,-2258.3438347301126,discharge
30538.745705999998,43.45527648925781,-52.06017303466797,-2262.289306640625,-2262.2892133001005,discharge
30539.965706,43.45390319824219,-51.996707916259766,-2259.4599609375,-2259.459912420425,discharge
30541.185706,43.45346450805664,-51.99708938598633,-2259.45361328125,-2259.4536781562056,discharge
30542.405705999998,43.45195770263672,-52.05192565917969,-2261.758056640625,-2261.7580720834667,discharge
30543.625706,43.4520149230957,-52.008914947509766,-2259.89208984375,-2259.8921484332095,discharge
30544.855706,43.45008850097656,-52.089691162109375,-2263.3017578125,-2263.301690982189,discharge
30546.075706,43.449249267578125,-52.02880096435547,-2260.6123046875,-2260.61234219349,discharge
30547.295705999997,43.44886779785156,-52.02503204345703,-2260.4287109375,-2260.428739435156,discharge
30548.515706,43.44736099243164,-52.01559066772461,-2259.940185546875,-2259.9401449751895,discharge
30549.735706,43.446617126464844,-52.00981903076172,-2259.650634765625,-2259.6506942462292,discharge
30550.955705999997,43.44612121582031,-51.96657180786133,-2257.74609375,-2257.745977934974,discharge
30552.175705999998,43.44461441040039,-52.00238037109375,-2259.223388671875,-2259.223363645142,discharge
30553.395706,43.44409942626953,-51.96929168701172,-2257.759033203125,-2257.7590751633397,discharge
30554.625706,43.443450927734375,-51.989078521728516,-2258.5849609375,-2258.584981536842,discharge
30555.845706,43.44230651855469,-51.99504089355469,-2258.784423828125,-2258.7845039425883,discharge
30557.065705999998,43.44154357910156,-51.98049545288086,-2258.113037109375,-2258.1129584796145,discharge
30558.285706,43.44026565551758,-52.01139450073242,-2259.388916015625,-2259.3887942257425,discharge
30559.505706,43.43921661376953,-52.02613067626953,-2259.974365234375,-2259.974360022752,discharge
30560.725705999997,43.43790054321289,-52.05750274658203,-2261.2685546875,-2261.268626834062,discharge
30561.945706,43.437156677246094,-52.02374267578125,-2259.763427734375,-2259.763461544644,discharge
30563.165706,43.4367561340332,-52.008201599121094,-2259.067626953125,-2259.0675698306586,discharge
30564.385705999997,43.435935974121094,-52.024986267089844,-2259.75390625,-2259.7539725518436,discharge
30565.615705999997,43.434505462646484,-52.03547668457031,-2260.13525390625,-2260.135196307383,discharge
30566.835705999998,43.43381881713867,-52.0319938659668,-2259.9482421875,-2259.9481942688726,discharge
30568.055706,43.43305587768555,-51.98435974121094,-2257.839599609375,-2257.8396014057216,discharge
30569.275706,43.43231201171875,-51.999237060546875,-2258.447021484375,-2258.447088385001,discharge
30570.495705999998,43.43111038208008,-52.00490951538086,-2258.630859375,-2258.6309655725927,discharge
30571.715706,43.4306526184082,-51.990745544433594,-2257.991943359375,-2257.9920091123495,discharge
30572.935706,43.42945098876953,-52.02784729003906,-2259.540771484375,-2259.540843933937,discharge
30574.155705999998,43.42817306518555,-52.006195068359375,-2258.533935546875,-2258.53403989051,discharge
30575.385705999997,43.42721939086914,-52.09049987792969,-2262.1455078125,-2262.1455663788947,discharge
30576.605706,43.426456451416016,-52.02107238769531,-2259.0908203125,-2259.0908346002107,discharge
30577.825706,43.425941467285156,-51.98970031738281,-2257.70166015625,-2257.7016828843625,discharge
30579.045705999997,43.42498779296875,-52.00166702270508,-2258.171875,-2258.1717556749936,discharge
30580.265706,43.423519134521484,-52.041481018066406,-2259.82421875,-2259.824246776843,discharge
30581.485706,43.42308044433594,-52.044151306152344,-2259.91748046875,-2259.9173688242445,discharge
30582.705705999997,43.42205047607422,-52.017356872558594,-2258.7001953125,-2258.7002957522054,discharge
30583.925705999998,43.42071533203125,-52.02503204345703,-2258.964111328125,-2258.964106498752,discharge
30585.145706,43.420143127441406,-52.007720947265625,-2258.1826171875,-2258.182687262306,discharge
30586.375706,43.419456481933594,-51.9749641418457,-2256.724609375,-2256.7246937069285,discharge
30587.595706,43.41848373413086,-52.02107238769531,-2258.676025390625,-2258.676085297193,discharge
30588.815705999998,43.41737747192383,-52.0294189453125,-2258.98095703125,-2258.9809219934978,discharge
30590.035706,43.416404724121094,-52.03113555908203,-2259.0048828125,-2259.004839688714,discharge
30591.255706,43.41552734375,-52.03094482421875,-2258.950927734375,-2258.9509077370167,discharge
30592.475705999997,43.41499328613281,-51.96232604980469,-2255.944091796875,-2255.9440365841147,discharge
30593.695706,43.4141731262207,-51.9764404296875,-2256.51416015625,-2256.5141832991503,discharge
30594.915706,43.413028717041016,-51.97896957397461,-2256.564453125,-2256.564498797161,discharge
30596.145706,43.41197967529297,-52.03990936279297,-2259.155517578125,-2259.1554875616566,discharge
30597.365705999997,43.411312103271484,-51.967620849609375,-2255.982666015625,-2255.982607966871,discharge
30598.585705999998,43.41026306152344,-51.99594497680664,-2257.15771484375,-2257.1576495756744,discharge
30599.805706,43.409080505371094,-52.01072692871094,-2257.73779296875,-2257.7378323912853,discharge
30601.025706,43.40860366821289,-52.01578140258789,-2257.932373046875,-2257.9324393973366,discharge
30602.245705999998,43.40730667114258,-52.04930114746094,-2259.320068359375,-2259.31997692649,discharge
30603.465706,43.4063720703125,-52.035377502441406,-2258.6669921875,-2258.66695669014,discharge
30604.685706,43.40536117553711,-52.05678939819336,-2259.543701171875,-2259.543745467454,discharge
30605.905705999998,43.40476989746094,-51.978206634521484,-2256.10205078125,-2256.1020986540825,discharge
30607.135705999997,43.40381622314453,-52.03437805175781,-2258.490478515625,-2258.4905822441215,discharge
30608.355706,43.40311050415039,-51.98149871826172,-2256.15869140625,-2256.1587330400653,discharge
30609.575706,43.40240478515625,-52.018402099609375,-2257.7236328125,-2257.723744204268,discharge
30610.795705999997,43.4013557434082,-51.9749641418457,-2255.783935546875,-2255.7839084711304,discharge
30612.015706,43.40065002441406,-51.97868347167969,-2255.90869140625,-2255.908650084166,discharge
30613.235706,43.399505615234375,-52.01549530029297,-2257.44677734375,-2257.446780364262,discharge
30614.455705999997,43.398075103759766,-52.03990936279297,-2258.431884765625,-2258.4318949193403,discharge
30615.675705999998,43.397674560546875,-52.00495910644531,-2256.894287109375,-2256.8942908360623,discharge
30616.905705999998,43.39693069458008,-51.9740104675293,-2255.512451171875,-2255.5125301787484,discharge
30618.125706,43.39601516723633,-51.97486877441406,-2255.502197265625,-2255.5021936495905,discharge
30619.345706,43.3946418762207,-52.01678466796875,-2257.249755859375,-2257.2497422189917,discharge
30620.565705999998,43.39397430419922,-51.989410400390625,-2256.027099609375,-2256.0271390050184,discharge
30621.785706,43.39315414428711,-51.988365173339844,-2255.939208984375,-2255.9391436762235,discharge
30623.005706,43.39225769042969,-51.970054626464844,-2255.097900390625,-2255.09800253727,discharge
30624.225705999997,43.39128494262695,-52.02288818359375,-2257.33984375,-2257.339964712737,discharge
30625.445706,43.39048385620117,-52.02493667602539,-2257.38720703125,-2257.387174960968,discharge
30626.665706,43.38981628417969,-52.00920104980469,-2256.669677734375,-2256.6696786379907,discharge
30627.895706,43.388919830322266,-52.009437561035156,-2256.63330078125,-2256.633316755906,discharge
30629.115705999997,43.3881950378418,-51.99136734008789,-2255.8115234375,-2255.8115864358115,discharge
30630.335705999998,43.386802673339844,-52.004051208496094,-2256.28955078125,-2256.2895079972805,discharge
30631.555706,43.38613510131836,-51.98802947998047,-2255.5595703125,-2255.5596706697543,discharge
30632.775706,43.38521957397461,-51.95751190185547,-2254.18798828125,-2254.1880623793986,discharge
30633.995705999998,43.38409423828125,-51.98783874511719,-2255.4453125,-2255.4452953627333,discharge
30635.215706,43.383445739746094,-52.007530212402344,-2256.265869140625,-2256.2658650279627,discharge
30636.435706,43.382568359375,-51.96986389160156,-2254.586181640625,-2254.5861729048193,discharge
30637.665706,43.381309509277344,-51.990604400634766,-2255.42041015625,-2255.4205010783335,discharge
30638.885705999997,43.38096618652344,-51.99851989746094,-2255.74609375,-2255.746033421019,discharge
30640.105706,43.38033676147461,-51.93662643432617,-2253.0283203125,-2253.0283449759736,discharge
30641.325706,43.3787727355957,-51.943016052246094,-2253.224365234375,-2253.224288531783,discharge
30642.545705999997,43.37852478027344,-51.97119903564453,-2254.433837890625,-2254.4339452282293,discharge
30643.765706,43.37697982788086,-52.02903747558594,-2256.862548828125,-2256.8625090425485,discharge
30644.985706,43.375892639160156,-52.00662612915039,-2255.833740234375,-2255.8338315029687,discharge
30646.205705999997,43.37482452392578,-52.04472351074219,-2257.4306640625,-2257.430749674677,discharge
30647.425705999998,43.374061584472656,-52.07052230834961,-2258.510009765625,-2258.5100413380133,discharge
30648.655705999998,43.3734130859375,-52.04624938964844,-2257.423583984375,-2257.423474350944,discharge
30649.875706,43.372650146484375,-52.02632141113281,-2256.51953125,-2256.5194369736128,discharge
30651.095706,43.37179183959961,-51.99103546142578,-2254.9443359375,-2254.9443675582006,discharge
30652.315705999998,43.37028503417969,-52.05426025390625,-2257.608154296875,-2257.608104455285,discharge
30653.535706,43.36956024169922,-52.037906646728516,-2256.861083984375,-2256.8611271672125,discharge
30654.755706,43.36942672729492,-51.975677490234375,-2254.1552734375,-2254.1553365142317,discharge
30655.975705999997,43.36832046508789,-52.00867462158203,-2255.52880859375,-2255.528867953253,discharge
30657.195706,43.367366790771484,-52.03022766113281,-2256.4140625,-2256.413967187691,discharge
30658.425705999998,43.36669921875,-51.99871063232422,-2255.012451171875,-2255.012443754822,discharge
30659.645706,43.365535736083984,-51.9648551940918,-2253.48388671875,-2253.4837849398173,discharge
30660.865705999997,43.36469650268555,-52.00343322753906,-2255.113037109375,-2255.1130990099045,discharge
30662.085705999998,43.36397171020508,-51.979923248291016,-2254.055908203125,-2254.055921237523,discharge
30663.305706,43.36305618286133,-52.0075798034668,-2255.20751953125,-2255.207604952375,discharge
30664.525706,43.362464904785156,-52.02751159667969,-2256.041259765625,-2256.0411456943257,discharge
30665.745705999998,43.36118698120117,-52.02574920654297,-2255.898193359375,-2255.898239181988,discharge
30666.965706,43.36021423339844,-52.06718444824219,-2257.644287109375,-2257.6442722056527,discharge
30668.185706,43.359642028808594,-52.037574768066406,-2256.33056640625,-2256.3306139907218,discharge
30669.415706,43.358821868896484,-52.054595947265625,-2257.02587890625,-2257.025953134871,discharge
30670.635705999997,43.357486724853516,-52.06208038330078,-2257.281005859375,-2257.2809590872203,discharge
30671.855706,43.35670471191406,-52.03003692626953,-2255.850830078125,-2255.850947162253,discharge
30673.075706,43.35603713989258,-51.9989013671875,-2254.46630859375,-2254.466298909392,discharge
30674.295705999997,43.35491180419922,-52.02817916870117,-2255.677001953125,-2255.6771191921143,discharge
30675.515706,43.35371017456055,-52.03337860107422,-2255.840087890625,-2255.8400152741524,discharge
30676.735706,43.35369110107422,-51.987693786621094,-2253.8583984375,-2253.8584174824064,discharge
30677.955705999997,43.352298736572266,-51.99608612060547,-2254.14990234375,-2254.149858633027,discharge
30679.185706,43.35182189941406,-51.99198913574219,-2253.947509765625,-2253.947453208966,discharge
30680.405705999998,43.35071563720703,-51.96509552001953,-2252.72412109375,-2252.7240789486677,discharge
30681.625706,43.34981918334961,-52.00829315185547,-2254.550048828125,-2254.5501041675743,discharge
30682.845706,43.348941802978516,-51.99413299560547,-2253.890625,-2253.8906453228265,discharge
30684.065705999998,43.34859848022461,-51.9725341796875,-2252.9365234375,-2252.936516155023,discharge
30685.285706,43.34726333618164,-51.99260711669922,-2253.7373046875,-2253.7372322221927,discharge
30686.505706,43.34667205810547,-52.01215744018555,-2254.553955078125,-2254.5539315942733,discharge
30687.725705999997,43.34571838378906,-52.00538635253906,-2254.2109375,-2254.2108312773053,discharge
30688.945706,43.3447265625,-52.00614929199219,-2254.1923828125,-2254.1923206299543,discharge
30690.175705999998,43.34394454956055,-52.00953674316406,-2254.298583984375,-2254.298476644035,discharge
30691.395706,43.342742919921875,-52.036521911621094,-2255.405517578125,-2255.4055916622747,discharge
30692.615705999997,43.34184646606445,-52.01640319824219,-2254.487060546875,-2254.486961135117,discharge
30693.835705999998,43.34115982055664,-52.02779769897461,-2254.945068359375,-2254.9450951828476,discharge
30695.055706,43.340110778808594,-51.98516845703125,-2253.04296875,-2253.0429597827606,discharge
30696.275706,43.3392333984375,-52.0313720703125,-2254.999755859375,-2254.9997781962156,discharge
30697.495705999998,43.338966369628906,-51.981117248535156,-2252.807861328125,-2252.807892290002,discharge
30698.715706,43.33778381347656,-52.01763916015625,-2254.3291015625,-2254.329200410284,discharge
30699.945706,43.33658218383789,-52.010009765625,-2253.93603515625,-2253.936062590219,discharge
30701.165706,43.336124420166016,-51.979209899902344,-2252.577392578125,-2252.577507484093,discharge
30702.385705999997,43.334922790527344,-52.02422332763672,-2254.4658203125,-2254.4657011402887,discharge
30703.605706,43.334312438964844,-52.00662612915039,-2253.67138671875,-2253.671385577036,discharge
30704.825706,43.333187103271484,-52.01725769042969,-2254.073486328125,-2254.073560098477,discharge
30706.045705999997,43.33253860473633,-52.02484130859375,-2254.368408203125,-2254.36844440992,discharge
30707.265706,43.331546783447266,-52.00371551513672,-2253.4013671875,-2253.401431757229,discharge
30708.485706,43.33127975463867,-52.011444091796875,-2253.722412109375,-2253.722434384399,discharge
30709.705705999997,43.330135345458984,-51.97749328613281,-2252.19189453125,-2252.1918190058204,discharge
30710.935706,43.329219818115234,-51.971961975097656,-2251.904541015625,-2251.9045647977327,discharge
30712.155705999998,43.328857421875,-51.9749641418457,-2252.015869140625,-2252.015810809098,discharge
30713.375706,43.32733154296875,-52.01215744018555,-2253.548095703125,-2253.547989676008,discharge
30714.595706,43.326663970947266,-51.99275207519531,-2252.672607421875,-2252.6724980867584,discharge
30715.815705999998,43.32563400268555,-52.016685485839844,-2253.65576171875,-2253.6558773923025,discharge
30717.035706,43.32479476928711,-52.04319763183594,-2254.7607421875,-2254.760856536741,discharge
30718.255706,43.32380294799805,-52.027366638183594,-2254.0234375,-2254.0233801359136,discharge
30719.475705999997,43.32225799560547,-52.06446838378906,-2255.55029296875,-2255.550331726554,discharge
30720.705705999997,43.322601318359375,-51.98650360107422,-2252.190673828125,-2252.1905694447923,discharge
30721.925705999998,43.321590423583984,-51.99899673461914,-2252.67919921875,-2252.6792389744514,discharge
30723.145706,43.32048416137695,-52.002288818359375,-2252.764404296875,-2252.764329111087,discharge
30724.365705999997,43.319454193115234,-52.075340270996094,-2255.875244140625,-2255.8753174603044,discharge
30725.585705999998,43.31888198852539,-52.031898498535156,-2253.963623046875,-2253.963670696976,discharge
30726.805706,43.317508697509766,-52.014495849609375,-2253.138427734375,-2253.1383763620397,discharge
30728.025706,43.31697463989258,-52.02374267578125,-2253.51123046875,-2253.5111421591137,discharge
30729.245705999998,43.31624984741211,-51.98068618774414,-2251.6083984375,-2251.608390148249,discharge
30730.465706,43.31520080566406,-52.05659866333008,-2254.842041015625,-2254.8420243620058,discharge
30731.695706,43.31459045410156,-52.02512741088867,-2253.447021484375,-2253.447087125096,discharge
30732.915706,43.31357955932617,-52.039527893066406,-2254.018310546875,-2254.0182316261053,discharge
30734.135705999997,43.31266403198242,-52.005958557128906,-2252.5166015625,-2252.5166106461256,discharge
30735.355706,43.31193923950195,-52.0030517578125,-2252.35302734375,-2252.3530180030502,discharge
30736.575706,43.31071853637695,-52.00419616699219,-2252.339111328125,-2252.339102899132,discharge
30737.795705999997,43.31047058105469,-51.96452331542969,-2250.60791015625,-2250.607958311448,discharge
30739.015706,43.30944061279297,-51.96332931518555,-2250.502685546875,-2250.5027250190324,discharge
30740.235706,43.30848693847656,-52.00457763671875,-2252.239501953125,-2252.2395713208243,discharge
30741.455705999997,43.30732345581055,-52.03266143798828,-2253.395263671875,-2253.395299161639,discharge
30742.685706,43.30665588378906,-52.006866455078125,-2252.243408203125,-2252.243469164241,discharge
30743.905705999998,43.306236267089844,-52.00920104980469,-2252.32275390625,-2252.322748725419,discharge
30745.125706,43.30484390258789,-52.091453552246094,-2255.812255859375,-2255.8122647389246,discharge
30746.345706,43.30413818359375,-51.99732971191406,-2251.699462890625,-2251.6995510226116,discharge
30747.565705999998,43.30360412597656,-51.97100830078125,-2250.531982421875,-2250.531969484873,discharge
30748.785706,43.30230712890625,-52.02913284301758,-2252.9814453125,-2252.9814900190104,discharge
30750.005706,43.30202102661133,-52.004478454589844,-2251.89892578125,-2251.899019518605,discharge
30751.225705999997,43.30085754394531,-52.00223922729492,-2251.741455078125,-2251.741552747262,discharge
30752.455705999997,43.300113677978516,-52.01782989501953,-2252.3779296875,-2252.377947736095,discharge
30753.675705999998,43.298797607421875,-52.0477294921875,-2253.60400390625,-2253.604105208069,discharge
30754.895706,43.297977447509766,-52.020931243896484,-2252.401123046875,-2252.401107796686,discharge
30756.115705999997,43.297462463378906,-51.98035430908203,-2250.617431640625,-2250.6174395306152,discharge
30757.335705999998,43.29690933227539,-51.97444152832031,-2250.332763671875,-2250.3326824473334,discharge
30758.555706,43.2957649230957,-52.016685485839844,-2252.102294921875,-2252.102186873526,discharge
30759.775706,43.2951545715332,-52.00019073486328,-2251.356201171875,-2251.3562956151145,discharge
30760.995705999998,43.29425811767578,-52.013397216796875,-2251.88134765625,-2251.881444681203,discharge
30762.215706,43.29383850097656,-51.98049545288086,-2250.43505859375,-2250.4351753377705,discharge
30763.445706,43.292274475097656,-52.03089904785156,-2252.535888671875,-2252.535962765687,discharge
30764.665706,43.291988372802734,-52.0167350769043,-2251.907958984375,-2251.907890140501,discharge
30765.885705999997,43.29059600830078,-52.01396942138672,-2251.7158203125,-2251.715737009363,discharge
30767.105706,43.28998565673828,-52.005958557128906,-2251.337158203125,-2251.337200003036,discharge
30768.325706,43.28920364379883,-51.97553634643555,-2249.9794921875,-2249.979577396516,discharge
30769.545705999997,43.28878402709961,-52.02899169921875,-2252.271728515625,-2252.271784815239,discharge
30770.765706,43.287391662597656,-52.010963439941406,-2251.4189453125,-2251.418945173791,discharge
30771.985706,43.285980224609375,-52.052162170410156,-2253.12890625,-2253.1288623565342,discharge
30773.215706,43.28590393066406,-51.96404266357422,-2249.310546875,-2249.3105585844023,discharge
30774.435706,43.28493118286133,-51.95436477661133,-2248.841064453125,-2248.841104004896,discharge
30775.655705999998,43.284053802490234,-51.98998260498047,-2250.337158203125,-2250.337204264506,discharge
30776.875706,43.28310012817383,-51.980735778808594,-2249.887451171875,-2249.88739145032,discharge
30778.095706,43.28227996826172,-52.051971435546875,-2252.927978515625,-2252.9280005733017,discharge
30779.315705999998,43.281402587890625,-52.02851104736328,-2251.866943359375,-2251.866932689445,discharge
30780.535706,43.28062057495117,-52.01387405395508,-2251.192626953125,-2251.192747562527,discharge
30781.755706,43.27991485595703,-52.004432678222656,-2250.747314453125,-2250.747418445826,discharge
30782.975705999997,43.27903747558594,-51.99351501464844,-2250.229248046875,-2250.22928480641,discharge
30784.205705999997,43.27821731567383,-52.039527893066406,-2252.177978515625,-2252.1779971611977,discharge
30785.425705999998,43.277130126953125,-52.02474594116211,-2251.481689453125,-2251.481699917349,discharge
30786.645706,43.27596664428711,-52.054405212402344,-2252.70458984375,-2252.704703660129,discharge
30787.865705999997,43.27573776245117,-51.98631286621094,-2249.74609375,-2249.746042834886,discharge
30789.085705999998,43.27470779418945,-52.013824462890625,-2250.883056640625,-2250.883054889855,discharge
30790.305706,43.27381134033203,-51.99737548828125,-2250.12451171875,-2250.124617072288,discharge
30791.525706,43.27341079711914,-51.99017333984375,-2249.792236328125,-2249.79212834849,discharge
30792.745705999998,43.272342681884766,-51.99494171142578,-2249.94287109375,-2249.9429354614404,discharge
30793.975705999997,43.271236419677734,-52.03986358642578,-2251.829345703125,-2251.8292404960084,discharge
30795.195706,43.27024459838867,-52.01573181152344,-2250.7333984375,-2250.733438448806,discharge
30796.415706,43.270511627197266,-51.931617736816406,-2247.107666015625,-2247.107669100078,discharge
30797.635705999997,43.26871871948242,-51.994178771972656,-2249.721435546875,-2249.721496334969,discharge
30798.855706,43.26789855957031,-52.04396057128906,-2251.832763671875,-2251.832806636812,discharge
30800.075706,43.266563415527344,-52.04782485961914,-2251.930419921875,-2251.930514928972,discharge
30801.295705999997,43.26616287231445,-52.03709411621094,-2251.4453125,-2251.4453894339385,discharge
30802.515706,43.26549530029297,-52.033233642578125,-2251.24365234375,-2251.24362562201,discharge
30803.735706,43.264312744140625,-52.037193298339844,-2251.353515625,-2251.3534051866736,discharge
30804.965706,43.26393127441406,-51.977203369140625,-2248.738037109375,-2248.738154398743,discharge
30806.185706,43.26286315917969,-51.99208068847656,-2249.326171875,-2249.3262721865904,discharge
30807.405705999998,43.26271057128906,-51.964473724365234,-2248.1240234375,-2248.1239867265685,discharge
30808.625706,43.26129913330078,-52.027557373046875,-2250.77978515625,-2250.7797226903494,discharge
30809.845706,43.26028823852539,-52.05211639404297,-2251.78955078125,-2251.7895586315717,discharge
30811.065705999998,43.259239196777344,-52.028751373291016,-2250.72412109375,-2250.7242007668538,discharge
30812.285706,43.25845718383789,-51.99565887451172,-2249.251953125,-2249.251983168506,discharge
30813.505706,43.25794219970703,-51.984832763671875,-2248.7568359375,-2248.7568909523543,discharge
30814.735706,43.256893157958984,-52.00357437133789,-2249.512939453125,-2249.513060412937,discharge
30815.955705999997,43.256282806396484,-52.03742980957031,-2250.94580078125,-2250.94578036078,discharge
30817.175705999998,43.25529098510742,-52.02117156982422,-2250.19091796875,-2250.190913638944,discharge
30818.395706,43.25460433959961,-52.01964569091797,-2250.089111328125,-2250.0891922468145,discharge
30819.615705999997,43.25334548950195,-52.009727478027344,-2249.5947265625,-2249.59471142196,discharge
30820.835705999998,43.25300216674805,-51.99818420410156,-2249.07763671875,-2249.077574046969,discharge
30822.055706,43.25187683105469,-51.99317932128906,-2248.802490234375,-2248.802588059334,discharge
30823.275706,43.2512092590332,-52.004432678222656,-2249.254638671875,-2249.2546001631126,discharge
30824.495705999998,43.2499885559082,-52.0655632019043,-2251.8349609375,-2251.835012639276,discharge
30825.725705999997,43.249454498291016,-52.02479553222656,-2250.0439453125,-2250.0440271539264,discharge
30826.945706,43.2487678527832,-51.988792419433594,-2248.451171875,-2248.4512142946187,discharge
30828.165706,43.24808120727539,-52.030418395996094,-2250.2158203125,-2250.2157600385544,discharge
30829.385705999997,43.246803283691406,-52.03685760498047,-2250.427734375,-2250.4277443440515,discharge
30830.605706,43.246498107910156,-52.00657653808594,-2249.102294921875,-2249.102313853218,discharge
30831.825706,43.245506286621094,-52.01997756958008,-2249.63037109375,-2249.6302670151636,discharge
30833.045705999997,43.244781494140625,-52.0152587890625,-2249.388427734375,-2249.3885006941855,discharge
30834.265706,43.24403762817383,-52.00338363647461,-2248.836181640625,-2248.836278768067,discharge
30835.495705999998,43.24312210083008,-52.04224395751953,-2250.468994140625,-2250.4691098562034,discharge
30836.715706,43.24247360229492,-52.010009765625,-2249.04150390625,-2249.04147434514,discharge
30837.935706,43.24201583862305,-51.98321533203125,-2247.859130859375,-2247.8590207302477,discharge
30839.155705999998,43.24098587036133,-52.01268005371094,-2249.07958984375,-2249.079563282139,discharge
30840.375706,43.23965072631836,-52.07238006591797,-2251.591552734375,-2251.5915265383956,discharge
30841.595706,43.23902130126953,-51.99108123779297,-2248.04345703125,-2248.043469116965,discharge
30842.815705999998,43.23841094970703,-52.01377868652344,-2248.9931640625,-2248.993137895013,discharge
30844.035706,43.237571716308594,-52.000953674316406,-2248.39501953125,-2248.3949638096965,discharge
30845.255706,43.2366943359375,-51.997520446777344,-2248.200927734375,-2248.2008977839723,discharge
30846.485706,43.235931396484375,-52.01921463012695,-2249.09912109375,-2249.0991950471653,discharge
30847.705705999997,43.23503494262695,-51.99504089355469,-2248.00732421875,-2248.0074098761543,discharge
30848.925705999998,43.23423385620117,-52.06613540649414,-2251.03955078125,-2251.0394741530035,discharge
30850.145706,43.2331657409668,-52.05158996582031,-2250.35498046875,-2250.355016073154,discharge
30851.365705999997,43.23286056518555,-52.00867462158203,-2248.48388671875,-2248.48377809496,discharge
30852.585705999998,43.232154846191406,-51.981117248535156,-2247.255615234375,-2247.255709966703,discharge
30853.805706,43.230838775634766,-52.00233459472656,-2248.1044921875,-2248.1045428212383,discharge
30855.025706,43.22998046875,-51.98383331298828,-2247.260009765625,-2247.260098811239,discharge
30856.255706,43.22895050048828,-52.057029724121094,-2250.370849609375,-2250.370761146478,discharge
30857.475705999997,43.22813034057617,-52.02937316894531,-2249.132568359375,-2249.1325248856447,discharge
30858.695706,43.22782516479492,-51.96256637573242,-2246.228759765625,-2246.2287344042124,discharge
30859.915706,43.227176666259766,-51.93762969970703,-2245.1171875,-2245.117094656016,discharge
30861.135705999997,43.225955963134766,-52.03361511230469,-2249.20263671875,-2249.202755447186,discharge
30862.355706,43.22488784790039,-52.022979736328125,-2248.6875,-2248.687464616378,discharge
30863.575706,43.2243537902832,-52.01487731933594,-2248.3095703125,-2248.309459609154,discharge
30864.795705999997,43.22319030761719,-52.04296112060547,-2249.462890625,-2249.4628126878524,discharge
30866.015706,43.22284698486328,-51.95965576171875,-2245.84423828125,-2245.8442503749393,discharge
30867.245705999998,43.22195053100586,-52.00643539428711,-2247.819580078125,-2247.8195779058296,discharge
30868.465706,43.221168518066406,-51.95851135253906,-2245.70751953125,-2245.7075751159573,discharge
30869.685706,43.21989059448242,-51.99718475341797,-2247.312744140625,-2247.312636263814,discharge
30870.905705999998,43.219566345214844,-51.98063659667969,-2246.58056640625,-2246.5805720567005,discharge
30872.125706,43.21855545043945,-52.036380767822266,-2248.937255859375,-2248.9372076543077,discharge
30873.345706,43.21809768676758,-52.037906646728516,-2248.979248046875,-2248.979332873205,discharge
30874.565705999998,43.21693420410156,-52.017738342285156,-2248.047119140625,-2248.0471753847087,discharge
30875.785706,43.216094970703125,-52.01335144042969,-2247.81396484375,-2247.8139355941676,discharge
30877.015706,43.2151985168457,-52.04353332519531,-2249.071533203125,-2249.0716241663904,discharge
30878.235706,43.21489334106445,-51.973106384277344,-2246.01220703125,-2246.0122490003414,discharge
30879.455705999997,43.2139778137207,-51.99899673461914,-2247.08349609375,-2247.083491225567,discharge
30880.675705999998,43.21268081665039,-52.07495880126953,-2250.298583984375,-2250.2985732194793,discharge
30881.895706,43.211936950683594,-52.028419494628906,-2248.248779296875,-2248.2487828456215,discharge
30883.115705999997,43.211326599121094,-52.04448699951172,-2248.911376953125,-2248.9113254196127,discharge
30884.335705999998,43.21037292480469,-52.01892852783203,-2247.75732421875,-2247.7573008363834,discharge
30885.555706,43.21001052856445,-51.97978210449219,-2246.046875,-2246.0469320075936,discharge
30886.775706,43.20884704589844,-51.970909118652344,-2245.60302734375,-2245.6030629441375,discharge
30888.005706,43.20772171020508,-52.05016326904297,-2248.968994140625,-2248.968969499547,discharge
30889.225705999997,43.20732116699219,-52.01869201660156,-2247.58837890625,-2247.588332648156,discharge
30890.445706,43.206329345703125,-52.0298957824707,-2248.020751953125,-2248.020813000039,discharge
30891.665706,43.20598602294922,-52.003143310546875,-2246.84716796875,-2246.8470830249134,discharge
30892.885705999997,43.204593658447266,-52.02751159667969,-2247.827392578125,-2247.827497594699,discharge
30894.105706,43.204345703125,-51.99456024169922,-2246.390869140625,-2246.3909553643316,discharge
30895.325706,43.203582763671875,-51.978302001953125,-2245.64892578125,-2245.6488724565133,discharge
30896.545705999997,43.20211410522461,-52.037715911865234,-2248.139404296875,-2248.139340599664,discharge
30897.775706,43.20192337036133,-51.97410583496094,-2245.38134765625,-2245.381337525032,discharge
30898.995705999998,43.20096969604492,-51.973960876464844,-2245.325439453125,-2245.325508807582,discharge
30900.215706,43.200321197509766,-51.99422836303711,-2246.16748046875,-2246.1673656998755,discharge
30901.435706,43.19963455200195,-52.02851104736328,-2247.612548828125,-2247.61266353089,discharge
30902.655705999998,43.19826126098633,-52.05678939819336,-2248.7626953125,-2248.7627888313,discharge
30903.875706,43.197669982910156,-52.01883316040039,-2247.09228515625,-2247.0923877590394,discharge
30905.095706,43.1968879699707,-52.01406478881836,-2246.845703125,-2246.8457295453845,discharge
30906.315705999998,43.19622039794922,-52.020118713378906,-2247.072509765625,-2247.072513070598,discharge
30907.535706,43.19581985473633,-51.989078521728516,-2245.7109375,-2245.7108702383266,discharge
30908.765706,43.19448471069336,-51.958370208740234,-2244.31494140625,-2244.3150275739754,discharge
30909.985706,43.193817138671875,-52.012107849121094,-2246.6015625,-2246.6014754318167,discharge
30911.205705999997,43.192901611328125,-51.99708938598633,-2245.9052734375,-2245.9051659243414,discharge
30912.425705999998,43.19194793701172,-52.054168701171875,-2248.321044921875,-2248.3209444454405,discharge
30913.645706,43.190650939941406,-52.02851104736328,-2247.145263671875,-2247.1452595715527,discharge
30914.865705999997,43.19023132324219,-52.008914947509766,-2246.277099609375,-2246.277067453775,discharge
30916.085705999998,43.189754486083984,-52.03084945678711,-2247.19970703125,-2247.1996137410315,discharge
30917.305706,43.189353942871094,-52.013301849365234,-2246.4208984375,-2246.4209033096267,discharge
30918.535706,43.18826675415039,-51.97792053222656,-2244.836181640625,-2244.8362972718314,discharge
30919.755706,43.18702697753906,-52.037384033203125,-2247.33984375,-2247.339908082504,discharge
30920.975705999997,43.18632125854492,-52.03204345703125,-2247.072509765625,-2247.072544473922,discharge
30922.195706,43.18580627441406,-51.97882843017578,-2244.74755859375,-2244.7476149565773,discharge
30923.415706,43.185367584228516,-51.984310150146484,-2244.96142578125,-2244.9615424466174,discharge
30924.635705999997,43.18387985229492,-52.03113555908203,-2246.90625,-2246.9063065618684,discharge
30925.855706,43.183250427246094,-52.01725769042969,-2246.274169921875,-2246.274265384418,discharge
30927.075706,43.18235397338867,-52.01964569091797,-2246.330810546875,-2246.3307537954825,discharge
30928.295705999997,43.1816291809082,-52.04539489746094,-2247.405029296875,-2247.40494303609,discharge
30929.525706,43.18065643310547,-52.06108093261719,-2248.03173828125,-2248.031649287441,discharge
30930.745705999998,43.1804084777832,-51.978111267089844,-2244.43603515625,-2244.436076416605,discharge
30931.965706,43.17943572998047,-51.98912811279297,-2244.861328125,-2244.8612160040648,discharge
30933.185706,43.17878723144531,-51.978397369384766,-2244.3642578125,-2244.3641606441815,discharge
30934.405705999998,43.178062438964844,-51.98207092285156,-2244.485107421875,-2244.4851040135836,discharge
30935.625706,43.17707061767578,-51.98020935058594,-2244.353271484375,-2244.35316985182,discharge
30936.845706,43.17638397216797,-52.00123596191406,-2245.225341796875,-2245.225330918911,discharge
30938.065705999998,43.1756591796875,-51.96929168701172,-2243.808349609375,-2243.808425688185,discharge
30939.295705999997,43.17464828491211,-52.02403259277344,-2246.119384765625,-2246.1193095557974,discharge
30940.515706,43.17390441894531,-52.009010314941406,-2245.43212890625,-2245.432040261221,discharge
30941.735706,43.173160552978516,-51.987220764160156,-2244.45263671875,-2244.452628754225,discharge
30942.955705999997,43.17239761352539,-52.0136833190918,-2245.555419921875,-2245.555417595824,discharge
30944.175705999998,43.17127227783203,-52.020790100097656,-2245.8037109375,-2245.803693519265,discharge
30945.395706,43.17098617553711,-51.985313415527344,-2244.25732421875,-2244.257246792695,discharge
30946.615705999997,43.170127868652344,-51.955223083496094,-2242.91357421875,-2242.9136239588843,discharge
30947.835705999998,43.169593811035156,-51.97877883911133,-2243.90283203125,-2243.9027692780655,discharge
30949.055706,43.16871643066406,-52.017066955566406,-2245.510009765625,-2245.510012959712,discharge
30950.285706,43.168087005615234,-52.00004577636719,-2244.742431640625,-2244.7425003701937,discharge
30951.505706,43.167152404785156,-51.9892692565918,-2244.228759765625,-2244.2287094127096,discharge
30952.725705999997,43.166160583496094,-51.99847412109375,-2244.574462890625,-2244.5744840078987,discharge
30953.945706,43.16570281982422,-51.95841979980469,-2242.82177734375,-2242.8217080660397,discharge
30955.165706,43.16450119018555,-51.99284362792969,-2244.2451171875,-2244.245160658902,discharge
30956.385705999997,43.16396713256836,-52.022979736328125,-2245.51806640625,-2245.518187477137,discharge
30957.605706,43.162784576416016,-52.018165588378906,-2245.248779296875,-2245.2488753515354,discharge
30958.825706,43.1617546081543,-52.0457763671875,-2246.386962890625,-2246.387027951423,discharge
30960.045705999997,43.161258697509766,-52.00190734863281,-2244.4677734375,-2244.467775838275,discharge
30961.275706,43.160247802734375,-52.02465057373047,-2245.396728515625,-2245.396810612874,discharge
30962.495705999998,43.159847259521484,-51.976585388183594,-2243.301513671875,-2243.30148642548,discharge
30963.715706,43.1590461730957,-51.97887420654297,-2243.358642578125,-2243.3586319057213,discharge
30964.935706,43.15866470336914,-51.980445861816406,-2243.40673828125,-2243.4066340817662,discharge
30966.155705999998,43.157081604003906,-52.02793884277344,-2245.3740234375,-2245.374002325698,discharge
30967.375706,43.15673828125,-52.01597213745117,-2244.839599609375,-2244.8396959807724,discharge
30968.595706,43.15568923950195,-51.98707580566406,-2243.5380859375,-2243.538087939669,discharge
30969.815705999998,43.15528869628906,-51.946495056152344,-2241.765869140625,-2241.765990908607,discharge
30971.045705999997,43.1541633605957,-52.04877853393555,-2246.12158203125,-2246.1214915729215,discharge
30972.265706,43.15340042114258,-52.01244354248047,-2244.513916015625,-2244.5138030707312,discharge
30973.485706,43.152732849121094,-52.025699615478516,-2245.051025390625,-2245.0511167953664,discharge
30974.705705999997,43.15176010131836,-51.99708938598633,-2243.765869140625,-2243.765927150889,discharge
30975.925705999998,43.151588439941406,-51.989410400390625,-2243.425537109375,-2243.4256408328656,discharge
30977.145706,43.150482177734375,-52.0176887512207,-2244.58837890625,-2244.588351386483,discharge
30978.365705999997,43.14983367919922,-51.97453308105469,-2242.6923828125,-2242.6924580015475,discharge
30979.585705999998,43.14897537231445,-52.00052261352539,-2243.769287109375,-2243.769269598488,discharge
30980.805706,43.14800262451172,-52.05259323120117,-2245.96533203125,-2245.965429352509,discharge
30982.035706,43.147430419921875,-52.02965545654297,-2244.946044921875,-2244.9459385836963,discharge
30983.255706,43.14674377441406,-51.994178771972656,-2243.37939453125,-2243.379509235383,discharge
30984.475705999997,43.145809173583984,-51.977394104003906,-2242.606689453125,-2242.606727351522,discharge
30985.695706,43.14474105834961,-52.00462341308594,-2243.72607421875,-2243.7260109945782,discharge
30986.915706,43.143863677978516,-52.008914947509766,-2243.865478515625,-2243.8655365349405,discharge
30988.135705999997,43.14302444458008,-52.07953643798828,-2246.86865234375,-2246.8687136065273,discharge
30989.355706,43.14247131347656,-51.99718475341797,-2243.287109375,-2243.2870516058756,discharge
30990.575706,43.1419563293457,-51.973297119140625,-2242.229736328125,-2242.2297146060737,discharge
30991.805706,43.14155578613281,-51.97792053222656,-2242.408447265625,-2242.4083582882304,discharge
30993.025706,43.14058303833008,-51.97529602050781,-2242.24462890625,-2242.244573914504,discharge
30994.245705999998,43.13972473144531,-51.97749328613281,-2242.294677734375,-2242.2947525943164,discharge
30995.465706,43.13844680786133,-52.02007293701172,-2244.065185546875,-2244.0651493343466,discharge
30996.685706,43.13802719116211,-52.05683898925781,-2245.62939453125,-2245.6293358045514,discharge
30997.905705999998,43.13657760620117,-52.052642822265625,-2245.372802734375,-2245.3728667105315,discharge
30999.125706,43.136043548583984,-52.084014892578125,-2246.6982421875,-2246.698334591347,discharge
31000.345706,43.135528564453125,-52.00529098510742,-2243.275634765625,-2243.275714790798,discharge
31001.565705999998,43.13549041748047,-51.985595703125,-2242.424072265625,-2242.4241652991623,discharge
31002.795705999997,43.1340217590332,-52.00700759887695,-2243.271484375,-2243.2713973921636,discharge
31004.015706,43.13377380371094,-51.969764709472656,-2241.652099609375,-2241.652075610473,discharge
31005.235706,43.13241958618164,-52.00981903076172,-2243.309326171875,-2243.3093370361894,discharge
31006.455705999997,43.1318473815918,-52.01487731933594,-2243.497802734375,-2243.4977501098183,discharge
31007.675705999998,43.13121795654297,-51.974822998046875,-2241.7373046875,-2241.737418981502,discharge
31008.895706,43.130855560302734,-51.96962356567383,-2241.494384765625,-2241.494327534383,discharge
31010.115705999997,43.130149841308594,-51.949405670166016,-2240.585693359375,-2240.5856507211865,discharge
31011.335705999998,43.1291389465332,-51.98979187011719,-2242.27490234375,-2242.2749573676265,discharge
31012.565705999998,43.1280517578125,-52.050209045410156,-2244.82421875,-2244.8241097154096,discharge
31013.785706,43.12705993652344,-52.05302429199219,-2244.893798828125,-2244.8938985180575,discharge
31015.005706,43.125858306884766,-52.0503044128418,-2244.714111328125,-2244.714052938434,discharge
31016.225705999997,43.125667572021484,-52.00457763671875,-2242.732177734375,-2242.7321273845155,discharge
31017.445706,43.124732971191406,-52.051734924316406,-2244.71728515625,-2244.717169298383,discharge
31018.665706,43.12385559082031,-52.03003692626953,-2243.73583984375,-2243.7357987934956,discharge
31019.885705999997,43.12307357788086,-51.98054504394531,-2241.560791015625,-2241.560868548404,discharge
31021.105706,43.122615814208984,-51.994659423828125,-2242.145751953125,-2242.145722724381,discharge
31022.325706,43.122291564941406,-52.00953674316406,-2242.7705078125,-2242.770407596254,discharge
31023.555706,43.120994567871094,-51.96523666381836,-2240.792724609375,-2240.7926878986473,discharge
31024.775706,43.12055587768555,-51.967193603515625,-2240.854248046875,-2240.8542755868984,discharge
31025.995705999998,43.119449615478516,-52.01377868652344,-2242.805419921875,-2242.8055093841976,discharge
31027.215706,43.11861038208008,-52.042724609375,-2244.010009765625,-2244.0099656535313,discharge
31028.435706,43.1178092956543,-52.016544342041016,-2242.83935546875,-2242.83943915907,discharge
31029.655705999998,43.11698913574219,-52.029563903808594,-2243.358154296875,-2243.358141577919,discharge
31030.875706,43.1165885925293,-52.01091766357422,-2242.533447265625,-2242.5333392202447,discharge
31032.095706,43.11553955078125,-52.041290283203125,-2243.788330078125,-2243.7883094791323,discharge
31033.325706,43.11513900756836,-51.98974609375,-2241.545166015625,-2241.5451298002154,discharge
31034.545705999997,43.11420440673828,-51.958229064941406,-2240.1376953125,-2240.137708518014,discharge
31035.765706,43.11342239379883,-52.01869201660156,-2242.703857421875,-2242.703841284674,discharge
31036.985706,43.11258316040039,-52.02155303955078,-2242.783447265625,-2242.7835315508128,discharge
31038.205705999997,43.11208724975586,-51.96657180786133,-2240.387451171875,-2240.3873778512207,discharge
31039.425705999998,43.111000061035156,-51.992225646972656,-2241.436767578125,-2241.436843039992,discharge
31040.645706,43.10976028442383,-52.02679443359375,-2242.862548828125,-2242.8626363992225,discharge
31041.865705999997,43.10976028442383,-51.97673034667969,-2240.704345703125,-2240.7043856134987,discharge
31043.085705999998,43.10844421386719,-52.06747055053711,-2244.547607421875,-2244.5476495850016,discharge
31044.315705999998,43.10791015625,-52.044677734375,-2243.537353515625,-2243.5372918844223,discharge
31045.535706,43.10657501220703,-52.05345153808594,-2243.845947265625,-2243.846013370785,discharge
31046.755706,43.10646057128906,-52.01850128173828,-2242.33349609375,-2242.333474478801,discharge
31047.975705999997,43.105621337890625,-52.010154724121094,-2241.929931640625,-2241.930035263067,discharge
31049.195706,43.10432434082031,-52.08659362792969,-2245.157470703125,-2245.157425546786,discharge
31050.415706,43.1041145324707,-52.04296112060547,-2243.265869140625,-2243.265756751498,discharge
31051.635705999997,43.10325622558594,-52.03056335449219,-2242.686767578125,-2242.686703830259,discharge
31052.855706,43.10272216796875,-52.056312561035156,-2243.768798828125,-2243.76877740724,discharge
31054.085705999998,43.10209274291992,-52.02178955078125,-2242.248046875,-2242.247997870436,discharge
31055.305706,43.10121536254883,-52.028846740722656,-2242.506591796875,-2242.506528436934,discharge
31056.525706,43.10039520263672,-52.02069091796875,-2242.1123046875,-2242.112337278668,discharge
31057.745705999998,43.09988021850586,-52.010536193847656,-2241.64794921875,-2241.6478800550976,discharge
31058.965706,43.09913635253906,-52.00962829589844,-2241.570068359375,-2241.5700615698006,discharge
31060.185706,43.09833526611328,-51.99861526489258,-2241.0537109375,-2241.053754059976,discharge
31061.405705999998,43.09724807739258,-52.027225494384766,-2242.230224609375,-2242.230243909944,discharge
31062.625706,43.09638977050781,-52.01530456542969,-2241.671875,-2241.6718395834323,discharge
31063.845706,43.09589385986328,-51.99742126464844,-2240.875244140625,-2240.875347807887,discharge
31065.075706,43.09516906738281,-52.041099548339844,-2242.719970703125,-2242.719983488205,discharge
31066.295705999997,43.0943489074707,-52.010536193847656,-2241.360107421875,-2241.360193602304,discharge
31067.515706,43.093605041503906,-52.01120376586914,-2241.350341796875,-2241.3502728195454,discharge
31068.735706,43.092899322509766,-52.026939392089844,-2241.99169921875,-2241.991661281645,discharge
31069.955705999997,43.092079162597656,-52.00614929199219,-2241.05322265625,-2241.0531022323994,discharge
31071.175705999998,43.09164047241211,-52.001094818115234,-2240.8125,-2240.812482074034,discharge
31072.395706,43.09028625488281,-52.006004333496094,-2240.95361328125,-2240.9536137030227,discharge
31073.615705999997,43.089656829833984,-52.03351974487305,-2242.1064453125,-2242.1065094549704,discharge
31074.845706,43.08937072753906,-51.975345611572266,-2239.5849609375,-2239.584935749008,discharge
31076.065705999998,43.08839797973633,-52.00572204589844,-2240.84326171875,-2240.8432487372193,discharge
31077.285706,43.08759689331055,-52.007389068603516,-2240.87353515625,-2240.8734156615537,discharge
31078.505706,43.08677673339844,-51.978397369384766,-2239.58154296875,-2239.581602414546,discharge
31079.725705999997,43.08610916137695,-51.995704650878906,-2240.292724609375,-2240.292606510484,discharge
31080.945706,43.08530807495117,-51.94892883300781,-2238.235595703125,-2238.2356029338553,discharge
31082.165706,43.084468841552734,-52.03714370727539,-2241.99267578125,-2241.9926966595085,discharge
31083.385705999997,43.08361053466797,-51.99580383300781,-2240.1669921875,-2240.1669617783045,discharge
31084.605706,43.0830192565918,-52.00309753417969,-2240.450439453125,-2240.450452467485,discharge
31085.835705999998,43.08250427246094,-51.99665832519531,-2240.146240234375,-2240.1462544489186,discharge
31087.055706,43.081321716308594,-52.027557373046875,-2241.416015625,-2241.4159373019356,discharge
31088.275706,43.08052062988281,-52.029563903808594,-2241.460693359375,-2241.4607011218322,discharge
31089.495705999998,43.080387115478516,-51.98650360107422,-2239.5986328125,-2239.5986999144952,discharge
31090.715706,43.07891845703125,-52.074859619140625,-2243.32861328125,-2243.3286311943084,discharge
31091.935706,43.078575134277344,-52.00204849243164,-2240.174072265625,-2240.1741531175503,discharge
31093.155705999998,43.07802200317383,-51.990509033203125,-2239.648193359375,-2239.648292088532,discharge
31094.375706,43.07718276977539,-52.03404235839844,-2241.47998046875,-2241.479952922964,discharge
31095.605706,43.07640075683594,-52.00733947753906,-2240.2890625,-2240.288997631287,discharge
31096.825706,43.0755615234375,-52.015830993652344,-2240.611083984375,-2240.6111281597987,discharge
31098.045705999997,43.0743408203125,-52.034854888916016,-2241.3671875,-2241.3670740206726,discharge
31099.265706,43.07401657104492,-51.997901916503906,-2239.758544921875,-2239.7584888110578,discharge
31100.485706,43.07321548461914,-51.990699768066406,-2239.406494140625,-2239.4066143060627,discharge
31101.705705999997,43.07281494140625,-51.984500885009766,-2239.118896484375,-2239.118786441395,discharge
31102.925705999998,43.07178497314453,-52.0686149597168,-2242.688232421875,-2242.6881873943785,discharge
31104.145706,43.07098388671875,-52.02861022949219,-2240.92333984375,-2240.9234328428283,discharge
31105.365705999997,43.07016372680664,-52.03065872192383,-2240.968994140625,-2240.968989966859,discharge
31106.595706,43.06882858276367,-52.07218933105469,-2242.688232421875,-2242.6881962284097,discharge
31107.815705999998,43.06846618652344,-52.02341079711914,-2240.568603515625,-2240.568508823344,discharge
31109.035706,43.06802749633789,-51.993896484375,-2239.274658203125,-2239.2745634308085,discharge
31110.255706,43.0671501159668,-52.03104019165039,-2240.82861328125,-2240.828618623709,discharge
31111.475705999997,43.06610107421875,-52.065086364746094,-2242.240234375,-2242.2402718220837,discharge
31112.695706,43.0656623840332,-51.97410583496094,-2238.29931640625,-2238.299294600438,discharge
31113.915706,43.06550979614258,-51.939727783203125,-2236.810791015625,-2236.810855656513,discharge
31115.135705999997,43.06468963623047,-51.992271423339844,-2239.031005859375,-2239.031032328785,discharge
31116.365705999997,43.063602447509766,-52.000953674316406,-2239.348388671875,-2239.348395922134,discharge
31117.585705999998,43.06293487548828,-51.99656677246094,-2239.124755859375,-2239.1247686714632,discharge
31118.805706,43.062095642089844,-52.002952575683594,-2239.356201171875,-2239.3561174851493,discharge
31120.025706,43.06140899658203,-51.99708938598633,-2239.06787109375,-2239.0679326817917,discharge
31121.245705999998,43.061256408691406,-51.95913314819336,-2237.425537109375,-2237.4255552676914,discharge
31122.465706,43.05971145629883,-51.99403762817383,-2238.84814453125,-2238.848257717109,discharge
31123.685706,43.05866241455078,-52.02984619140625,-2240.335693359375,-2240.3355826367624,discharge
31124.905705999998,43.05835723876953,-51.99913787841797,-2238.99755859375,-2238.9974548769533,discharge
31126.125706,43.05736541748047,-51.989410400390625,-2238.527099609375,-2238.5270414489787,discharge
31127.355706,43.05671691894531,-51.976680755615234,-2237.9453125,-2237.9452296809177,discharge
31128.575706,43.056488037109375,-51.96166229248047,-2237.28662109375,-2237.2866908845026,discharge
31129.795705999997,43.05521011352539,-52.032135009765625,-2240.25439453125,-2240.2545055007795,discharge
31131.015706,43.054351806640625,-52.001617431640625,-2238.89599609375,-2238.895931416191,discharge
31132.235706,43.053855895996094,-52.02150344848633,-2239.726318359375,-2239.726312964194,discharge
31133.455705999997,43.053226470947266,-52.020790100097656,-2239.662841796875,-2239.662857377116,discharge
31134.675705999998,43.052101135253906,-52.020118713378906,-2239.575439453125,-2239.575411916303,discharge
31135.895706,43.0518913269043,-51.97868347167969,-2237.780517578125,-2237.7806321383105,discharge
31137.125706,43.05105209350586,-52.01253890991211,-2239.194580078125,-2239.1945221261267,discharge
31138.345706,43.049583435058594,-52.02436447143555,-2239.627197265625,-2239.6272189689626,discharge
31139.565705999998,43.04931640625,-52.01134490966797,-2239.052734375,-2239.0528437308967,discharge
31140.785706,43.04880142211914,-51.978397369384766,-2237.607666015625,-2237.6077065946447,discharge
31142.005706,43.048133850097656,-51.99728012084961,-2238.385986328125,-2238.385874483356,discharge
31143.225705999997,43.04685592651367,-52.05158996582031,-2240.6572265625,-2240.6572940046317,discharge
31144.445706,43.046512603759766,-52.07171630859375,-2241.505859375,-2241.505792377284,discharge
31145.665706,43.04603576660156,-51.9963264465332,-2238.23583984375,-2238.235727949359,discharge
31146.885705999997,43.04462432861328,-52.041481018066406,-2240.10595703125,-2240.1059999273275,discharge
31148.115705999997,43.044395446777344,-51.97477340698242,-2237.22265625,-2237.2226997867983,discharge
31149.335705999998,43.04344177246094,-52.00328826904297,-2238.400390625,-2238.400510585052,discharge
31150.555706,43.04243087768555,-52.05078125,-2240.39208984375,-2240.392154082656,discharge
31151.775706,43.04178237915039,-52.00538635253906,-2238.404541015625,-2238.404521929624,discharge
31152.995705999998,43.04109573364258,-52.03142166137695,-2239.489501953125,-2239.4894008848496,discharge
31154.215706,43.040733337402344,-51.98435974121094,-2237.445068359375,-2237.444965337054,discharge
31155.435706,43.039512634277344,-52.02503204345703,-2239.132080078125,-2239.1320239330526,discharge
31156.655705999998,43.03913116455078,-52.029945373535156,-2239.32373046875,-2239.3236434159917,discharge
31157.875706,43.038291931152344,-52.04529571533203,-2239.940673828125,-2239.940630639612,discharge
31159.105706,43.0377197265625,-51.97153091430664,-2236.736083984375,-2236.7361812503077,discharge
31160.325706,43.03701400756836,-52.029273986816406,-2239.1845703125,-2239.1845933742297,discharge
31161.545705999997,43.0357551574707,-52.07481384277344,-2241.078857421875,-2241.0789384084637,discharge
31162.765706,43.03556442260742,-52.03046798706055,-2239.16064453125,-2239.1605569955573,discharge
31163.985706,43.035030364990234,-51.95307922363281,-2235.80224609375,-2235.8023419437814,discharge
31165.205705999997,43.033447265625,-52.03175354003906,-2239.105712890625,-2239.105722103268,discharge
31166.425705999998,43.0333137512207,-52.0191650390625,-2238.55712890625,-2238.5570502025075,discharge
31167.645706,43.03232192993164,-52.01153564453125,-2238.17724609375,-2238.1771459255833,discharge
31168.875706,43.0320930480957,-52.03275680541992,-2239.078369140625,-2239.078432399765,discharge
31170.095706,43.030948638916016,-52.073143005371094,-2240.7568359375,-2240.7567421310523,discharge
31171.315705999998,43.029937744140625,-52.01573181152344,-2238.233642578125,-2238.2337015657686,discharge
31172.535706,43.029441833496094,-51.989173889160156,-2237.065185546875,-2237.065133835131,discharge
31173.755706,43.0291748046875,-51.946495056152344,-2235.21484375,-2235.214816262014,discharge
31174.975705999997,43.02806854248047,-52.00080871582031,-2237.494384765625,-2237.494361688732,discharge
31176.195706,43.02701950073242,-52.042198181152344,-2239.220703125,-2239.2206760014233,discharge
31177.415706,43.02635192871094,-52.00223922729492,-2237.466552734375,-2237.4666460746084,discharge
31178.635705999997,43.02539825439453,-52.02288818359375,-2238.305419921875,-2238.3054824429564,discharge
31179.865705999997,43.02530288696289,-51.9866943359375,-2236.7431640625,-2236.743269895669,discharge
31181.085705999998,43.02450180053711,-51.979591369628906,-2236.39599609375,-2236.396022473782,discharge
31182.305706,43.023738861083984,-52.02374267578125,-2238.255859375,-2238.255919459043,discharge
31183.525706,43.02228927612305,-52.07014083862305,-2240.1767578125,-2240.176661807709,discharge
31184.745705999998,43.021907806396484,-51.98950958251953,-2236.68798828125,-2236.687888158922,discharge
31185.965706,43.021488189697266,-52.02817916870117,-2238.32958984375,-2238.3296956377308,discharge
31187.185706,43.020572662353516,-52.00562286376953,-2237.311767578125,-2237.3116772617504,discharge
31188.405705999998,43.02013397216797,-51.972007751464844,-2235.8427734375,-2235.8427362705697,discharge
31189.635705999997,43.01872253417969,-52.03409194946289,-2238.440185546875,-2238.440163891937,discharge
31190.855706,43.01830291748047,-52.00624465942383,-2237.220458984375,-2237.220386359695,discharge
31192.075706,43.0174446105957,-51.998043060302734,-2236.822998046875,-2236.822937205943,discharge
31193.295705999997,43.01679611206055,-52.03662109375,-2238.44873046875,-2238.448719950393,discharge
31194.515706,43.016624450683594,-51.96390151977539,-2235.3115234375,-2235.3116366684844,discharge
31195.735706,43.01492691040039,-52.062652587890625,-2239.47119140625,-2239.471195829683,discharge
31196.955705999997,43.01433563232422,-52.02217102050781,-2237.69921875,-2237.6991245982936,discharge
31198.175705999998,43.01359176635742,-52.02613067626953,-2237.830810546875,-2237.8307460922224,discharge
31199.395706,43.013248443603516,-51.991416931152344,-2236.31982421875,-2236.31973339463,discharge
31200.625706,43.01277160644531,-51.979923248291016,-2235.800537109375,-2235.8005667992984,discharge
31201.845706,43.01164627075195,-52.02188491821289,-2237.546875,-2237.5469124399388,discharge
31203.065705999998,43.01128387451172,-52.03819274902344,-2238.2294921875,-2238.2294806448044,discharge
31204.285706,43.01004409790039,-52.01921463012695,-2237.3486328125,-2237.3487151799054,discharge
31205.505706,43.009071350097656,-52.032806396484375,-2237.882568359375,-2237.882682852214,discharge
31206.725705999997,43.00905227661133,-52.00538635253906,-2236.702392578125,-2236.702380301722,discharge
31207.945706,43.00823211669922,-52.02593994140625,-2237.543701171875,-2237.543701089453,discharge
31209.165706,43.00752639770508,-51.99847412109375,-2236.32568359375,-2236.325748403324,discharge
31210.395706,43.00678253173828,-51.98211669921875,-2235.58349609375,-2235.5835884227417,discharge
31211.615705999997,43.0067253112793,-51.941062927246094,-2233.81494140625,-2233.8150256879453,discharge
31212.835705999998,43.00506591796875,-52.02393341064453,-2237.292724609375,-2237.292685636785,discharge
31214.055706,43.0042839050293,-52.01520919799805,-2236.876708984375,-2236.8768237301992,discharge
31215.275706,43.00355911254883,-52.017066955566406,-2236.9189453125,-2236.9190136851103,discharge
31216.495705999998,43.00283432006836,-52.012489318847656,-2236.6845703125,-2236.684460752731,discharge
31217.715706,43.00264358520508,-52.01649475097656,-2236.8466796875,-2236.846784327936,discharge
31218.935706,43.00119400024414,-52.051448822021484,-2238.2744140625,-2238.274448789525,discharge
31220.155705999998,43.00098419189453,-51.995704650878906,-2235.866455078125,-2235.866473738861,discharge
31221.385705999997,43.00069808959961,-51.958892822265625,-2234.2685546875,-2234.2686633201083,discharge
31222.605706,42.99964904785156,-51.9825439453125,-2235.231201171875,-2235.2311462629586,discharge
31223.825706,42.998390197753906,-52.002479553222656,-2236.02294921875,-2236.022907080187,discharge
31225.045705999997,42.997798919677734,-52.04100799560547,-2237.648681640625,-2237.648797372385,discharge
31226.265706,42.99705505371094,-52.06718444824219,-2238.735595703125,-2238.7355962127913,discharge
31227.485706,42.996253967285156,-52.02641296386719,-2236.94091796875,-2236.9408648012904,discharge
31228.705705999997,42.996177673339844,-52.012489318847656,-2236.338134765625,-2236.3382319858647,discharge
31229.925705999998,42.99501419067383,-51.99441909790039,-2235.500732421875,-2235.5007869500696,discharge
31231.155705999998,42.99491882324219,-52.01244354248047,-2236.270751953125,-2236.270787907415,discharge
31232.375706,42.99358367919922,-52.0557861328125,-2238.064697265625,-2238.0647970875725,discharge
31233.595706,42.992916107177734,-52.03681182861328,-2237.21435546875,-2237.214285432565,discharge
31234.815705999998,42.99236297607422,-52.021453857421875,-2236.525146484375,-2236.5252267813776,discharge
31236.035706,42.99156188964844,-52.041099548339844,-2237.328125,-2237.3281520378077,discharge
31237.255706,42.990570068359375,-52.040435791015625,-2237.248046875,-2237.2480012616143,discharge
31238.475705999997,42.990055084228516,-52.033233642578125,-2236.91162109375,-2236.911580504966,discharge
31239.695706,42.98959732055664,-52.03399658203125,-2236.920654296875,-2236.920560040744,discharge
31240.915706,42.98870086669922,-52.05073547363281,-2237.593505859375,-2237.5934971676907,discharge
31242.145706,42.987918853759766,-52.02159881591797,-2236.30029296875,-2236.3002685415267,discharge
31243.365705999997,42.98738479614258,-51.993988037109375,-2235.08544921875,-2235.0855708372546,discharge
31244.585705999998,42.98662185668945,-52.030418395996094,-2236.61181640625,-2236.6119206340227,discharge
31245.805706,42.985496520996094,-52.00767517089844,-2235.57568359375,-2235.5757401237497,discharge
31247.025706,42.98494338989258,-52.014923095703125,-2235.858642578125,-2235.858524698415,discharge
31248.245705999998,42.9844856262207,-52.01101303100586,-2235.666748046875,-2235.666642036449,discharge
31249.465706,42.98362731933594,-52.03046798706055,-2236.458251953125,-2236.4582452064496,discharge
31250.685706,42.98297882080078,-51.972103118896484,-2233.915771484375,-2233.915807632002,discharge
31251.915706,42.98248291015625,-51.99055480957031,-2234.68310546875,-2234.683133591898,discharge
31253.135705999997,42.98200607299805,-52.00238037109375,-2235.166748046875,-2235.166628920706,discharge
31254.355706,42.98072814941406,-51.98965072631836,-2234.552978515625,-2234.5530444508768,discharge
31255.575706,42.979698181152344,-52.0380973815918,-2236.581787109375,-2236.5817193822295,discharge
31256.795705999997,42.9796028137207,-52.01139450073242,-2235.42919921875,-2235.4290774292167,discharge
31258.015706,42.97893524169922,-51.98507308959961,-2234.26318359375,-2234.2630898529023,discharge
31259.235706,42.97779083251953,-52.016021728515625,-2235.53369140625,-2235.5337017879356,discharge
31260.455705999997,42.97710418701172,-52.02465057373047,-2235.868896484375,-2235.8688280000933,discharge
31261.675705999998,42.97660827636719,-51.955841064453125,-2232.8857421875,-2232.8858290961944,discharge
31262.905705999998,42.97616958618164,-51.97978210449219,-2233.891845703125,-2233.891930775426,discharge
31264.125706,42.97504425048828,-52.01301574707031,-2235.26171875,-2235.2616533316905,discharge
31265.345706,42.97454833984375,-52.02178955078125,-2235.61279296875,-2235.6129097752273,discharge
31266.565705999998,42.97393798828125,-52.00519561767578,-2234.8681640625,-2234.868051542435,discharge
31267.785706,42.97309875488281,-52.03852844238281,-2236.2568359375,-2236.2568218132947,discharge
31269.005706,42.97229766845703,-52.03981399536133,-2236.270263671875,-2236.270377619803,discharge
31270.225705999997,42.97191619873047,-52.007720947265625,-2234.871337890625,-2234.8714262328576,discharge
31271.445706,42.971343994140625,-52.019927978515625,-2235.3662109375,-2235.3662197152153,discharge
31272.675705999998,42.97008514404297,-52.00910568237305,-2234.835693359375,-2234.835699437099,discharge
31273.895706,42.96979904174805,-52.05802917480469,-2236.923095703125,-2236.9230521508143,discharge
31275.115705999997,42.968711853027344,-52.05921936035156,-2236.91748046875,-2236.9175959884888,discharge
31276.335705999998,42.96794891357422,-52.03399658203125,-2235.794189453125,-2235.7941069058143,discharge
31277.555706,42.967567443847656,-52.00953674316406,-2234.723388671875,-2234.7232777351746,discharge
31278.775706,42.96682357788086,-51.995994567871094,-2234.102783203125,-2234.102725354169,discharge
31279.995705999998,42.965641021728516,-52.05659866333008,-2236.64501953125,-2236.6451309808326,discharge
31281.215706,42.96520233154297,-52.03919219970703,-2235.87451171875,-2235.874422030465,discharge
31282.435706,42.96455383300781,-52.0258903503418,-2235.269287109375,-2235.269166667422,discharge
31283.665706,42.96430587768555,-51.98302459716797,-2233.41455078125,-2233.414569239976,discharge
31284.885705999997,42.96333312988281,-51.977394104003906,-2233.1220703125,-2233.1220981135266,discharge
31286.105706,42.962684631347656,-51.99270248413086,-2233.74609375,-2233.7460799572,discharge
31287.325706,42.961883544921875,-52.0008544921875,-2234.0546875,-2234.054654929787,discharge
31288.545705999997,42.96112060546875,-51.992225646972656,-2233.644287109375,-2233.644276566338,discharge
31289.765706,42.96049118041992,-51.970863342285156,-2232.69384765625,-2232.6938162550505,discharge
31290.985706,42.95948028564453,-52.029563903808594,-2235.1630859375,-2235.1630247963476,discharge
31292.205705999997,42.95858383178711,-52.03643035888672,-2235.411376953125,-2235.411355879187,discharge
31293.435706,42.95856475830078,-52.015541076660156,-2234.512939453125,-2234.5129897797597,discharge
31294.655705999998,42.95724868774414,-52.000762939453125,-2233.809814453125,-2233.809705542517,discharge
31295.875706,42.95652389526367,-52.032806396484375,-2235.1484375,-2235.1484913082095,discharge
31297.095706,42.95604705810547,-52.019500732421875,-2234.552001953125,-2234.552121401066,discharge
31298.315705999998,42.95530319213867,-51.99456024169922,-2233.442138671875,-2233.442099524109,discharge
31299.535706,42.95501708984375,-51.95641326904297,-2231.78857421875,-2231.7886198987253,discharge
31300.755706,42.95400619506836,-51.98469161987305,-2232.95068359375,-2232.950765888745,discharge
31301.975705999997,42.9534912109375,-52.00948715209961,-2233.989013671875,-2233.9890492730774,discharge
31303.195706,42.952213287353516,-52.02545928955078,-2234.608642578125,-2234.6086237773125,discharge
31304.425705999998,42.9515266418457,-52.030181884765625,-2234.775634765625,-2234.7757434035884,discharge
31305.645706,42.95127868652344,-51.984310150146484,-2232.79248046875,-2232.7925925856107,discharge
31306.865705999997,42.95074462890625,-52.0313720703125,-2234.7861328125,-2234.7861744835973,discharge
31308.085705999998,42.9498291015625,-52.010440826416016,-2233.839599609375,-2233.839544991497,discharge
31309.305706,42.94910430908203,-52.024986267089844,-2234.426513671875,-2234.426561863802,discharge
31310.525706,42.94822692871094,-52.006004333496094,-2233.565673828125,-2233.5656757705146,discharge
31311.745705999998,42.94740676879883,-52.0172119140625,-2234.00439453125,-2234.004359052051,discharge
31312.965706,42.94736862182617,-51.95903778076172,-2231.50390625,-2231.5039488057664,discharge
31314.195706,42.94614791870117,-51.97968292236328,-2232.3271484375,-2232.3271515509987,discharge
31315.415706,42.945289611816406,-52.01272964477539,-2233.70166015625,-2233.701738095988,discharge
31316.635705999997,42.945213317871094,-52.010536193847656,-2233.603515625,-2233.603571621643,discharge
31317.855706,42.9437255859375,-52.02174377441406,-2234.007568359375,-2234.00748915039,discharge
31319.075706,42.943572998046875,-51.97134017944336,-2231.8349609375,-2231.8350408022525,discharge
31320.295705999997,42.94261932373047,-52.03046798706055,-2234.324462890625,-2234.324580003886,discharge
31321.515706,42.94191360473633,-52.06074523925781,-2235.588134765625,-2235.588024262397,discharge
31322.735706,42.94090270996094,-52.030799865722656,-2234.24951171875,-2234.249514955445,discharge
31323.955705999997,42.94027328491211,-52.02698516845703,-2234.052978515625,-2234.052961323614,discharge
31325.185706,42.94013977050781,-52.01678466796875,-2233.60791015625,-2233.608004054986,discharge
31326.405705999998,42.93907165527344,-52.007484436035156,-2233.153076171875,-2233.1531008094316,discharge
31327.625706,42.93844223022461,-52.03003692626953,-2234.088623046875,-2234.0887347950775,discharge
31328.845706,42.937984466552734,-51.99436950683594,-2232.533447265625,-2232.5334302327246,discharge
31330.065705999998,42.93785095214844,-51.91335678100586,-2229.048095703125,-2229.047975888534,discharge
31331.285706,42.936649322509766,-52.034854888916016,-2234.202392578125,-2234.20231691307,discharge
31332.505706,42.93609619140625,-51.9902229309082,-2232.25732421875,-2232.2572127741296,discharge
31333.725705999997,42.935123443603516,-52.0,-2232.62646484375,-2232.626419067383,discharge
31334.955705999997,42.93365478515625,-52.042816162109375,-2234.38818359375,-2234.388303151354,discharge
31336.175705999998,42.93363571166992,-52.02422332763672,-2233.589111328125,-2233.5890525313152,discharge
31337.395706,42.93323516845703,-51.987693786621094,-2232.0,-2231.999883206736,discharge
31338.615705999997,42.93251037597656,-52.014732360839844,-2233.123046875,-2233.1230367854005,discharge
31339.835705999998,42.931556701660156,-52.02030944824219,-2233.312744140625,-2233.312864715117,discharge
31341.055706,42.930450439453125,-52.04124450683594,-2234.154052734375,-2234.1540681081824,discharge
31342.275706,42.93001174926758,-52.01225280761719,-2232.88671875,-2232.8866241368814,discharge
31343.495705999998,42.92919158935547,-52.03003692626953,-2233.607421875,-2233.6074236090644,discharge
31344.715706,42.92869567871094,-52.0091552734375,-2232.685302734375,-2232.6851992402226,discharge
31345.945706,42.9277229309082,-52.017066955566406,-2232.97412109375,-2232.9742379470554,discharge
31347.165706,42.92795181274414,-51.92899703979492,-2229.20556640625,-2229.2054826084495,discharge
31348.385705999997,42.92736053466797,-51.95355224609375,-2230.228759765625,-2230.2288683247752,discharge
31349.605706,42.925682067871094,-52.01506805419922,-2232.7822265625,-2232.782274033234,discharge
31350.825706,42.925777435302734,-52.01477813720703,-2232.77490234375,-2232.7747896643996,discharge
31352.045705999997,42.92409896850586,-52.046871185302734,-2234.06494140625,-2234.0650497590104,discharge
31353.265706,42.92375564575195,-52.018592834472656,-2232.833251953125,-2232.833367862768,discharge
31354.485706,42.92287826538086,-52.020263671875,-2232.859375,-2232.859444920905,discharge
31355.715706,42.92247772216797,-52.02374267578125,-2232.988037109375,-2232.9879360250197,discharge
31356.935706,42.92156219482422,-52.04014587402344,-2233.644287109375,-2233.644357759622,discharge
31358.155705999998,42.92102813720703,-52.01091766357422,-2232.362060546875,-2232.3620604802272,discharge
31359.375706,42.920875549316406,-51.951026916503906,-2229.783447265625,-2229.783560942451,discharge
31360.595706,42.91980743408203,-51.99756622314453,-2231.7255859375,-2231.7255293382914,discharge
31361.815705999998,42.91929244995117,-51.96147155761719,-2230.149658203125,-2230.149593911192,discharge
31363.035706,42.91839599609375,-52.00267028808594,-2231.87109375,-2231.871196278371,discharge
31364.255706,42.91778564453125,-51.989891052246094,-2231.291015625,-2231.290999862831,discharge
31365.475705999997,42.91715621948242,-51.98049545288086,-2230.85498046875,-2230.8550437173835,discharge
31366.705705999997,42.91633605957031,-51.99742126464844,-2231.538818359375,-2231.5388052247,discharge
31367.925705999998,42.915306091308594,-52.011680603027344,-2232.09716796875,-2232.0971934022964,discharge
31369.145706,42.91460037231445,-51.98712158203125,-2231.006591796875,-2231.006547199795,discharge
31370.365705999997,42.91400909423828,-52.00896453857422,-2231.9130859375,-2231.9131771902903,discharge
31371.585705999998,42.913475036621094,-52.01850128173828,-2232.294677734375,-2232.294656196318,discharge
31372.805706,42.912654876708984,-52.01873779296875,-2232.26220703125,-2232.2621420316864,discharge
31374.025706,42.91179656982422,-52.02660369873047,-2232.554931640625,-2232.555034138786,discharge
31375.245705999998,42.911224365234375,-52.01049041748047,-2231.833740234375,-2231.833823650377,discharge
31376.465706,42.910728454589844,-51.963470458984375,-2229.790283203125,-2229.7903704235796,discharge
31377.695706,42.909812927246094,-52.06317901611328,-2234.021240234375,-2234.0212719791452,discharge
31378.915706,42.90912628173828,-52.029991149902344,-2232.5615234375,-2232.561460688885,discharge
31380.135705999997,42.9083251953125,-52.00605392456055,-2231.49267578125,-2231.492673920002,discharge
31381.355706,42.90760040283203,-51.99351501464844,-2230.9169921875,-2230.9169657871826,discharge
31382.575706,42.9069709777832,-52.037906646728516,-2232.7890625,-2232.788950235772,discharge
31383.795705999997,42.90628433227539,-52.05860137939453,-2233.64111328125,-2233.6411527248856,discharge
31385.015706,42.90565490722656,-51.99169921875,-2230.73779296875,-2230.7379047200084,discharge
31386.235706,42.90489196777344,-52.00848388671875,-2231.41845703125,-2231.4183825673535,discharge
31387.465706,42.90437698364258,-51.99689865112305,-2230.89453125,-2230.8945417080395,discharge
31388.685706,42.903690338134766,-52.001285552978516,-2231.047119140625,-2231.0470525499113,discharge
31389.905705999998,42.90292739868164,-52.01616287231445,-2231.645751953125,-2231.6456592689065,discharge
31391.125706,42.90199279785156,-51.985740661621094,-2230.2919921875,-2230.2918714558473,discharge
31392.345706,42.90130615234375,-51.992225646972656,-2230.534423828125,-2230.5343900225125,discharge
31393.565705999998,42.90037155151367,-52.069664001464844,-2233.807861328125,-2233.807932225318,discharge
31394.785706,42.90082931518555,-51.95851135253906,-2229.063232421875,-2229.063227006409,discharge
31396.005706,42.89968490600586,-52.00004577636719,-2230.78564453125,-2230.785578904033,discharge
31397.225705999997,42.898921966552734,-51.97529602050781,-2229.68408203125,-2229.6841681722435,discharge
31398.455705999997,42.897987365722656,-51.98841094970703,-2230.1982421875,-2230.1981960845296,discharge
31399.675705999998,42.89764404296875,-52.004051208496094,-2230.851318359375,-2230.8512775343843,discharge
31400.895706,42.89665222167969,-52.02617645263672,-2231.748779296875,-2231.7487977124983,discharge
31402.115705999997,42.895545959472656,-52.0843505859375,-2234.186767578125,-2234.1866543283686,discharge
31403.335705999998,42.89472579956055,-52.020599365234375,-2231.409423828125,-2231.409345700522,discharge
31404.555706,42.89461135864258,-52.036190032958984,-2232.072265625,-2232.072148048246,discharge
31405.775706,42.893829345703125,-52.0390510559082,-2232.154296875,-2232.1541753044585,discharge
31406.995705999998,42.89323806762695,-52.00834274291992,-2230.80615234375,-2230.806226774803,discharge
31408.225705999997,42.89295196533203,-51.95288848876953,-2228.412841796875,-2228.412750409043,discharge
31409.445706,42.89196014404297,-52.00767517089844,-2230.711181640625,-2230.711130614509,discharge
31410.665706,42.89140701293945,-52.01897430419922,-2231.1669921875,-2231.1669992770476,discharge
31411.885705999997,42.89072036743164,-51.98850631713867,-2229.824462890625,-2229.824486768848,discharge
31413.105706,42.89043426513672,-51.93986892700195,-2227.7236328125,-2227.7235339533945,discharge
31414.325706,42.88896560668945,-52.00543212890625,-2230.459228515625,-2230.459189937683,discharge
31415.545705999997,42.88862228393555,-52.030799865722656,-2231.529296875,-2231.5293225720234,discharge
31416.765706,42.88774490356445,-52.060699462890625,-2232.76611328125,-2232.765998065588,discharge
31417.985706,42.88713455200195,-52.040435791015625,-2231.865234375,-2231.8651719141053,discharge
31419.215706,42.886619567871094,-52.005863189697266,-2230.355712890625,-2230.3556699152978,discharge
31420.435706,42.88562774658203,-52.016258239746094,-2230.75,-2230.7498876398313,discharge
31421.655705999998,42.88480758666992,-52.040672302246094,-2231.754150390625,-2231.7542183627666,discharge
31422.875706,42.88442611694336,-52.0106315612793,-2230.446044921875,-2230.4460864852445,discharge
31424.095706,42.88368225097656,-52.040245056152344,-2231.67724609375,-2231.677333250991,discharge
31425.315705999998,42.8825569152832,-52.08549499511719,-2233.55908203125,-2233.559203588811,discharge
31426.535706,42.88209915161133,-52.022552490234375,-2230.836181640625,-2230.8362540061353,discharge
31427.755706,42.881011962890625,-52.060272216796875,-2232.397216796875,-2232.3971557198092,discharge
31428.985706,42.88066864013672,-52.07653045654297,-2233.076416015625,-2233.076446435007,discharge
31430.205705999997,42.88063049316406,-51.956844329833984,-2227.942138671875,-2227.9422432984575,discharge
31431.425705999998,42.87956237792969,-52.00366973876953,-2229.89453125,-2229.8946004448226,discharge
31432.645706,42.879066467285156,-51.99932861328125,-2229.6826171875,-2229.6826678630896,discharge
31433.865705999997,42.87832260131836,-51.98774337768555,-2229.147216796875,-2229.147231862953,discharge
31435.085705999998,42.877655029296875,-51.99284362792969,-2229.331298828125,-2229.3312130705453,discharge
31436.305706,42.87670135498047,-52.00419616699219,-2229.768310546875,-2229.768388257944,discharge
31437.525706,42.87637710571289,-52.02007293701172,-2230.432373046875,-2230.432264314004,discharge
31438.745705999998,42.87580490112305,-51.96342468261719,-2227.9736328125,-2227.9736586860963,discharge
31439.975705999997,42.875099182128906,-51.947879791259766,-2227.2705078125,-2227.2704983515723,discharge
31441.195706,42.87424087524414,-52.034423828125,-2230.9365234375,-2230.9364210115746,discharge
31442.415706,42.873497009277344,-52.00152587890625,-2229.4873046875,-2229.4872642471455,discharge
31443.635705999997,42.87302017211914,-51.98822021484375,-2228.89208984375,-2228.892013983568,discharge
31444.855706,42.87254333496094,-51.999759674072266,-2229.362060546875,-2229.3619500342174,discharge
31446.075706,42.87151336669922,-52.00782012939453,-2229.654052734375,-2229.6539558502263,discharge
31447.295705999997,42.870750427246094,-51.98831558227539,-2228.778076171875,-2228.7781024606375,discharge
31448.515706,42.870140075683594,-51.990509033203125,-2228.84033203125,-2228.840404859511,discharge
31449.745705999998,42.869529724121094,-51.978492736816406,-2228.29345703125,-2228.2935393959633,discharge
31450.965706,42.86909103393555,-52.00376510620117,-2229.354248046875,-2229.354140445139,discharge
31452.185706,42.86813735961914,-52.01683044433594,-2229.86474609375,-2229.8646324998117,discharge
31453.405705999998,42.8672981262207,-52.01496887207031,-2229.7412109375,-2229.741177665128,discharge
31454.625706,42.866458892822266,-52.04005432128906,-2230.77294921875,-2230.7728493437753,discharge
31455.845706,42.866172790527344,-51.99284362792969,-2228.734130859375,-2228.7342188257026,discharge
31457.065705999998,42.865562438964844,-51.99909210205078,-2228.97021484375,-2228.9703292699414,discharge
31458.285706,42.864322662353516,-52.03099060058594,-2230.273193359375,-2230.2731695453986,discharge
31459.505706,42.86396026611328,-51.99708938598633,-2228.80126953125,-2228.8011733944586,discharge
31460.735706,42.86359786987305,-51.9526481628418,-2226.87744140625,-2226.8774191270495,discharge
31461.955705999997,42.86296844482422,-51.961612701416016,-2227.22900390625,-2227.228965562972,discharge
31463.175705999998,42.8619384765625,-51.99384689331055,-2228.55712890625,-2228.557066700887,discharge
31464.395706,42.861366271972656,-52.034141540527344,-2230.25439453125,-2230.25439921621,discharge
31465.615705999997,42.86022186279297,-52.04944610595703,-2230.850830078125,-2230.850807936804,discharge
31466.835705999998,42.859954833984375,-52.002811431884766,-2228.838134765625,-2228.8381492107874,discharge
31468.055706,42.85905838012695,-52.00538635253906,-2228.90185546875,-2228.901889764529,discharge
31469.275706,42.8587532043457,-51.942108154296875,-2226.174072265625,-2226.1739942984423,discharge
31470.505706,42.85726547241211,-52.053260803222656,-2230.8603515625,-2230.860416948417,discharge
31471.725705999997,42.85665512084961,-52.0298957824707,-2229.827392578125,-2229.8272995230946,discharge
31472.945706,42.85615921020508,-52.00066375732422,-2228.548828125,-2228.5487250202277,discharge
31474.165706,42.856101989746094,-51.98235321044922,-2227.760986328125,-2227.761030854017,discharge
31475.385705999997,42.8553581237793,-51.991798400878906,-2228.127197265625,-2228.1271399690013,discharge
31476.605706,42.85444259643555,-51.990318298339844,-2228.01611328125,-2228.0161110866175,discharge
31477.825706,42.853965759277344,-51.98130798339844,-2227.605224609375,-2227.6051924430067,discharge
31479.045705999997,42.852935791015625,-51.98984146118164,-2227.917236328125,-2227.917337921099,discharge
31480.265706,42.85276412963867,-51.930999755859375,-2225.386962890625,-2225.3868835541653,discharge
31481.495705999998,42.85175323486328,-52.02021789550781,-2229.157470703125,-2229.1575404821197,discharge
31482.715706,42.85135269165039,-51.97453308105469,-2227.178955078125,-2227.179048040125,discharge
31483.935706,42.85062789916992,-51.985504150390625,-2227.611572265625,-2227.6114944991423,discharge
31485.155705999998,42.84984588623047,-51.970481872558594,-2226.92724609375,-2226.92713887227,discharge
31486.375706,42.849464416503906,-51.97167205810547,-2226.958251953125,-2226.9583125200006,discharge
31487.595706,42.84858703613281,-52.005672454833984,-2228.36962890625,-2228.3695825535688,discharge
31488.815705999998,42.847347259521484,-52.01225280761719,-2228.587158203125,-2228.587057797995,discharge
31490.035706,42.8471565246582,-52.0136833190918,-2228.638427734375,-2228.6384305971296,discharge
31491.265706,42.84576416015625,-52.037811279296875,-2229.599853515625,-2229.5997894834727,discharge
31492.485706,42.8453254699707,-52.05879211425781,-2230.475830078125,-2230.4758917089202,discharge
31493.705705999997,42.844810485839844,-52.021026611328125,-2228.8310546875,-2228.831026441185,discharge
31494.925705999998,42.84461975097656,-52.01377868652344,-2228.510498046875,-2228.510569635546,discharge
31496.145706,42.84395217895508,-52.016639709472656,-2228.598388671875,-2228.5984242225823,discharge
31497.365705999997,42.84395217895508,-51.981689453125,-2227.10107421875,-2227.101017110981,discharge
31498.585705999998,42.84231185913086,-51.996707916259766,-2227.6591796875,-2227.659176196539,discharge
31499.805706,42.84109115600586,-52.013824462890625,-2228.3291015625,-2228.328995187185,discharge
31501.025706,42.841434478759766,-51.97772979736328,-2226.800537109375,-2226.800505468418,discharge
31502.255706,42.84067153930664,-52.019405364990234,-2228.546142578125,-2228.5462589115923,discharge
31503.475705999997,42.83977508544922,-52.022457122802734,-2228.63037109375,-2228.630362533295,discharge
31504.695706,42.8394889831543,-51.94525909423828,-2225.308349609375,-2225.3083546947164,discharge
31505.915706,42.838134765625,-52.00376510620117,-2227.744384765625,-2227.7442979393527,discharge
31507.135705999997,42.83803939819336,-52.02484130859375,-2228.64208984375,-2228.6422016622964,discharge
31508.355706,42.83699035644531,-52.063514709472656,-2230.244384765625,-2230.244277532329,discharge
31509.575706,42.83588409423828,-52.048301696777344,-2229.534912109375,-2229.5350187851,discharge
31510.795705999997,42.834739685058594,-52.05426025390625,-2229.730712890625,-2229.7306874743663,discharge
31512.025706,42.834835052490234,-52.024696350097656,-2228.46923828125,-2228.469286812324,discharge
31513.245705999998,42.834720611572266,-51.96185302734375,-2225.771484375,-2225.77145688585,discharge
31514.465706,42.833709716796875,-51.97944641113281,-2226.472412109375,-2226.472518814262,discharge
31515.685706,42.83275604248047,-52.01640319824219,-2228.005859375,-2228.0059083976084,discharge
31516.905705999998,42.83195495605469,-52.01311111450195,-2227.8232421875,-2227.823232380615,discharge
31518.125706,42.83149719238281,-52.032325744628906,-2228.622314453125,-2228.622414044221,discharge
31519.345706,42.831058502197266,-51.979732513427734,-2226.346923828125,-2226.3469642111886,discharge
31520.565705999998,42.829952239990234,-52.06031799316406,-2229.740966796875,-2229.740933245921,discharge
31521.785706,42.829132080078125,-52.06918716430664,-2230.078125,-2230.0780943623977,discharge
31523.015706,42.8285026550293,-52.03285217285156,-2228.4892578125,-2228.48914743372,discharge
31524.235706,42.82815933227539,-51.99866485595703,-2227.007080078125,-2227.0071035165165,discharge
31525.455705999997,42.82783508300781,-51.95526885986328,-2225.131591796875,-2225.131686423556,discharge
31526.675705999998,42.82707214355469,-51.960227966308594,-2225.304443359375,-2225.304431708646,discharge
31527.895706,42.82604217529297,-52.02812957763672,-2228.158935546875,-2228.1588715934777,discharge
31529.115705999997,42.82554626464844,-52.010009765625,-2227.357177734375,-2227.3570794425905,discharge
31530.335705999998,42.824974060058594,-51.988555908203125,-2226.408447265625,-2226.408558188705,discharge
31531.555706,42.82430648803711,-52.00390625,-2227.03125,-2227.0312198251486,discharge
31532.785706,42.82377243041992,-51.984214782714844,-2226.16015625,-2226.1601838290517,discharge
31534.005706,42.82289505004883,-51.95341110229492,-2224.79541015625,-2224.795471125617,discharge
31535.225705999997,42.82228469848633,-51.997230529785156,-2226.64013671875,-2226.640209279285,discharge
31536.445706,42.821693420410156,-51.96308898925781,-2225.1474609375,-2225.1474658754887,discharge
31537.665706,42.82072067260742,-52.00581359863281,-2226.926513671875,-2226.9264174587443,discharge
31538.885705999997,42.8205680847168,-52.007484436035156,-2226.989990234375,-2226.9900282080926,discharge
31540.105706,42.8193473815918,-52.06103515625,-2229.219482421875,-2229.219549400732,discharge
31541.325706,42.81898498535156,-51.98455047607422,-2225.92578125,-2225.9256863052724,discharge
31542.545705999997,42.8179931640625,-52.02880096435547,-2227.768798828125,-2227.768844026141,discharge
31543.775706,42.81709671020508,-52.04811096191406,-2228.549072265625,-2228.5490006397595,discharge
31544.995705999998,42.81698226928711,-52.04701232910156,-2228.49609375,-2228.496004064509,discharge
31546.215706,42.816200256347656,-52.03003692626953,-2227.728515625,-2227.7284803803195,discharge
31547.435706,42.815208435058594,-52.01730728149414,-2227.1318359375,-2227.1318534876627,discharge
31548.655705999998,42.814483642578125,-52.03857421875,-2228.004638671875,-2228.0046846717596,discharge
31549.875706,42.81412124633789,-52.01182556152344,-2226.840576171875,-2226.840605834441,discharge
31551.095706,42.813453674316406,-52.012062072753906,-2226.81591796875,-2226.8160100575187,discharge
31552.315705999998,42.81240463256836,-52.05750274658203,-2228.706787109375,-2228.7068717477086,discharge
31553.545705999997,42.81200408935547,-51.98207092285156,-2225.45654296875,-2225.456632922287,discharge
31554.765706,42.8111457824707,-52.02474594116211,-2227.239013671875,-2227.238982783092,discharge
31555.985706,42.8105354309082,-52.016258239746094,-2226.84375,-2226.843866355921,discharge
31557.205705999997,42.810001373291016,-52.020599365234375,-2227.001953125,-2227.0019302651053,discharge
31558.425705999998,42.809200286865234,-52.00796127319336,-2226.419189453125,-2226.419230655665,discharge
31559.645706,42.80874252319336,-52.03113555908203,-2227.387451171875,-2227.387485338113,discharge
31560.865705999997,42.808170318603516,-51.97577667236328,-2224.98779296875,-2224.987900232227,discharge
31562.085705999998,42.807369232177734,-51.997520446777344,-2225.876953125,-2225.877056922909,discharge
31563.305706,42.806758880615234,-52.010440826416016,-2226.3984375,-2226.398399730897,discharge
31564.535706,42.80550003051758,-52.03852844238281,-2227.53515625,-2227.5352308285073,discharge
31565.755706,42.805118560791016,-52.04133987426758,-2227.6357421875,-2227.6357233804447,discharge
31566.975705999997,42.80424118041992,-52.017974853515625,-2226.58984375,-2226.5899413469015,discharge
31568.195706,42.803897857666016,-52.04844665527344,-2227.87646484375,-2227.8763942825026,discharge
31569.415706,42.803401947021484,-52.04448699951172,-2227.68115234375,-2227.6810961666342,discharge
31570.635705999997,42.80294418334961,-51.99951934814453,-2225.732421875,-2225.7325242196384,discharge
31571.855706,42.80189514160156,-52.00462341308594,-2225.896484375,-2225.896438205382,discharge
31573.075706,42.80143737792969,-52.041770935058594,-2227.462646484375,-2227.4625997134717,discharge
31574.305706,42.800559997558594,-52.019927978515625,-2226.48193359375,-2226.482048513135,discharge
31575.525706,42.80048370361328,-51.99708938598633,-2225.50048828125,-2225.500576900231,discharge
31576.745705999998,42.799320220947266,-52.02922821044922,-2226.815673828125,-2226.815599027759,discharge
31577.965706,42.798404693603516,-52.01945495605469,-2226.349609375,-2226.3496851499076,discharge
31579.185706,42.79817581176758,-52.02269744873047,-2226.4765625,-2226.4765516131592,discharge
31580.405705999998,42.79726028442383,-52.02045440673828,-2226.3330078125,-2226.3329273591808,discharge
31581.625706,42.796173095703125,-52.064369201660156,-2228.15576171875,-2228.1557564728428,discharge
31582.845706,42.795982360839844,-51.975154876708984,-2224.327880859375,-2224.3278113055567,discharge
31584.065705999998,42.79561996459961,-51.99523162841797,-2225.168212890625,-2225.168172741105,discharge
31585.295705999997,42.79512405395508,-51.996849060058594,-2225.211669921875,-2225.211605939985,discharge
31586.515706,42.79409408569336,-52.011634826660156,-2225.790771484375,-2225.79079432282,discharge
31587.735706,42.79399871826172,-51.99747085571289,-2225.1796875,-2225.1797011522285,discharge
31588.955705999997,42.79287338256836,-52.006195068359375,-2225.49462890625,-2225.494520669454,discharge
31590.175705999998,42.792301177978516,-51.97377014160156,-2224.0771484375,-2224.077225254441,discharge
31591.395706,42.791709899902344,-52.01792907714844,-2225.93603515625,-2225.936130663031,discharge
31592.615705999997,42.79102325439453,-52.013397216796875,-2225.70654296875,-2225.706489844015,discharge
31593.835705999998,42.79024124145508,-52.048301696777344,-2227.159423828125,-2227.159385813138,discharge
31595.055706,42.789459228515625,-52.05202102661133,-2227.27783203125,-2227.2778314800235,discharge
31596.285706,42.788848876953125,-52.0172119140625,-2225.756591796875,-2225.756619591266,discharge
31597.505706,42.78799057006836,-52.034423828125,-2226.448486328125,-2226.448436076753,discharge
31598.725705999997,42.787628173828125,-51.97877883911133,-2224.048583984375,-2224.048661897541,discharge
31599.945706,42.7873420715332,-51.96995544433594,-2223.65625,-2223.656261039141,discharge
31601.165706,42.78646469116211,-52.036285400390625,-2226.44873046875,-2226.448687943048,discharge
31602.385705999997,42.78526306152344,-52.065181732177734,-2227.62255859375,-2227.622496757249,discharge
31603.605706,42.784976959228516,-52.02717590332031,-2225.9814453125,-2225.9815222772886,discharge
31604.825706,42.784271240234375,-52.005340576171875,-2225.010498046875,-2225.010597151704,discharge
31606.055706,42.78364181518555,-52.04648971557617,-2226.73828125,-2226.738373728949,discharge
31607.275706,42.783164978027344,-52.05921936035156,-2227.258056640625,-2227.258170521236,discharge
31608.495705999998,42.782135009765625,-52.07223892211914,-2227.761474609375,-2227.7615558268735,discharge
31609.715706,42.78158187866211,-52.04296112060547,-2226.480224609375,-2226.4802023892116,discharge
31610.935706,42.781124114990234,-52.01487731933594,-2225.2548828125,-2225.2549224245013,discharge
31612.155705999998,42.78047561645508,-52.0069580078125,-2224.88232421875,-2224.882398939226,discharge
31613.375706,42.779903411865234,-51.982452392578125,-2223.80419921875,-2223.804292466375,discharge
31614.595706,42.779197692871094,-52.019264221191406,-2225.34228515625,-2225.3423879560432,discharge
31615.815705999998,42.77925491333008,-51.94916534423828,-2222.3466796875,-2222.346586795902,discharge
31617.045705999997,42.777557373046875,-52.021217346191406,-2225.340576171875,-2225.340609642444,discharge
31618.265706,42.77730941772461,-52.018165588378906,-2225.197265625,-2225.197164716519,discharge
31619.485706,42.776336669921875,-51.99775695800781,-2224.2734375,-2224.273557716515,discharge
31620.705705999997,42.77570724487305,-51.99251174926758,-2224.016357421875,-2224.016461512292,discharge
31621.925705999998,42.775306701660156,-51.97815704345703,-2223.381591796875,-2223.3816093209316,discharge
31623.145706,42.77503967285156,-52.00743865966797,-2224.620361328125,-2224.6202519506915,discharge
31624.365705999997,42.77402877807617,-51.98216247558594,-2223.486572265625,-2223.486513677344,discharge
31625.585705999998,42.77351379394531,-51.983642578125,-2223.52294921875,-2223.5230528749526,discharge
31626.815705999998,42.77242660522461,-51.97425079345703,-2223.06494140625,-2223.064827424678,discharge
31628.035706,42.77162551879883,-51.995994567871094,-2223.953125,-2223.9532081344805,discharge
31629.255706,42.771034240722656,-52.02174377441406,-2225.023681640625,-2225.0237842375645,discharge
31630.475705999997,42.77055740356445,-52.01072692871094,-2224.52783203125,-2224.5277817055467,discharge
31631.695706,42.76988983154297,-52.047584533691406,-2226.0693359375,-2226.069456503901,discharge
31632.915706,42.76884078979492,-52.0435791015625,-2225.843505859375,-2225.843548725825,discharge
31634.135705999997,42.768898010253906,-51.995994567871094,-2223.811279296875,-2223.811388614995,discharge
31635.355706,42.76771545410156,-52.03065872192383,-2225.232421875,-2225.232407108706,discharge
31636.575706,42.7674674987793,-52.02617645263672,-2225.02783203125,-2225.0278105238976,discharge
31637.805706,42.76704788208008,-51.991416931152344,-2223.51953125,-2223.519417351781,discharge
31639.025706,42.76569366455078,-52.017974853515625,-2224.584716796875,-2224.584777635755,discharge
31640.245705999998,42.765464782714844,-52.01201629638672,-2224.318115234375,-2224.3180512011168,discharge
31641.465706,42.76445388793945,-52.050445556640625,-2225.908935546875,-2225.908878853661,discharge
31642.685706,42.76384353637695,-52.040863037109375,-2225.46728515625,-2225.467324416968,discharge
31643.905705999998,42.762908935546875,-52.06141662597656,-2226.297607421875,-2226.297618232202,discharge
31645.125706,42.76287078857422,-52.006866455078125,-2223.962890625,-2223.962910337141,discharge
31646.345706,42.761993408203125,-51.989078521728516,-2223.15673828125,-2223.1566330447095,discharge
31647.575706,42.76071548461914,-52.05278396606445,-2225.814208984375,-2225.814285355227,discharge
31648.795705999997,42.76082992553711,-51.99408721923828,-2223.310302734375,-2223.310320715391,discharge
31650.015706,42.7598762512207,-52.04286575317383,-2225.346435546875,-2225.346499364605,discharge
31651.235706,42.75951385498047,-52.00019073486328,-2223.5029296875,-2223.5028761890135,discharge
31652.455705999997,42.75928497314453,-51.969383239746094,-2222.173583984375,-2222.1736678268644,discharge
31653.675705999998,42.75825500488281,-51.997230529785156,-2223.310791015625,-2223.3108425402315,discharge
31654.895706,42.75735855102539,-52.001426696777344,-2223.443603515625,-2223.443646438973,discharge
31656.115705999997,42.75651931762695,-52.037574768066406,-2224.945556640625,-2224.945570813288,discharge
31657.335705999998,42.75594711303711,-52.002288818359375,-2223.4072265625,-2223.4071104746545,discharge
31658.565705999998,42.75522232055664,-52.0802001953125,-2226.700439453125,-2226.7005378496833,discharge
31659.785706,42.754764556884766,-52.02178955078125,-2224.179443359375,-2224.1793640714604,discharge
31661.005706,42.7545166015625,-52.011444091796875,-2223.72412109375,-2223.7241498939693,discharge
31662.225705999997,42.75348663330078,-52.03399658203125,-2224.634765625,-2224.6347773470916,discharge
31663.445706,42.753257751464844,-51.99360656738281,-2222.89599609375,-2222.8960630035726,discharge
31664.665706,42.75226593017578,-51.948211669921875,-2220.90380859375,-2220.903759909561,discharge
31665.885705999997,42.75148391723633,-52.015541076660156,-2223.741455078125,-2223.7415677851823,discharge
31667.105706,42.75125503540039,-52.01373291015625,-2223.65234375,-2223.6523609852884,discharge
31668.335705999998,42.75066375732422,-51.997039794921875,-2222.907958984375,-2222.9079646489117,discharge
31669.555706,42.74930953979492,-52.01568603515625,-2223.634765625,-2223.6346632416826,discharge
31670.775706,42.74932861328125,-51.941776275634766,-2220.47607421875,-2220.4760627646465,discharge
31671.995705999998,42.74848937988281,-52.00233459472656,-2223.021240234375,-2223.021248151781,discharge
31673.215706,42.747440338134766,-51.991127014160156,-2222.487548828125,-2222.487600150198,discharge
31674.435706,42.747249603271484,-51.98970031738281,-2222.416748046875,-2222.416696266446,discharge
31675.655705999998,42.746124267578125,-52.033470153808594,-2224.229248046875,-2224.2291812680196,discharge
31676.875706,42.74585723876953,-51.985504150390625,-2222.1650390625,-2222.1649388980586,discharge
31678.095706,42.745304107666016,-52.00152587890625,-2222.821044921875,-2222.821037756512,discharge
31679.325706,42.74465560913086,-51.972293853759766,-2221.537841796875,-2221.5378019955097,discharge
31680.545705999997,42.743988037109375,-51.987266540527344,-2222.14306640625,-2222.1430990903173,discharge
31681.765706,42.743167877197266,-52.0283203125,-2223.855224609375,-2223.85522948578,discharge
31682.985706,42.742347717285156,-51.99542236328125,-2222.406494140625,-2222.406422358472,discharge
31684.205705999997,42.742252349853516,-51.99127197265625,-2222.22412109375,-2222.22406664514,discharge
31685.425705999998,42.74085998535156,-52.046730041503906,-2224.52197265625,-2224.5220013993094,discharge
31686.645706,42.74068832397461,-51.98588562011719,-2221.91259765625,-2221.912534535222,discharge
31687.865705999997,42.73969650268555,-52.02913284301758,-2223.709228515625,-2223.70934700848,discharge
31689.095706,42.73895263671875,-52.03423309326172,-2223.888671875,-2223.888623660896,discharge
31690.315705999998,42.7381706237793,-52.03285217285156,-2223.788818359375,-2223.7889142052154,discharge
31691.535706,42.73786544799805,-52.03528594970703,-2223.876953125,-2223.8770494666824,discharge
31692.755706,42.73691177368164,-52.04620361328125,-2224.2939453125,-2224.2940119758714,discharge
31693.975705999997,42.73651123046875,-52.028656005859375,-2223.523193359375,-2223.5232417006046,discharge
31695.195706,42.73630142211914,-51.993133544921875,-2221.994140625,-2221.994227056275,discharge
31696.415706,42.73550033569336,-52.00786590576172,-2222.582275390625,-2222.582170874375,discharge
31697.635705999997,42.73517608642578,-51.970481872558594,-2220.9677734375,-2220.9676941201906,discharge
31698.855706,42.734222412109375,-51.98097229003906,-2221.366455078125,-2221.3664310402237,discharge
31700.085705999998,42.73317337036133,-52.05073547363281,-2224.293212890625,-2224.2931030495674,discharge
31701.305706,42.73313522338867,-51.981781005859375,-2221.344482421875,-2221.3444768759655,discharge
31702.525706,42.732200622558594,-52.00395584106445,-2222.243408203125,-2222.243474167044,discharge
31703.745705999998,42.7311897277832,-52.02851104736328,-2223.240234375,-2223.2401768189447,discharge
31704.965706,42.730350494384766,-52.04090881347656,-2223.726318359375,-2223.7262736461707,discharge
31706.185706,42.72966384887695,-52.039241790771484,-2223.619384765625,-2223.619308670095,discharge
31707.405705999998,42.7293586730957,-52.033329010009766,-2223.350830078125,-2223.350778223903,discharge
31708.625706,42.72886276245117,-51.97305679321289,-2220.74951171875,-2220.749611062274,discharge
31709.855706,42.72819519042969,-51.98249816894531,-2221.118408203125,-2221.118328248849,discharge
31711.075706,42.72737503051758,-52.006103515625,-2222.084228515625,-2222.084288788028,discharge
31712.295705999997,42.726707458496094,-52.03070831298828,-2223.100830078125,-2223.100852947391,discharge
31713.515706,42.72573471069336,-52.02422332763672,-2222.773193359375,-2222.7731644264713,discharge
31714.735706,42.725563049316406,-52.02717590332031,-2222.890380859375,-2222.8903843351873,discharge
31715.955705999997,42.72531509399414,-51.97777557373047,-2220.766845703125,-2220.7668392725463,discharge
31717.175705999998,42.72451400756836,-51.975250244140625,-2220.6171875,-2220.617307102657,discharge
31718.395706,42.72407531738281,-52.01215744018555,-2222.17138671875,-2222.17133189406,discharge
31719.615705999997,42.723331451416016,-52.02717590332031,-2222.774169921875,-2222.774280598678,discharge
31720.845706,42.722129821777344,-52.005767822265625,-2221.797119140625,-2221.797164384043,discharge
31722.065705999998,42.7216911315918,-52.05139923095703,-2223.723876953125,-2223.723800912121,discharge
31723.285706,42.72117614746094,-52.03561782836914,-2223.022705078125,-2223.022795187717,discharge
31724.505706,42.72083282470703,-51.97639465332031,-2220.474853515625,-2220.4748668154934,discharge
31725.725705999997,42.71942138671875,-52.02641296386719,-2222.538330078125,-2222.5382586428896,discharge
31726.945706,42.71881103515625,-52.0329475402832,-2222.78564453125,-2222.7856535755564,discharge
31728.165706,42.71829605102539,-52.0030517578125,-2221.481689453125,-2221.4817605470307,discharge
31729.385705999997,42.71768569946289,-52.046630859375,-2223.3115234375,-2223.3116187667474,discharge
31730.615705999997,42.717533111572266,-51.97572708129883,-2220.27490234375,-2220.274842593426,discharge
31731.835705999998,42.716636657714844,-51.95536804199219,-2219.358642578125,-2219.3585790676298,discharge
31733.055706,42.715816497802734,-52.01477813720703,-2221.853759765625,-2221.853718082857,discharge
31734.275706,42.71553039550781,-51.96842956542969,-2219.859130859375,-2219.8590327089187,discharge
31735.495705999998,42.71425247192383,-52.025508880615234,-2222.230712890625,-2222.2307213069143,discharge
31736.715706,42.71400451660156,-52.012779235839844,-2221.674072265625,-2221.674087200663,discharge
31737.935706,42.713375091552734,-52.01263427734375,-2221.63525390625,-2221.6351573879365,discharge
31739.155705999998,42.7130126953125,-51.99360656738281,-2220.803466796875,-2220.8035773877054,discharge
31740.375706,42.71190643310547,-51.994850158691406,-2220.799072265625,-2220.7991749813664,discharge
31741.605706,42.71110534667969,-52.037715911865234,-2222.58837890625,-2222.588366312266,discharge
31742.825706,42.71055221557617,-52.00014114379883,-2220.954833984375,-2220.9547435395507,discharge
31744.045705999997,42.71003723144531,-52.017356872558594,-2221.663330078125,-2221.6632487083552,discharge
31745.265706,42.70956039428711,-51.97291564941406,-2219.740478515625,-2219.7403797958395,discharge
31746.485706,42.70830154418945,-52.03714370727539,-2222.41796875,-2222.418024948638,discharge
31747.705705999997,42.708377838134766,-51.969482421875,-2219.5322265625,-2219.5322913257405,discharge
31748.925705999998,42.70719528198242,-52.027034759521484,-2221.9287109375,-2221.9287334173714,discharge
31750.145706,42.70683288574219,-52.02760696411133,-2221.934326171875,-2221.934316061379,discharge
31751.375706,42.70599365234375,-52.05607604980469,-2223.1064453125,-2223.1064533488825,discharge
31752.595706,42.70526885986328,-52.01759338378906,-2221.42529296875,-2221.4253108977573,discharge
31753.815705999998,42.70519256591797,-52.006195068359375,-2220.9345703125,-2220.9345750149805,discharge
31755.035706,42.70465850830078,-52.008583068847656,-2221.0087890625,-2221.008779455733,discharge
31756.255706,42.70395278930664,-51.99370574951172,-2220.336669921875,-2220.3367556682497,discharge
31757.475705999997,42.7031135559082,-52.045345306396484,-2222.498291015625,-2222.498290675503,discharge
31758.695706,42.70231246948242,-51.988075256347656,-2220.010986328125,-2220.011034283525,discharge
31759.915706,42.70181655883789,-52.01287078857422,-2221.0439453125,-2221.044067112234,discharge
31761.135705999997,42.70120620727539,-51.9963264465332,-2220.305908203125,-2220.305857614221,discharge
31762.365705999997,42.70059585571289,-52.01506805419922,-2221.074462890625,-2221.074399389763,discharge
31763.585705999998,42.69996643066406,-51.99413299560547,-2220.147705078125,-2220.147733503836,discharge
31764.805706,42.699241638183594,-51.96113586425781,-2218.701171875,-2218.701096062432,discharge
31766.025706,42.69878387451172,-51.99928283691406,-2220.30615234375,-2220.306139483,discharge
31767.245705999998,42.69742965698242,-52.0335693359375,-2221.69970703125,-2221.699666522909,discharge
31768.465706,42.696990966796875,-52.078392028808594,-2223.590576171875,-2223.590634019347,discharge
31769.685706,42.696495056152344,-52.03580856323242,-2221.74658203125,-2221.746643062943,discharge
31770.905705999998,42.695770263671875,-52.020408630371094,-2221.051513671875,-2221.051415904658,discharge
31772.135705999997,42.695350646972656,-51.97868347167969,-2219.248046875,-2219.2481169913663,discharge
31773.355706,42.69451141357422,-52.033042907714844,-2221.525390625,-2221.5253443064285,discharge
31774.575706,42.69447326660156,-51.996517181396484,-2219.9638671875,-2219.963912757521,discharge
31775.795705999997,42.69340515136719,-52.01640319824219,-2220.75732421875,-2220.7573762594257,discharge
31777.015706,42.69306182861328,-51.98373794555664,-2219.344970703125,-2219.34493819208,discharge
31778.235706,42.69155502319336,-52.05402374267578,-2222.267333984375,-2222.2672187890566,discharge
31779.455705999997,42.691402435302734,-51.99136734008789,-2219.58447265625,-2219.584386277347,discharge
31780.675705999998,42.69073486328125,-51.957847595214844,-2218.11865234375,-2218.118695754092,discharge
31781.895706,42.69062042236328,-51.95589065551758,-2218.029296875,-2218.0292066805123,discharge
31783.125706,42.689571380615234,-51.93943786621094,-2217.2724609375,-2217.2723402586416,discharge
31784.345706,42.68888473510742,-51.975677490234375,-2218.78369140625,-2218.7837054097326,discharge
31785.565705999998,42.6887321472168,-52.001380920410156,-2219.873046875,-2219.873021396779,discharge
31786.785706,42.6875114440918,-51.996376037597656,-2219.595947265625,-2219.5958971562504,discharge
31788.005706,42.68669128417969,-52.027225494384766,-2220.8701171875,-2220.8701130512054,discharge
31789.225705999997,42.686214447021484,-52.02932357788086,-2220.934814453125,-2220.9348637788935,discharge
31790.445706,42.685508728027344,-52.006866455078125,-2219.939453125,-2219.93955198559,discharge
31791.665706,42.68505096435547,-52.004051208496094,-2219.795654296875,-2219.7955761876074,discharge
31792.895706,42.68421173095703,-52.02474594116211,-2220.63525390625,-2220.635271001811,discharge
31794.115705999997,42.68308639526367,-52.06074523925781,-2222.11328125,-2222.113286849053,discharge
31795.335705999998,42.68327713012695,-52.018882751464844,-2220.33642578125,-2220.336388480355,discharge
31796.555706,42.6823616027832,-52.001617431640625,-2219.5517578125,-2219.5518391468795,discharge
31797.775706,42.68169403076172,-52.055885314941406,-2221.833251953125,-2221.8333695127512,discharge
31798.995705999998,42.681026458740234,-52.01139450073242,-2219.899658203125,-2219.899704841737,discharge
31800.215706,42.68026351928711,-52.05302429199219,-2221.63671875,-2221.63679375808,discharge
31801.435706,42.679443359375,-52.04243469238281,-2221.14208984375,-2221.1421437375247,discharge
31802.655705999998,42.67946243286133,-52.00681686401367,-2219.623046875,-2219.6229866003705,discharge
31803.885705999997,42.67873764038086,-51.963470458984375,-2217.7353515625,-2217.7353226026753,discharge
31805.105706,42.67824172973633,-52.017356872558594,-2220.00927734375,-2220.009330749017,discharge
31806.325706,42.67728805541992,-51.993465423583984,-2218.940185546875,-2218.9401008818095,discharge
31807.545705999997,42.676944732666016,-51.9794921875,-2218.325927734375,-2218.3259153179824,discharge
31808.765706,42.676334381103516,-52.00185775756836,-2219.248779296875,-2219.248670100569,discharge
31809.985706,42.6753044128418,-51.9755859375,-2218.073974609375,-2218.073951918632,discharge
31811.205705999997,42.674293518066406,-52.061126708984375,-2221.671875,-2221.6718020604458,discharge
31812.425705999998,42.673797607421875,-52.06732940673828,-2221.91064453125,-2221.9106770621147,discharge
31813.645706,42.67324447631836,-52.029754638671875,-2220.2783203125,-2220.278439738904,discharge
31814.875706,42.673072814941406,-51.967620849609375,-2217.6181640625,-2217.618068534648,discharge
31816.095706,42.67213821411133,-52.01988220214844,-2219.799560546875,-2219.799603211868,discharge
31817.315705999998,42.67202377319336,-51.96385192871094,-2217.40283203125,-2217.4027248486527,discharge
31818.535706,42.670650482177734,-52.02369689941406,-2219.885009765625,-2219.884987185651,discharge
31819.755706,42.67049789428711,-51.993560791015625,-2218.591064453125,-2218.591126249521,discharge
31820.975705999997,42.668819427490234,-52.03866958618164,-2220.4287109375,-2220.4285958196124,discharge
31822.195706,42.6689338684082,-52.008724212646484,-2219.15673828125,-2219.1568140096933,discharge
31823.415706,42.66824722290039,-52.00061798095703,-2218.775146484375,-2218.775223755074,discharge
31824.645706,42.668094635009766,-51.978065490722656,-2217.804931640625,-2217.8050173028896,discharge
31825.865705999997,42.66725540161133,-52.01435089111328,-2219.3095703125,-2219.30959402016,discharge
31827.085705999998,42.666053771972656,-52.02598571777344,-2219.743408203125,-2219.743504174403,discharge
31828.305706,42.665462493896484,-52.0252685546875,-2219.68212890625,-2219.6821442549117,discharge
31829.525706,42.66510009765625,-52.038909912109375,-2220.245361328125,-2220.2453003730625,discharge
31830.745705999998,42.66410827636719,-52.01902389526367,-2219.34521484375,-2219.3452678984613,discharge
31831.965706,42.66426086425781,-52.001094818115234,-2218.58837890625,-2218.5882745470735,discharge
31833.185706,42.66349792480469,-51.964473724365234,-2216.986328125,-2216.986216903024,discharge
31834.405705999998,42.6629638671875,-51.96795654296875,-2217.10693359375,-2217.107052244246,discharge
31835.635705999997,42.662410736083984,-51.973533630371094,-2217.316162109375,-2217.3162391445658,discharge
31836.855706,42.661705017089844,-51.958702087402344,-2216.646728515625,-2216.646821523609,discharge
31838.075706,42.660675048828125,-52.025604248046875,-2219.447509765625,-2219.44739704486,discharge
31839.295705999997,42.66008377075195,-52.033470153808594,-2219.752197265625,-2219.752195644396,discharge
31840.515706,42.65932083129883,-52.03833770751953,-2219.920166015625,-2219.9201437925512,discharge
31841.735706,42.65867233276367,-52.00357437133789,-2218.4033203125,-2218.4034392394096,discharge
31842.955705999997,42.65829086303711,-52.036094665527344,-2219.770751953125,-2219.770861618599,discharge
31844.175705999998,42.65729904174805,-52.062416076660156,-2220.842041015625,-2220.8420514180034,discharge
31845.405705999998,42.656402587890625,-52.07762908935547,-2221.4443359375,-2221.4443122583907,discharge
31846.625706,42.65594482421875,-52.03447341918945,-2219.57958984375,-2219.5796271262225,discharge
31847.845706,42.65520095825195,-52.05402374267578,-2220.374755859375,-2220.374843429454,discharge
31849.065705999998,42.65481948852539,-52.017738342285156,-2218.80712890625,-2218.8072391915193,discharge
31850.285706,42.65460968017578,-51.975677490234375,-2217.002197265625,-2217.0022362086456,discharge
31851.505706,42.654075622558594,-51.94525909423828,-2215.677001953125,-2215.677009639039,discharge
31852.725705999997,42.6531982421875,-52.01225280761719,-2218.489013671875,-2218.4889300260693,discharge
31853.945706,42.652626037597656,-51.989173889160156,-2217.474853515625,-2217.4747918979847,discharge
31855.165706,42.65205383300781,-51.997802734375,-2217.81298828125,-2217.8130814246833,discharge
31856.395706,42.65115737915039,-51.99708938598633,-2217.736083984375,-2217.7360426594532,discharge
31857.615705999997,42.65108108520508,-51.94392395019531,-2215.464599609375,-2215.4645122835063,discharge
31858.835705999998,42.65024185180664,-51.992225646972656,-2217.48095703125,-2217.480998257088,discharge
31860.055706,42.6495361328125,-52.00986862182617,-2218.19677734375,-2218.1967710494064,discharge
31861.275706,42.649574279785156,-51.948020935058594,-2215.56103515625,-2215.560977557616,discharge
31862.495705999998,42.6478385925293,-52.027320861816406,-2218.852783203125,-2218.8527825164783,discharge
31863.715706,42.64738082885742,-52.001953125,-2217.7470703125,-2217.7470987662673,discharge
31864.935706,42.64650344848633,-52.029563903808594,-2218.87890625,-2218.878976447013,discharge
31866.165706,42.64610290527344,-52.04486846923828,-2219.5107421875,-2219.5108164305566,discharge
31867.385705999997,42.64556884765625,-52.0244140625,-2218.61083984375,-2218.6107316613197,discharge
31868.605706,42.644710540771484,-52.05564498901367,-2219.89794921875,-2219.8979125696496,discharge
31869.825706,42.64453887939453,-52.03866958618164,-2219.1650390625,-2219.1650683998887,discharge
31871.045705999997,42.64335632324219,-52.03962326049805,-2219.144287109375,-2219.1441976247006,discharge
31872.265706,42.6432991027832,-51.998233795166016,-2217.376220703125,-2217.376236543714,discharge
31873.485706,42.642574310302734,-51.99237060546875,-2217.088623046875,-2217.0885271125007,discharge
31874.705705999997,42.64211654663086,-51.9794921875,-2216.515625,-2216.5155638940632,discharge
31875.925705999998,42.64087677001953,-52.00815200805664,-2217.673095703125,-2217.673200811987,discharge
31877.155705999998,42.640647888183594,-51.990745544433594,-2216.919189453125,-2216.919074204343,discharge
31878.375706,42.63967514038086,-52.008201599121094,-2217.61279296875,-2217.6128208219598,discharge
31879.595706,42.63906478881836,-51.98984146118164,-2216.79833984375,-2216.798218423719,discharge
31880.815705999998,42.638511657714844,-52.002620697021484,-2217.314453125,-2217.314348821674,discharge
31882.035706,42.63792037963867,-51.96685791015625,-2215.7587890625,-2215.7587499532383,discharge
31883.255706,42.637672424316406,-52.022743225097656,-2218.128662109375,-2218.1286842460395,discharge
31884.475705999997,42.636756896972656,-51.987361907958984,-2216.572509765625,-2216.572511384584,discharge
31885.695706,42.635555267333984,-52.07481384277344,-2220.238525390625,-2220.2386036296957,discharge
31886.925705999998,42.63532638549805,-52.00824737548828,-2217.388671875,-2217.388601591665,discharge
31888.145706,42.634220123291016,-52.040245056152344,-2218.6953125,-2218.695262994006,discharge
31889.365705999997,42.63427734375,-52.01420593261719,-2217.588134765625,-2217.588081546128,discharge
31890.585705999998,42.633514404296875,-52.0115852355957,-2217.436767578125,-2217.436668332084,discharge
31891.805706,42.633018493652344,-51.9871711730957,-2216.3701171875,-2216.370030055259,discharge
31893.025706,42.632102966308594,-51.977874755859375,-2215.926025390625,-2215.926108561689,discharge
31894.245705999998,42.63130187988281,-52.00624465942383,-2217.093994140625,-2217.0939157149405,discharge
31895.465706,42.63111114501953,-52.01091766357422,-2217.283203125,-2217.283211670292,discharge
31896.685706,42.630252838134766,-51.980926513671875,-2215.9599609375,-2215.960040038335,discharge
31897.915706,42.62931823730469,-52.053260803222656,-2218.9951171875,-2218.995020069997,discharge
31899.135705999997,42.62880325317383,-51.998329162597656,-2216.62646484375,-2216.6265433661465,discharge
31900.355706,42.62836456298828,-52.060604095458984,-2219.25830078125,-2219.2584107506264,discharge
31901.575706,42.62796401977539,-52.01454162597656,-2217.27392578125,-2217.2740089372382,discharge
31902.795705999997,42.626953125,-52.00762939453125,-2216.9267578125,-2216.9267803430557,discharge
31904.015706,42.62674331665039,-51.95374298095703,-2214.618896484375,-2214.6188663884823,discharge
31905.235706,42.62603759765625,-51.97019577026367,-2215.283447265625,-2215.283518860815,discharge
31906.455705999997,42.62523651123047,-52.003334045410156,-2216.654296875,-2216.6544130581315,discharge
31907.685706,42.624244689941406,-52.01439666748047,-2217.074462890625,-2217.0743709543603,discharge
31908.905705999998,42.62340545654297,-52.08191680908203,-2219.90869140625,-2219.908657107444,discharge
31910.125706,42.62298583984375,-52.03623962402344,-2217.93994140625,-2217.9399046534672,discharge
31911.345706,42.62290954589844,-51.97882843017578,-2215.489013671875,-2215.4889024811564,discharge
31912.565705999998,42.62205123901367,-51.987693786621094,-2215.822265625,-2215.822148371517,discharge
31913.785706,42.62168884277344,-51.98221206665039,-2215.569580078125,-2215.5696680638357,discharge
31915.005706,42.6202392578125,-52.01578140258789,-2216.925048828125,-2216.9250485603698,discharge
31916.225705999997,42.620277404785156,-52.015159606933594,-2216.900634765625,-2216.9005317016854,discharge
31917.445706,42.619380950927734,-52.02555847167969,-2217.297119140625,-2217.2970956892823,discharge
31918.675705999998,42.618675231933594,-52.023841857910156,-2217.187255859375,-2217.1872204597457,discharge
31919.895706,42.618370056152344,-52.00724792480469,-2216.464111328125,-2216.464137661387,discharge
31921.115705999997,42.618141174316406,-51.949546813964844,-2213.9931640625,-2213.993120059313,discharge
31922.335705999998,42.617130279541016,-51.9683837890625,-2214.743408203125,-2214.743382355664,discharge
31923.555706,42.616310119628906,-52.0411491394043,-2217.8017578125,-2217.8017507067125,discharge
31924.775706,42.615623474121094,-52.031803131103516,-2217.36767578125,-2217.3677309147024,discharge
31925.995705999998,42.61491775512695,-52.045631408691406,-2217.92041015625,-2217.9203019950364,discharge
31927.215706,42.614688873291016,-52.00104522705078,-2216.00830078125,-2216.008363436704,discharge
31928.445706,42.6142692565918,-52.02064514160156,-2216.82177734375,-2216.821778965823,discharge
31929.665706,42.61322021484375,-52.05087661743164,-2218.055419921875,-2218.055467674276,discharge
31930.885705999997,42.61240005493164,-52.03175354003906,-2217.197998046875,-2217.19789740775,discharge
31932.105706,42.611637115478516,-52.007484436035156,-2216.1240234375,-2216.124054077227,discharge
31933.325706,42.61150360107422,-52.053688049316406,-2218.0859375,-2218.08591576264,discharge
31934.545705999997,42.61091232299805,-52.004859924316406,-2215.974609375,-2215.9745266048412,discharge
31935.765706,42.61009216308594,-52.04916000366211,-2217.819580078125,-2217.819504767249,discharge
31936.985706,42.609806060791016,-51.98426055908203,-2215.039306640625,-2215.039260636113,discharge
31938.205705999997,42.608890533447266,-52.02098083496094,-2216.556396484375,-2216.5562778394087,discharge
31939.435706,42.607688903808594,-52.001426696777344,-2215.66064453125,-2215.660611250496,discharge
31940.655705999998,42.60734558105469,-52.038429260253906,-2217.21923828125,-2217.219338986906,discharge
31941.875706,42.60662078857422,-52.06890106201172,-2218.47998046875,-2218.4799224269227,discharge
31943.095706,42.6066780090332,-52.03404235839844,-2216.997802734375,-2216.997688272677,discharge
31944.315705999998,42.60541915893555,-52.02593994140625,-2216.5869140625,-2216.58697834122,discharge
31945.535706,42.60469436645508,-52.06575393676758,-2218.24560546875,-2218.245533435038,discharge
31946.755706,42.60417938232422,-52.048492431640625,-2217.4833984375,-2217.4833081371617,discharge
31947.975705999997,42.60429382324219,-51.995994567871094,-2215.252685546875,-2215.252630201285,discharge
31949.205705999997,42.60332107543945,-52.03847885131836,-2217.011962890625,-2217.0120227801817,discharge
31950.425705999998,42.60265350341797,-52.047203063964844,-2217.348876953125,-2217.3489579561283,discharge
31951.645706,42.60210037231445,-52.01068115234375,-2215.76416015625,-2215.764258884592,discharge
31952.865705999997,42.60162353515625,-51.999855041503906,-2215.2783203125,-2215.278248360846,discharge
31954.085705999998,42.6011848449707,-52.033660888671875,-2216.695556640625,-2216.695605678833,discharge
31955.305706,42.60028839111328,-52.01191711425781,-2215.72265625,-2215.7226688420633,discharge
31956.525706,42.599754333496094,-51.991607666015625,-2214.829833984375,-2214.829713975778,discharge
31957.745705999998,42.5990104675293,-52.02779769897461,-2216.332763671875,-2216.332698781116,discharge
31958.965706,42.597999572753906,-52.03380584716797,-2216.5361328125,-2216.536039246421,discharge
31960.195706,42.5975227355957,-52.03929138183594,-2216.744873046875,-2216.744897782046,discharge
31961.415706,42.5975227355957,-51.992130279541016,-2214.73583984375,-2214.735951654802,discharge
31962.635705999997,42.596702575683594,-52.02369689941406,-2216.037841796875,-2216.0379437118536,discharge
31963.855706,42.59632110595703,-51.98950958251953,-2214.561767578125,-2214.561844318232,discharge
31965.075706,42.5959587097168,-52.001953125,-2215.072998046875,-2215.0730481371284,discharge
31966.295705999997,42.595272064208984,-51.97882843017578,-2214.05224609375,-2214.052338562178,discharge
31967.515706,42.594242095947266,-51.99150848388672,-2214.538818359375,-2214.538899296167,discharge
31968.735706,42.59305953979492,-52.05564498901367,-2217.209228515625,-2217.2091863994865,discharge
31969.965706,42.592811584472656,-52.01740264892578,-2215.5673828125,-2215.5674301393447,discharge
31971.185706,42.592411041259766,-52.00490951538086,-2215.014404296875,-2215.0144822426228,discharge
31972.405705999998,42.59176254272461,-51.988983154296875,-2214.302490234375,-2214.3024253455224,discharge
31973.625706,42.59117126464844,-51.972816467285156,-2213.5830078125,-2213.5831272642827,discharge
31974.845706,42.59082794189453,-51.98950958251953,-2214.2763671875,-2214.2762574125663,discharge
31976.065705999998,42.59012222290039,-51.98521423339844,-2214.056640625,-2214.0566279841005,discharge
31977.285706,42.58934020996094,-51.99422836303711,-2214.39990234375,-2214.399880707788,discharge
31978.505706,42.588958740234375,-52.00366973876953,-2214.7822265625,-2214.7821448452305,discharge
31979.725705999997,42.5877571105957,-52.0594596862793,-2217.095703125,-2217.0956244281115,discharge
31980.955705999997,42.58750915527344,-52.041961669921875,-2216.33740234375,-2216.337519076187,discharge
31982.175705999998,42.587032318115234,-52.01568603515625,-2215.193603515625,-2215.1937022281345,discharge
31983.395706,42.58644104003906,-52.007198333740234,-2214.801513671875,-2214.8014854974463,discharge
31984.615705999997,42.58543014526367,-52.026893615722656,-2215.587646484375,-2215.5876437474217,discharge
31985.835705999998,42.58504867553711,-52.001426696777344,-2214.4833984375,-2214.483287079638,discharge
31987.055706,42.58462905883789,-51.99728012084961,-2214.284912109375,-2214.284886014866,discharge
31988.275706,42.583770751953125,-51.953983306884766,-2212.396484375,-2212.3965147911804,discharge
31989.495705999998,42.583274841308594,-52.01134490966797,-2214.8134765625,-2214.813395154488,discharge
31990.725705999997,42.58289337158203,-51.947879791259766,-2212.091064453125,-2212.0910260309756,discharge
31991.945706,42.5823974609375,-51.96952819824219,-2212.987060546875,-2212.987105594948,discharge
31993.165706,42.58108139038086,-52.02445983886719,-2215.2578125,-2215.257758689404,discharge
31994.385705999997,42.58096694946289,-51.999759674072266,-2214.199951171875,-2214.2000480616844,discharge
31995.605706,42.58014678955078,-51.97167205810547,-2212.96142578125,-2212.9614251325256,discharge
31996.825706,42.579288482666016,-52.08091735839844,-2217.568359375,-2217.568404645135,discharge
31998.045705999997,42.578792572021484,-52.020118713378906,-2214.953857421875,-2214.9538442688936,discharge
31999.265706,42.57841110229492,-52.02198028564453,-2215.01318359375,-2215.0132629576547,discharge
32000.485706,42.57749557495117,-52.057647705078125,-2216.484375,-2216.484264805331,discharge
32001.715706,42.57749557495117,-51.998756408691406,-2213.976806640625,-2213.9768208940222,discharge
32002.935706,42.576332092285156,-52.055213928222656,-2216.320068359375,-2216.3200753429555,discharge
32004.155705999998,42.576236724853516,-51.96471405029297,-2212.4619140625,-2212.461966744595,discharge
32005.375706,42.57575988769531,-51.979209899902344,-2213.054443359375,-2213.0543598503573,discharge
32006.595706,42.574615478515625,-52.05207061767578,-2216.096923828125,-2216.0968914080877,discharge
32007.815705999998,42.57423400878906,-52.01120376586914,-2214.337158203125,-2214.3371602069237,discharge
32009.035706,42.57413864135742,-51.95622253417969,-2211.991455078125,-2211.9914214513847,discharge
32010.255706,42.573204040527344,-51.992130279541016,-2213.4716796875,-2213.4715708925796,discharge
32011.485706,42.572574615478516,-52.00343322753906,-2213.919921875,-2213.9200413404615,discharge
32012.705705999997,42.57190704345703,-51.99298858642578,-2213.440673828125,-2213.4406770128408,discharge
32013.925705999998,42.57099151611328,-52.0014762878418,-2213.75439453125,-2213.754405875079,discharge
32015.145706,42.57001876831055,-52.03714370727539,-2215.22216796875,-2215.2221842679864,discharge
32016.365705999997,42.57047653198242,-51.98149871826172,-2212.877197265625,-2212.877171283035,discharge
32017.585705999998,42.56959915161133,-51.970054626464844,-2212.344482421875,-2212.344393335952,discharge
32018.805706,42.56834030151367,-52.060272216796875,-2216.119384765625,-2216.119383914047,discharge
32020.025706,42.56826400756836,-51.98435974121094,-2212.884033203125,-2212.883949728275,discharge
32021.245705999998,42.567691802978516,-51.95903778076172,-2211.7763671875,-2211.7763066307816,discharge
32022.475705999997,42.567138671875,-52.00019073486328,-2213.499267578125,-2213.499329974875,discharge
32023.695706,42.56620407104492,-52.01129913330078,-2213.923583984375,-2213.923572908243,discharge
32024.915706,42.56574630737305,-52.015113830566406,-2214.062255859375,-2214.0621394610207,discharge
32026.135705999997,42.56513595581055,-51.98731231689453,-2212.846923828125,-2212.8470167458,discharge
32027.355706,42.56420135498047,-51.96647644042969,-2211.91162109375,-2211.911566919298,discharge
32028.575706,42.56338119506836,-52.023983001708984,-2214.316650390625,-2214.316619787496,discharge
32029.795705999997,42.56359100341797,-51.99422836303711,-2213.06103515625,-2213.0610705826257,discharge
32031.015706,42.562618255615234,-52.0482063293457,-2215.307861328125,-2215.307936885438,discharge
32032.235706,42.56193161010742,-52.034141540527344,-2214.673583984375,-2214.6735736385745,discharge
32033.465706,42.56147384643555,-52.034332275390625,-2214.657958984375,-2214.657872255775,discharge
32034.685706,42.56061553955078,-52.012298583984375,-2213.675537109375,-2213.6754433612805,discharge
32035.905705999998,42.559852600097656,-52.030799865722656,-2214.423095703125,-2214.423172950337,discharge
32037.125706,42.559814453125,-52.03156280517578,-2214.45361328125,-2214.4536586944014,discharge
32038.345706,42.55899429321289,-52.010250091552734,-2213.50390625,-2213.503936834968,discharge
32039.565705999998,42.5584602355957,-51.985694885253906,-2212.43115234375,-2212.4311285938893,discharge
32040.785706,42.55769729614258,-51.96676254272461,-2211.585693359375,-2211.5857497537945,discharge
32042.005706,42.55748748779297,-51.95951461791992,-2211.266357421875,-2211.266393223923,discharge
32043.235706,42.55636215209961,-51.98173522949219,-2212.153564453125,-2212.1535497208242,discharge
32044.455705999997,42.555694580078125,-51.992034912109375,-2212.55712890625,-2212.5571583164856,discharge
32045.675705999998,42.5550651550293,-52.04124450683594,-2214.61865234375,-2214.618550737214,discharge
32046.895706,42.55472183227539,-51.987030029296875,-2212.293701171875,-2212.293601782876,discharge
32048.115705999997,42.553558349609375,-52.01153564453125,-2213.27587890625,-2213.2759169023484,discharge
32049.335705999998,42.55332946777344,-51.98469161987305,-2212.121826171875,-2212.1217097810586,discharge
32050.555706,42.55302429199219,-51.993656158447266,-2212.4873046875,-2212.4873135398957,discharge
32051.775706,42.552032470703125,-52.02960968017578,-2213.965576171875,-2213.9656405488495,discharge
32052.995705999998,42.551822662353516,-51.97877883911133,-2211.791748046875,-2211.791779367559,discharge
32054.225705999997,42.550716400146484,-52.06370544433594,-2215.347900390625,-2215.347965102701,discharge
32055.445706,42.55022048950195,-51.99871063232422,-2212.556640625,-2212.556602575205,discharge
32056.665706,42.54981994628906,-52.02422332763672,-2213.621337890625,-2213.6213354364736,discharge
32057.885705999997,42.54920959472656,-52.05302429199219,-2214.81494140625,-2214.815040639369,discharge
32059.105706,42.548255920410156,-52.0359992980957,-2214.041015625,-2214.0410152096592,discharge
32060.325706,42.54753112792969,-52.077388763427734,-2215.764404296875,-2215.7643194732373,discharge
32061.545705999997,42.54758834838867,-51.99918746948242,-2212.43994140625,-2212.4400229022285,discharge
32062.765706,42.54671096801758,-52.02479553222656,-2213.48388671875,-2213.483938679856,discharge
32063.995705999998,42.54606246948242,-51.99828338623047,-2212.322265625,-2212.3222132564115,discharge
32065.215706,42.54524230957031,-52.045536041259766,-2214.2900390625,-2214.2899420068716,discharge
32066.435706,42.54499435424805,-52.017738342285156,-2213.094482421875,-2213.094384093274,discharge
32067.655705999998,42.54447937011719,-52.02183532714844,-2213.241943359375,-2213.2418998715,discharge
32068.875706,42.54377365112305,-52.027225494384766,-2213.4345703125,-2213.434505129044,discharge
32070.095706,42.54301071166992,-52.01392364501953,-2212.828857421875,-2212.8289107860473,discharge
32071.315705999998,42.5425910949707,-52.0268440246582,-2213.356689453125,-2213.356751302854,discharge
32072.535706,42.54232406616211,-51.981449127197266,-2211.41162109375,-2211.4116541979456,discharge
32073.755706,42.54161834716797,-52.00238037109375,-2212.265380859375,-2212.2654188913293,discharge
32074.985706,42.54131317138672,-51.96376037597656,-2210.606689453125,-2210.606603717315,discharge
32076.205705999997,42.540340423583984,-51.970672607421875,-2210.85009765625,-2210.8501047623577,discharge
32077.425705999998,42.53978729248047,-51.94458770751953,-2209.711669921875,-2209.7117120734765,discharge
32078.645706,42.53898620605469,-51.95732116699219,-2210.211669921875,-2210.211768426234,discharge
32079.865705999997,42.53807067871094,-52.005863189697266,-2212.22900390625,-2212.2290840707137,discharge
32081.085705999998,42.53822326660156,-51.95722579956055,-2210.16796875,-2210.1680713749374,discharge
32082.305706,42.53715515136719,-51.98221206665039,-2211.175537109375,-2211.1754197903792,discharge
32083.525706,42.53671646118164,-52.00462341308594,-2212.10595703125,-2212.1059207929648,discharge
32084.755706,42.5358772277832,-52.007102966308594,-2212.167724609375,-2212.167746747582,discharge
32085.975705999997,42.535457611083984,-51.99241638183594,-2211.521240234375,-2211.521223107411,discharge
32087.195706,42.53427505493164,-52.01311111450195,-2212.340087890625,-2212.339974606948,discharge
32088.415706,42.53366470336914,-52.044342041015625,-2213.636474609375,-2213.636594080017,discharge
32089.635705999997,42.533321380615234,-51.98345184326172,-2211.02880859375,-2211.028863723186,discharge
32090.855706,42.532920837402344,-52.00223922729492,-2211.80712890625,-2211.8071244221937,discharge
32092.075706,42.53257751464844,-51.98101806640625,-2210.88671875,-2210.8866801997647,discharge
32093.295705999997,42.53171920776367,-52.01444625854492,-2212.263916015625,-2212.2638230157463,discharge
32094.515706,42.53042221069336,-52.0655632019043,-2214.370361328125,-2214.3703856145294,discharge
32095.745705999998,42.529869079589844,-51.98822021484375,-2211.05224609375,-2211.052199418191,discharge
32096.965706,42.529659271240234,-52.010772705078125,-2212.00048828125,-2212.0004415808944,discharge
32098.185706,42.52891540527344,-52.00782012939453,-2211.836181640625,-2211.836182695697,discharge
32099.405705999998,42.528839111328125,-52.00886535644531,-2211.876708984375,-2211.8766671069898,discharge
32100.625706,42.528038024902344,-52.00591278076172,-2211.70947265625,-2211.709436259989,discharge
32101.845706,42.52725601196289,-52.042625427246094,-2213.22998046875,-2213.2300550791842,discharge
32103.065705999998,42.52656936645508,-52.009727478027344,-2211.795166015625,-2211.7952833247546,discharge
32104.285706,42.525672912597656,-52.009727478027344,-2211.748779296875,-2211.7486590039334,discharge
32105.515706,42.52574920654297,-51.981258392333984,-2210.5419921875,-2210.541957832902,discharge
32106.735706,42.525291442871094,-51.977394104003906,-2210.353759765625,-2210.3538327137358,discharge
32107.955705999997,42.5242805480957,-52.00176239013672,-2211.337646484375,-2211.3375328735856,discharge
32109.175705999998,42.52382278442383,-52.03204345703125,-2212.601318359375,-2212.6013950782362,discharge
32110.395706,42.523155212402344,-51.97711181640625,-2210.230712890625,-2210.230793261435,discharge
32111.615705999997,42.521820068359375,-52.04496383666992,-2213.046630859375,-2213.046587727149,discharge
32112.835705999998,42.52164840698242,-52.048065185546875,-2213.16943359375,-2213.1695280835265,discharge
32114.055706,42.52178192138672,-51.95231628417969,-2209.10498046875,-2209.1050633467967,discharge
32115.275706,42.520294189453125,-52.00371551513672,-2211.21337890625,-2211.213282648241,discharge
32116.505706,42.5202751159668,-51.98812484741211,-2210.54931640625,-2210.5493712751922,discharge
32117.725705999997,42.519569396972656,-51.980926513671875,-2210.20654296875,-2210.206612217007,discharge
32118.945706,42.51880645751953,-51.981689453125,-2210.199462890625,-2210.199393192306,discharge
32120.165706,42.51789093017578,-52.03270721435547,-2212.321044921875,-2212.3209701417363,discharge
32121.385705999997,42.517147064208984,-52.04954147338867,-2212.998046875,-2212.998009448711,discharge
32122.605706,42.51640319824219,-52.04386901855469,-2212.718017578125,-2212.718119189376,discharge
32123.825706,42.5163459777832,-51.97134017944336,-2209.631591796875,-2209.6314799982792,discharge
32125.045705999997,42.51579284667969,-51.989173889160156,-2210.36083984375,-2210.3609473415418,discharge
32126.275706,42.51546859741211,-51.99732971191406,-2210.69091796875,-2210.690838516166,discharge
32127.495705999998,42.51445770263672,-52.02030944824219,-2211.615234375,-2211.6152457153657,discharge
32128.715706,42.51411437988281,-51.98488235473633,-2210.09130859375,-2210.091234454012,discharge
32129.935706,42.513370513916016,-52.02555847167969,-2211.78173828125,-2211.781843499921,discharge
32131.155705999998,42.512168884277344,-52.0640869140625,-2213.357177734375,-2213.357255696319,discharge
32132.375706,42.512245178222656,-51.995849609375,-2210.460205078125,-2210.4603068437427,discharge
32133.595706,42.51129150390625,-52.01997756958008,-2211.4365234375,-2211.4364304870833,discharge
32134.815705999998,42.51081466674805,-52.048683166503906,-2212.6318359375,-2212.6319237395364,discharge
32136.035706,42.5096321105957,-52.03857421875,-2212.140625,-2212.1406455989927,discharge
32137.265706,42.50947952270508,-52.02851104736328,-2211.704833984375,-2211.7049249647243,discharge
32138.485706,42.50896453857422,-52.024314880371094,-2211.499755859375,-2211.499756393314,discharge
32139.705705999997,42.508182525634766,-52.03833770751953,-2212.05517578125,-2212.0551576018624,discharge
32140.925705999998,42.507781982421875,-52.010772705078125,-2210.862548828125,-2210.8625868847594,discharge
32142.145706,42.507286071777344,-51.998565673828125,-2210.31787109375,-2210.3179064195137,discharge
32143.365705999997,42.506065368652344,-52.05049514770508,-2212.461669921875,-2212.4617492190737,discharge
32144.585705999998,42.50589370727539,-51.98020935058594,-2209.46533203125,-2209.465253537928,discharge
32145.805706,42.50526428222656,-52.00624465942383,-2210.5390625,-2210.5391735749436,discharge
32147.035706,42.504940032958984,-51.97529602050781,-2209.206787109375,-2209.2068405469763,discharge
32148.255706,42.50425338745117,-52.00104522705078,-2210.265625,-2210.2656027428748,discharge
32149.475705999997,42.50328063964844,-52.06623077392578,-2212.985595703125,-2212.9856184328673,discharge
32150.695706,42.50261306762695,-51.99422836303711,-2209.890625,-2209.890569864001,discharge
32151.915706,42.501869201660156,-52.019405364990234,-2210.921875,-2210.9219627709535,discharge
32153.135705999997,42.501220703125,-52.031898498535156,-2211.419189453125,-2211.419201688841,discharge
32154.355706,42.50091552734375,-51.98101806640625,-2209.240966796875,-2209.2408578656614,discharge
32155.575706,42.50022888183594,-52.053260803222656,-2212.275390625,-2212.275498182862,discharge
32156.795705999997,42.49937057495117,-52.06341552734375,-2212.662353515625,-2212.662389894249,discharge
32158.025706,42.499027252197266,-52.04048156738281,-2211.669921875,-2211.6698443496716,discharge
32159.245705999998,42.498779296875,-52.00967788696289,-2210.347900390625,-2210.347821819596,discharge
32160.465706,42.498207092285156,-51.98020935058594,-2209.065673828125,-2209.0657016815385,discharge
32161.685706,42.497596740722656,-52.004669189453125,-2210.073486328125,-2210.073459848063,discharge
32162.905705999998,42.49713897705078,-51.973960876464844,-2208.74462890625,-2208.7446385549265,discharge
32164.125706,42.496585845947266,-52.01921463012695,-2210.638916015625,-2210.639020167946,discharge
32165.345706,42.49561309814453,-51.96556854248047,-2208.30859375,-2208.3086952063604,discharge
32166.565705999998,42.49483108520508,-52.030086517333984,-2211.009765625,-2211.009737902714,discharge
32167.795705999997,42.49382019042969,-52.05793380737305,-2212.140380859375,-2212.140478695801,discharge
32169.015706,42.49326705932617,-52.05664825439453,-2212.05712890625,-2212.0570564873924,discharge
32170.235706,42.49286651611328,-52.07719802856445,-2212.909423828125,-2212.909424360987,discharge
32171.455705999997,42.49267578125,-52.02150344848633,-2210.532958984375,-2210.5328796897084,discharge
32172.675705999998,42.49168395996094,-51.998565673828125,-2209.506591796875,-2209.506618983578,discharge
32173.895706,42.49107360839844,-52.09636688232422,-2213.630615234375,-2213.630559926969,discharge
32175.115705999997,42.49082565307617,-51.97954177856445,-2208.653564453125,-2208.653647239771,discharge
32176.335705999998,42.49044418334961,-51.984832763671875,-2208.858642578125,-2208.858634925564,discharge
32177.555706,42.48952865600586,-52.00782012939453,-2209.787841796875,-2209.7877637243073,discharge
32178.785706,42.48870849609375,-52.02336120605469,-2210.405517578125,-2210.40542927105,discharge
32180.005706,42.48796463012695,-52.03709411621094,-2210.9501953125,-2210.9502142641577,discharge
32181.225705999997,42.48760223388672,-52.0091552734375,-2209.744384765625,-2209.7443017782643,discharge
32182.445706,42.48676300048828,-52.03547668457031,-2210.81884765625,-2210.8189655147726,discharge
32183.665706,42.48685836791992,-51.95965576171875,-2207.6025390625,-2207.602535194019,discharge
32184.885705999997,42.48573303222656,-52.02360153198242,-2210.2607421875,-2210.260846062738,discharge
32186.105706,42.485084533691406,-52.044677734375,-2211.12255859375,-2211.122533073649,discharge
32187.325706,42.48445510864258,-52.001617431640625,-2209.260498046875,-2209.2603813513415,discharge
32188.555706,42.48455047607422,-51.97834777832031,-2208.27685546875,-2208.2767398509895,discharge
32189.775706,42.483272552490234,-51.969242095947266,-2207.823486328125,-2207.8234763084765,discharge
32190.995705999998,42.482662200927734,-52.06065368652344,-2211.675048828125,-2211.6751645240583,discharge
32192.215706,42.48237609863281,-52.02069091796875,-2209.962646484375,-2209.9625564878806,discharge
32193.435706,42.481441497802734,-52.050254821777344,-2211.169921875,-2211.169855157059,discharge
32194.655705999998,42.48117446899414,-51.944969177246094,-2206.683349609375,-2206.6832984051143,discharge
32195.875706,42.47966766357422,-52.07762908935547,-2212.240478515625,-2212.2403764227056,discharge
32197.095706,42.480125427246094,-51.96862030029297,-2207.633544921875,-2207.633508637373,discharge
32198.315705999998,42.478981018066406,-52.02445983886719,-2209.946044921875,-2209.9460419703973,discharge
32199.545705999997,42.478370666503906,-52.06432342529297,-2211.607666015625,-2211.607628960337,discharge
32200.765706,42.47804641723633,-52.04234313964844,-2210.656982421875,-2210.657067547727,discharge
32201.985706,42.47703552246094,-51.98063659667969,-2207.9833984375,-2207.983347197296,discharge
32203.205705999997,42.476558685302734,-52.009010314941406,-2209.163818359375,-2209.163778807124,discharge
32204.425705999998,42.47611999511719,-52.02937316894531,-2210.005859375,-2210.0058979948517,discharge
32205.645706,42.47526168823242,-52.072669982910156,-2211.80029296875,-2211.800284329074,discharge
32206.865705999997,42.4749755859375,-51.99494171142578,-2208.48388671875,-2208.4838797850534,discharge
32208.085705999998,42.474098205566406,-52.04353332519531,-2210.502197265625,-2210.5021454190137,discharge
32209.315705999998,42.473487854003906,-52.005531311035156,-2208.856201171875,-2208.8563024802716,discharge
32210.535706,42.472991943359375,-52.0283203125,-2209.79833984375,-2209.7984294593334,discharge
32211.755706,42.47211456298828,-52.04949188232422,-2210.652099609375,-2210.651982171403,discharge
32212.975705999997,42.471885681152344,-52.04596710205078,-2210.490478515625,-2210.4903649233165,discharge
32214.195706,42.47119903564453,-52.00572204589844,-2208.745361328125,-2208.7453720037593,discharge
32215.415706,42.47039794921875,-52.05116271972656,-2210.633544921875,-2210.6335944263265,discharge
32216.635705999997,42.470130920410156,-52.01411437988281,-2209.046142578125,-2209.0462474228116,discharge
32217.855706,42.469215393066406,-52.045677185058594,-2210.339111328125,-2210.3390746502555,discharge
32219.075706,42.468299865722656,-52.02183532714844,-2209.27880859375,-2209.278902238584,discharge
32220.305706,42.468204498291016,-52.00166702270508,-2208.41748046875,-2208.4174293722754,discharge
32221.525706,42.467613220214844,-51.997947692871094,-2208.228759765625,-2208.2287308658124,discharge
32222.745705999998,42.46746063232422,-51.940155029296875,-2205.7666015625,-2205.766488943482,discharge
32223.965706,42.466068267822266,-52.056026458740234,-2210.61474609375,-2210.614773348425,discharge
32225.185706,42.46532440185547,-52.0207405090332,-2209.07763671875,-2209.077621340839,discharge
32226.405705999998,42.464962005615234,-51.98259353637695,-2207.43896484375,-2207.4388594755874,discharge
32227.625706,42.46450424194336,-52.03013610839844,-2209.433837890625,-2209.433935483976,discharge
32228.845706,42.463626861572266,-52.04000473022461,-2209.807373046875,-2209.8073427387135,discharge
32230.065705999998,42.46408462524414,-51.977874755859375,-2207.19287109375,-2207.1928722731536,discharge
32231.295705999997,42.462501525878906,-52.04916000366211,-2210.137451171875,-2210.1375360762177,discharge
32232.515706,42.46259689331055,-51.95317077636719,-2206.066650390625,-2206.0665480062016,discharge
32233.735706,42.46143341064453,-52.01759338378906,-2208.74169921875,-2208.741577647743,discharge
32234.955705999997,42.460479736328125,-52.064849853515625,-2210.698486328125,-2210.6985021801665,discharge
32236.175705999998,42.46002197265625,-52.04644012451172,-2209.89306640625,-2209.8929912853055,discharge
32237.395706,42.459774017333984,-51.974632263183594,-2206.8310546875,-2206.8311405288114,discharge
32238.615705999997,42.45899200439453,-52.00080871582031,-2207.90185546875,-2207.901921487064,discharge
32239.835705999998,42.45849609375,-52.03395080566406,-2209.283203125,-2209.2832970246673,discharge
32241.065705999998,42.45771408081055,-52.06155776977539,-2210.414794921875,-2210.4147343907243,discharge
32242.285706,42.45729446411133,-52.02403259277344,-2208.799560546875,-2208.799671001907,discharge
32243.505706,42.45677947998047,-51.99408721923828,-2207.50146484375,-2207.5014953300706,discharge
32244.725705999997,42.45613098144531,-51.95512771606445,-2205.813720703125,-2205.813707470952,discharge
32245.945706,42.45536804199219,-52.003814697265625,-2207.841064453125,-2207.8410925599746,discharge
32247.165706,42.45475769042969,-51.981353759765625,-2206.855712890625,-2206.855778291356,discharge
32248.385705999997,42.45429992675781,-51.99456024169922,-2207.392578125,-2207.392655060976,discharge
32249.605706,42.45342254638672,-51.982452392578125,-2206.8330078125,-2206.8330164195504,discharge
32250.825706,42.45338439941406,-52.01597213745117,-2208.254150390625,-2208.254060060426,discharge
32252.055706,42.45258331298828,-51.980735778808594,-2206.716552734375,-2206.7165163203026,discharge
32253.275706,42.451324462890625,-52.01530456542969,-2208.11865234375,-2208.1185711431317,discharge
32254.495705999998,42.451324462890625,-52.01153564453125,-2207.95849609375,-2207.958575459197,discharge
32255.715706,42.450714111328125,-51.970245361328125,-2206.174072265625,-2206.174028129317,discharge
32256.935706,42.44985580444336,-51.995849609375,-2207.21630859375,-2207.2163183474913,discharge
32258.155705999998,42.449283599853516,-52.00981903076172,-2207.779541015625,-2207.7795580138627,discharge
32259.375706,42.44901657104492,-51.986839294433594,-2206.790283203125,-2206.790202685661,discharge
32260.595706,42.44842529296875,-51.97277069091797,-2206.162353515625,-2206.1622739420272,discharge
32261.825706,42.44701385498047,-52.02665328979492,-2208.3759765625,-2208.3760730201902,discharge
32263.045705999997,42.44701385498047,-51.97296142578125,-2206.096923828125,-2206.097013724502,discharge
32264.265706,42.446041107177734,-52.033660888671875,-2208.622802734375,-2208.6229090375127,discharge
32265.485706,42.445831298828125,-52.00910568237305,-2207.56982421875,-2207.5697257969296,discharge
32266.705705999997,42.4449348449707,-51.998138427734375,-2207.0576171875,-2207.057597624953,discharge
32267.925705999998,42.44415283203125,-52.01373291015625,-2207.6787109375,-2207.6788290031254,discharge
32269.145706,42.443790435791016,-52.03528594970703,-2208.57470703125,-2208.574772115826,discharge
32270.365705999997,42.44316101074219,-52.045345306396484,-2208.968994140625,-2208.968970699061,discharge
32271.585705999998,42.442626953125,-51.984405517578125,-2206.354736328125,-2206.3547307625413,discharge
32272.815705999998,42.44192123413086,-51.99432373046875,-2206.739013671875,-2206.7389923904557,discharge
32274.035706,42.44169235229492,-51.99003219604492,-2206.544921875,-2206.5449518504465,discharge
32275.255706,42.44062423706055,-52.00300216674805,-2207.039794921875,-2207.0398741579993,discharge
32276.475705999997,42.439937591552734,-52.04782485961914,-2208.906494140625,-2208.9064388183033,discharge
32277.695706,42.43934631347656,-52.053688049316406,-2209.12451171875,-2209.124494018615,discharge
32278.915706,42.43879318237305,-51.99480056762695,-2206.5966796875,-2206.596587848253,discharge
32280.135705999997,42.43846893310547,-52.019596099853516,-2207.632080078125,-2207.632012996328,discharge
32281.355706,42.43751525878906,-52.00080871582031,-2206.78515625,-2206.785113346996,discharge
32282.585705999998,42.43724822998047,-51.97286605834961,-2205.58544921875,-2205.585418141709,discharge
32283.805706,42.43642807006836,-52.00014114379883,-2206.7001953125,-2206.700249282221,discharge
32285.025706,42.435569763183594,-52.03814697265625,-2208.268310546875,-2208.2684162049554,discharge
32286.245705999998,42.43547439575195,-52.014305114746094,-2207.251708984375,-2207.2517129096377,discharge
32287.465706,42.435054779052734,-51.97692108154297,-2205.6435546875,-2205.643493341777,discharge
32288.685706,42.43467330932617,-51.95231628417969,-2204.57958984375,-2204.5795691819512,discharge
32289.905705999998,42.43400573730469,-51.95274353027344,-2204.56298828125,-2204.563017032342,discharge
32291.125706,42.432918548583984,-51.97610855102539,-2205.498046875,-2205.49798061802,discharge
32292.345706,42.43255615234375,-51.987648010253906,-2205.96875,-2205.9687934233807,discharge
32293.575706,42.43173599243164,-52.001953125,-2206.533203125,-2206.5331460908055,discharge
32294.795705999997,42.43062973022461,-52.07972717285156,-2209.775634765625,-2209.775620122382,discharge
32296.015706,42.430686950683594,-51.98774337768555,-2205.875732421875,-2205.8756645310496,discharge
32297.235706,42.4296760559082,-52.05750274658203,-2208.782958984375,-2208.782977817027,discharge
32298.455705999997,42.429351806640625,-52.02374267578125,-2207.333740234375,-2207.333680288866,discharge
32299.675705999998,42.42851257324219,-52.01029968261719,-2206.7197265625,-2206.7196540220175,discharge
32300.895706,42.42748260498047,-52.052642822265625,-2208.462646484375,-2208.4625978849363,discharge
32302.115705999997,42.42666244506836,-52.05879211425781,-2208.680908203125,-2208.680800329603,discharge
32303.345706,42.42685317993164,-52.01711654663086,-2206.922607421875,-2206.9225665673002,discharge
32304.565705999998,42.42576599121094,-52.04920959472656,-2208.2275390625,-2208.22758629336,discharge
32305.785706,42.425689697265625,-51.99188995361328,-2205.791748046875,-2205.791789946379,discharge
32307.005706,42.42542266845703,-52.00519561767578,-2206.34228515625,-2206.3424050356844,discharge
32308.225705999997,42.424583435058594,-52.014495849609375,-2206.693359375,-2206.693319004262,discharge
32309.445706,42.42387771606445,-51.971435546875,-2204.829833984375,-2204.8298263689503,discharge
32310.665706,42.423248291015625,-52.03132629394531,-2207.337890625,-2207.337874278892,discharge
32311.885705999997,42.4226188659668,-51.987457275390625,-2205.444091796875,-2205.444085804629,discharge
32313.105706,42.42166519165039,-52.01134490966797,-2206.407958984375,-2206.4078599253844,discharge
32314.335705999998,42.42149353027344,-51.96995544433594,-2204.64306640625,-2204.643128650496,discharge
32315.555706,42.42067337036133,-52.04987335205078,-2207.99072265625,-2207.9906764360203,discharge
32316.775706,42.42006301879883,-51.97529602050781,-2204.79541015625,-2204.7953326106654,discharge
32317.995705999998,42.41964340209961,-51.98130798339844,-2205.028564453125,-2205.0285482304753,discharge
32319.215706,42.418861389160156,-52.0069580078125,-2206.075927734375,-2206.0759430052713,discharge
32320.435706,42.417850494384766,-52.05230712890625,-2207.947021484375,-2207.9469816817436,discharge
32321.655705999998,42.417144775390625,-52.01201629638672,-2206.201171875,-2206.201225303812,discharge
32322.875706,42.417049407958984,-52.00214385986328,-2205.777587890625,-2205.7775054236117,discharge
32324.105706,42.41588592529297,-52.027320861816406,-2206.784912109375,-2206.7849066734198,discharge
32325.325706,42.41558074951172,-52.01454162597656,-2206.22705078125,-2206.2269904854475,discharge
32326.545705999997,42.41493225097656,-52.0573616027832,-2208.009521484375,-2208.0094655466382,discharge
32327.765706,42.41445541381836,-52.036380767822266,-2207.0947265625,-2207.0947519732727,discharge
32328.985706,42.41403579711914,-51.97610855102539,-2204.5166015625,-2204.516528678141,discharge
32330.205705999997,42.41331100463867,-52.00190734863281,-2205.572998046875,-2205.5730692119687,discharge
32331.425705999998,42.41294860839844,-51.971099853515625,-2204.24755859375,-2204.2475872091018,discharge
32332.645706,42.41222381591797,-52.02226638793945,-2206.380126953125,-2206.3800054565945,discharge
32333.865705999997,42.4110221862793,-52.04038619995117,-2207.0859375,-2207.085973708672,discharge
32335.095706,42.41046905517578,-52.02617645263672,-2206.45458984375,-2206.4545465036645,discharge
32336.315705999998,42.41008758544922,-51.998138427734375,-2205.24560546875,-2205.2456050005276,discharge
32337.535706,42.40985870361328,-51.97930145263672,-2204.434814453125,-2204.434830118844,discharge
32338.755706,42.408790588378906,-52.03776550292969,-2206.858642578125,-2206.858699900913,discharge
32339.975705999997,42.40814208984375,-52.0374755859375,-2206.812744140625,-2206.8126586452127,discharge
32341.195706,42.407474517822266,-52.087257385253906,-2208.88916015625,-2208.8890402684046,discharge
32342.415706,42.40720748901367,-51.98936462402344,-2204.723876953125,-2204.723772832949,discharge
32343.635705999997,42.40631103515625,-52.042625427246094,-2206.935791015625,-2206.9357609539293,discharge
32344.865705999997,42.406578063964844,-51.973960876464844,-2204.037841796875,-2204.037829201261,discharge
32346.085705999998,42.40549087524414,-51.98130798339844,-2204.29296875,-2204.292881373258,discharge
32347.305706,42.40455627441406,-52.0146369934082,-2205.65771484375,-2205.6576014801976,discharge
32348.525706,42.4043083190918,-52.02817916870117,-2206.218994140625,-2206.2189507505536,discharge
32349.745705999998,42.4034309387207,-52.01697540283203,-2205.6982421875,-2205.6982241351216,discharge
32350.965706,42.40312576293945,-51.980445861816406,-2204.13330078125,-2204.1333830922667,discharge
32352.185706,42.40276336669922,-51.980926513671875,-2204.135009765625,-2204.13492654101,discharge
32353.405705999998,42.40217208862305,-51.966331481933594,-2203.4853515625,-2203.4853303113778,discharge
32354.625706,42.401275634765625,-52.03094482421875,-2206.178466796875,-2206.178433028981,discharge
32355.855706,42.40062713623047,-51.997520446777344,-2204.7275390625,-2204.727476472326,discharge
32357.075706,42.40039825439453,-52.00090408325195,-2204.859130859375,-2204.8590427184536,discharge
32358.295705999997,42.39921569824219,-52.034854888916016,-2206.237060546875,-2206.237036261882,discharge
32359.515706,42.39921569824219,-52.01272964477539,-2205.298828125,-2205.2989432631875,discharge
32360.735706,42.39799499511719,-52.04253387451172,-2206.4990234375,-2206.4990907447645,discharge
32361.955705999997,42.39786148071289,-51.967811584472656,-2203.323974609375,-2203.3240770142584,discharge
32363.175705999998,42.39738464355469,-51.97572708129883,-2203.635009765625,-2203.6348931942484,discharge
32364.395706,42.396392822265625,-51.99241638183594,-2204.291015625,-2204.290908703115,discharge
32365.625706,42.395782470703125,-51.983978271484375,-2203.9013671875,-2203.9014347596094,discharge
32366.845706,42.395076751708984,-51.98674011230469,-2203.98193359375,-2203.9818371323054,discharge
32368.065705999998,42.3942756652832,-52.05583572387695,-2206.869384765625,-2206.8694496647367,discharge
32369.285706,42.394065856933594,-51.995323181152344,-2204.293212890625,-2204.2931551943184,discharge
32370.505706,42.39330291748047,-52.030372619628906,-2205.7392578125,-2205.73934737331,discharge
32371.725705999997,42.39240646362305,-52.02674865722656,-2205.5390625,-2205.539076057903,discharge
32372.945706,42.392120361328125,-51.99055480957031,-2203.98974609375,-2203.9898571395315,discharge
32374.165706,42.39114761352539,-51.997711181640625,-2204.24267578125,-2204.2426502663875,discharge
32375.385705999997,42.391109466552734,-51.99270248413086,-2204.0283203125,-2204.0283424666995,discharge
32376.615705999997,42.3902702331543,-51.961326599121094,-2202.65478515625,-2202.6546762099315,discharge
32377.835705999998,42.38964080810547,-52.02503204345703,-2205.322509765625,-2205.322421352321,discharge
32379.055706,42.388916015625,-52.05931854248047,-2206.738037109375,-2206.738081527874,discharge
32380.275705999997,42.388057708740234,-52.00672149658203,-2204.4638671875,-2204.4639120395004,discharge
32381.495705999998,42.387847900390625,-51.978492736816406,-2203.25634765625,-2203.2564442197327,discharge
32382.715706,42.387123107910156,-51.961753845214844,-2202.50927734375,-2202.5092571400455,discharge
32383.935706,42.38656997680664,-51.98207092285156,-2203.341796875,-2203.3416867107735,discharge
32385.155705999998,42.38607406616211,-51.995086669921875,-2203.86767578125,-2203.867594667827,discharge
32386.385705999997,42.38544464111328,-52.01678466796875,-2204.754638671875,-2204.7545469528995,discharge
32387.605706,42.384986877441406,-51.97134017944336,-2202.8046875,-2202.80457150875,discharge
32388.825706,42.38386154174805,-52.02269744873047,-2204.9228515625,-2204.9228056952415,discharge
32390.045705999997,42.38321304321289,-52.0634651184082,-2206.616943359375,-2206.616933881378,discharge
32391.265706,42.382965087890625,-52.0024299621582,-2204.01708984375,-2204.0171735716285,discharge
32392.485706,42.38218307495117,-52.01897430419922,-2204.677734375,-2204.677692331752,discharge
32393.705705999997,42.38187789916992,-51.96967315673828,-2202.572265625,-2202.5723421886505,discharge
32394.925705999998,42.3808479309082,-52.04944610595703,-2205.899658203125,-2205.899660304567,discharge
32396.145706,42.38067626953125,-51.999237060546875,-2203.762939453125,-2203.762832125649,discharge
32397.375706,42.37974166870117,-52.034996032714844,-2205.229736328125,-2205.2296895983454,discharge
32398.595706,42.37932205200195,-52.0660400390625,-2206.5234375,-2206.523478787858,discharge
32399.815705999998,42.379188537597656,-52.01215744018555,-2204.23291015625,-2204.233026404836,discharge
32401.035706,42.3777961730957,-52.028038024902344,-2204.83349609375,-2204.8335907053843,discharge
32402.255706,42.37743377685547,-52.00233459472656,-2203.7255859375,-2203.725490529905,discharge
32403.475705999997,42.377166748046875,-52.011680603027344,-2204.107666015625,-2204.107661760645,discharge
32404.695706,42.3765754699707,-51.99737548828125,-2203.470703125,-2203.470706619555,discharge
32405.915706,42.37565994262695,-52.02098083496094,-2204.42333984375,-2204.4233937442186,discharge
32407.145706,42.37489700317383,-51.995277404785156,-2203.29443359375,-2203.2945246792224,discharge
32408.365705999997,42.374229431152344,-52.0457763671875,-2205.399658203125,-2205.3996687056497,discharge
32409.585705999998,42.37342834472656,-52.02341079711914,-2204.41015625,-2204.410269660002,discharge
32410.805706,42.37346649169922,-51.99237060546875,-2203.096923828125,-2203.0969736748375,discharge
32412.025705999997,42.37283706665039,-51.93748474121094,-2200.738525390625,-2200.738578590972,discharge
32413.245705999998,42.3719596862793,-52.010154724121094,-2203.772216796875,-2203.7721792476077,discharge
32414.465706,42.37142562866211,-51.98259353637695,-2202.57666015625,-2202.5765960115677,discharge
32415.685706,42.37112045288086,-51.968238830566406,-2201.952392578125,-2201.9525072140095,discharge
32416.905705999998,42.37041473388672,-51.96575927734375,-2201.810791015625,-2201.810772542376,discharge
32418.135705999997,42.36936569213867,-52.00390625,-2203.37255859375,-2203.372521325946,discharge
32419.355706,42.36888885498047,-52.02016830444336,-2204.03662109375,-2204.0367291083385,discharge
32420.575706,42.36814498901367,-51.999473571777344,-2203.121337890625,-2203.121235641447,discharge
32421.795705999997,42.367210388183594,-52.03971862792969,-2204.777587890625,-2204.777707651374,discharge
32423.015706,42.36715316772461,-52.02789306640625,-2204.273681640625,-2204.273714538431,discharge
32424.235706,42.3661994934082,-52.031803131103516,-2204.3896484375,-2204.389751454073,discharge
32425.455705999997,42.365684509277344,-52.053165435791016,-2205.26806640625,-2205.2679845619423,discharge
32426.675705999998,42.36490249633789,-52.0695686340332,-2205.922119140625,-2205.9221982071904,discharge
32427.905705999998,42.36488342285156,-51.973106384277344,-2201.83447265625,-2201.834593093372,discharge
32429.125706,42.36351013183594,-52.02951431274414,-2204.15283203125,-2204.1528567424393,discharge
32430.345706,42.36387252807617,-51.95574951171875,-2201.046630859375,-2201.046749415109,discharge
32431.565705999998,42.36259460449219,-51.97639465332031,-2201.85498046875,-2201.8549357017037,discharge
32432.785706,42.36228942871094,-52.00953674316406,-2203.2431640625,-2203.243048567092,discharge
32434.005706,42.36196517944336,-51.94335174560547,-2200.42236328125,-2200.4224579509173,discharge
32435.225705999997,42.36082077026367,-52.04749298095703,-2204.7744140625,-2204.7745217078773,discharge
32436.445706,42.36064910888672,-51.98860168457031,-2202.27099609375,-2202.27091362176,discharge
32437.665706,42.35963821411133,-52.002716064453125,-2202.816162109375,-2202.8162386413896,discharge
32438.895706,42.35879898071289,-52.02460479736328,-2203.69970703125,-2203.6997766625427,discharge
32440.115705999997,42.35881805419922,-51.937198638916016,-2199.998291015625,-2199.998347390647,discharge
32441.335705999998,42.35801696777344,-51.99441909790039,-2202.38037109375,-2202.380486378388,discharge
32442.555706,42.35788345336914,-51.95627212524414,-2200.7578125,-2200.757719352623,discharge
32443.775705999997,42.35677719116211,-52.008583068847656,-2202.916015625,-2202.9159650752263,discharge
32444.995705999998,42.35605239868164,-52.0152587890625,-2203.1611328125,-2203.161026800517,discharge
32446.215706,42.3553466796875,-52.01091766357422,-2202.9404296875,-2202.9404487693682,discharge
32447.435706,42.35536575317383,-51.96757507324219,-2201.105712890625,-2201.105649532692,discharge
32448.655705999998,42.35382080078125,-52.05616760253906,-2204.777587890625,-2204.777594213374,discharge
32449.885705999997,42.35332489013672,-52.04267501831055,-2204.180419921875,-2204.1803232023085,discharge
32451.105706,42.35319137573242,-52.03308868408203,-2203.767333984375,-2203.7673629073834,discharge
32452.325706,42.35248565673828,-51.97882843017578,-2201.4326171875,-2201.4325855430798,discharge
32453.545705999997,42.35166549682617,-52.03561782836914,-2203.795166015625,-2203.795080187774,discharge
32454.765706,42.351016998291016,-52.06155776977539,-2204.85986328125,-2204.8599180652673,discharge
32455.985706,42.35004425048828,-52.06122589111328,-2204.795166015625,-2204.7952202233137,discharge
32457.205705999997,42.34975814819336,-52.02269744873047,-2203.148681640625,-2203.148655170371,discharge
32458.425705999998,42.349510192871094,-52.01697540283203,-2202.893310546875,-2202.89343002456,discharge
32459.655705999998,42.349090576171875,-51.9719123840332,-2200.963134765625,-2200.963224968291,discharge
32460.875706,42.34823226928711,-52.00948715209961,-2202.509765625,-2202.509842123618,discharge
32462.095706,42.34781265258789,-51.97439193725586,-2201.001708984375,-2201.0018124910857,discharge
32463.315705999998,42.34712600708008,-52.01215744018555,-2202.5654296875,-2202.565385019625,discharge
32464.535706,42.346248626708984,-52.0335693359375,-2203.426513671875,-2203.42646403471,discharge
32465.755706,42.345733642578125,-51.98340606689453,-2201.275390625,-2201.2754671426956,discharge
32466.975705999997,42.34548568725586,-51.961708068847656,-2200.34375,-2200.3437653147557,discharge
32468.195706,42.34458923339844,-51.973106384277344,-2200.77978515625,-2200.779841025942,discharge
32469.415706,42.34355926513672,-52.00347900390625,-2202.012451171875,-2202.0123951951973,discharge
32470.645706,42.34342575073242,-51.9866943359375,-2201.294677734375,-2201.2947316397913,discharge
32471.865705999997,42.34245300292969,-52.00371551513672,-2201.96484375,-2201.964880177402,discharge
32473.085705999998,42.341880798339844,-51.98507308959961,-2201.145751953125,-2201.145768052811,discharge
32474.305706,42.34161376953125,-51.98445129394531,-2201.10546875,-2201.1055587092414,discharge
32475.525705999997,42.34090805053711,-51.958465576171875,-2199.968505859375,-2199.968613407691,discharge
32476.745705999998,42.34052658081055,-51.97896957397461,-2200.81689453125,-2200.8169428900146,discharge
32477.965706,42.34010696411133,-51.93901062011719,-2199.103271484375,-2199.103265265876,discharge
32479.185706,42.339439392089844,-52.00457763671875,-2201.8447265625,-2201.8446629610844,discharge
32480.415706,42.33848571777344,-51.983497619628906,-2200.902587890625,-2200.902571528568,discharge
32481.635705999997,42.337684631347656,-51.998374938964844,-2201.49072265625,-2201.490799508465,discharge
32482.855706,42.33736038208008,-51.98426055908203,-2200.87646484375,-2200.8763734858076,discharge
32484.075706,42.33680725097656,-51.99737548828125,-2201.40283203125,-2201.4028636040166,discharge
32485.295705999997,42.336082458496094,-52.010345458984375,-2201.914306640625,-2201.9142740464304,discharge
32486.515706,42.33518600463867,-51.98936462402344,-2200.9794921875,-2200.979421621014,discharge
32487.735706,42.33440399169922,-52.03075408935547,-2202.69091796875,-2202.6909636115306,discharge
32488.955705999997,42.33478546142578,-51.95932388305664,-2199.686767578125,-2199.6868293099396,discharge
32490.175705999998,42.33381271362305,-52.00419616699219,-2201.535888671875,-2201.535900855961,discharge
32491.405705999998,42.333221435546875,-52.01544952392578,-2201.9814453125,-2201.9815427658614,discharge
32492.625706,42.332420349121094,-52.019691467285156,-2202.119384765625,-2202.119445624703,discharge
32493.845706,42.331905364990234,-52.025794982910156,-2202.35107421875,-2202.3510297549365,discharge
32495.065705999998,42.331085205078125,-51.981353759765625,-2200.427001953125,-2200.427115079947,discharge
32496.285706,42.330474853515625,-51.995704650878906,-2201.0029296875,-2201.002868214855,discharge
32497.505706,42.32994079589844,-52.04172134399414,-2202.923095703125,-2202.922983407916,discharge
32498.725705999997,42.329673767089844,-51.99055480957031,-2200.7431640625,-2200.743224059115,discharge
32499.945706,42.32879638671875,-52.01311111450195,-2201.65234375,-2201.652389805531,discharge
32501.175705999998,42.328433990478516,-52.00199890136719,-2201.1630859375,-2201.1631778694573,discharge
32502.395706,42.32769012451172,-52.00319290161133,-2201.175048828125,-2201.1750346246117,discharge
32503.615705999997,42.32706069946289,-51.98221206665039,-2200.254150390625,-2200.2542454374634,discharge
32504.835705999998,42.326412200927734,-52.0008544921875,-2201.009521484375,-2201.009602036793,discharge
32506.055706,42.326011657714844,-51.979637145996094,-2200.0908203125,-2200.090727805218,discharge
32507.275705999997,42.32513427734375,-51.993797302246094,-2200.64453125,-2200.644452406559,discharge
32508.495705999998,42.32463836669922,-52.012969970703125,-2201.43017578125,-2201.430144387996,discharge
32509.715706,42.323875427246094,-52.043296813964844,-2202.674072265625,-2202.6740111774416,discharge
32510.935706,42.32292175292969,-52.00777053833008,-2201.120849609375,-2201.120803038066,discharge
32512.165706,42.323055267333984,-51.9927978515625,-2200.494140625,-2200.4940569750033,discharge
32513.385705999997,42.3219108581543,-52.01049041748047,-2201.183349609375,-2201.1833391374967,discharge
32514.605706,42.32133865356445,-52.00061798095703,-2200.73583984375,-2200.7357637667155,discharge
32515.825706,42.32074737548828,-52.04386901855469,-2202.535400390625,-2202.535433177254,discharge
32517.045705999997,42.31954574584961,-52.0579833984375,-2203.0703125,-2203.0702098668553,discharge
32518.265706,42.319679260253906,-51.995086669921875,-2200.415283203125,-2200.415390980197,discharge
32519.485706,42.31853485107422,-52.07328796386719,-2203.665283203125,-2203.665251508937,discharge
32520.705705999997,42.31813430786133,-52.03075408935547,-2201.844482421875,-2201.8444396926498,discharge
32521.935706,42.317752838134766,-52.01392364501953,-2201.1123046875,-2201.1123649515503,discharge
32523.155705999998,42.317237854003906,-52.038429260253906,-2202.12255859375,-2202.122588554921,discharge
32524.375706,42.316741943359375,-52.0283203125,-2201.6689453125,-2201.6690044105053,discharge
32525.595706,42.31569290161133,-51.98698043823242,-2199.864990234375,-2199.8650991063187,discharge
32526.815705999998,42.31498718261719,-52.07014083862305,-2203.347412109375,-2203.347342183406,discharge
32528.035706,42.31422424316406,-52.07786560058594,-2203.634521484375,-2203.6344831285533,discharge
32529.255706,42.314109802246094,-52.02226638793945,-2201.27587890625,-2201.2758921009663,discharge
32530.475705999997,42.31313705444336,-52.0355224609375,-2201.7861328125,-2201.7861935892142,discharge
32531.695706,42.31311798095703,-52.007102966308594,-2200.582763671875,-2200.582683661196,discharge
32532.925705999998,42.31254577636719,-52.000091552734375,-2200.25634765625,-2200.256254200358,discharge
32534.145706,42.311668395996094,-51.9902229309082,-2199.79296875,-2199.7930724865,discharge
32535.365705999997,42.31098175048828,-52.04730224609375,-2202.17236328125,-2202.1724554966204,discharge
32536.585705999998,42.31086730957031,-51.96723937988281,-2198.779052734375,-2198.7789698468987,discharge
32537.805706,42.30968475341797,-52.01396942138672,-2200.694580078125,-2200.694648992794,discharge
32539.025705999997,42.30936050415039,-51.986549377441406,-2199.517578125,-2199.5176589769835,discharge
32540.245705999998,42.30825424194336,-51.997230529785156,-2199.912109375,-2199.9120491310896,discharge
32541.465706,42.30817794799805,-51.98659896850586,-2199.458251953125,-2199.4582800707576,discharge
32542.695706,42.30756759643555,-52.00629425048828,-2200.259765625,-2200.2598094426503,discharge
32543.915706,42.306556701660156,-52.05683898925781,-2202.345703125,-2202.345610408229,discharge
32545.135705999997,42.30581283569336,-52.06708908081055,-2202.740478515625,-2202.7405255521444,discharge
32546.355706,42.30531692504883,-52.06136703491211,-2202.47265625,-2202.4726319632464,discharge
32547.575706,42.3054313659668,-51.952980041503906,-2197.893310546875,-2197.8932314032863,discharge
32548.795705999997,42.30487823486328,-51.98139953613281,-2199.06689453125,-2199.0667778538773,discharge
32550.015706,42.30356216430664,-52.0030517578125,-2199.914306640625,-2199.914332770277,discharge
32551.235706,42.303619384765625,-51.957366943359375,-2197.984619140625,-2197.9846754064783,discharge
32552.455705999997,42.302513122558594,-51.98469161987305,-2199.0830078125,-2199.0830994218413,discharge
32553.685706,42.3021125793457,-51.95331573486328,-2197.735107421875,-2197.735011086479,discharge
32554.905705999998,42.301368713378906,-52.010009765625,-2200.094482421875,-2200.0945998821408,discharge
32556.125706,42.30104446411133,-51.998565673828125,-2199.59375,-2199.5936386386165,discharge
32557.345706,42.30012893676758,-52.00562286376953,-2199.844482421875,-2199.844552574359,discharge
32558.565705999998,42.29936599731445,-52.00614929199219,-2199.8271484375,-2199.8271430129535,discharge
32559.785706,42.298927307128906,-51.990081787109375,-2199.124755859375,-2199.124690204626,discharge
32561.005706,42.29780197143555,-52.049827575683594,-2201.59326171875,-2201.59329944363,discharge
32562.225705999997,42.297306060791016,-52.02436447143555,-2200.490478515625,-2200.4904666664515,discharge
32563.455705999997,42.297000885009766,-52.05512237548828,-2201.775634765625,-2201.7755571853195,discharge
32564.675705999998,42.296695709228516,-52.021263122558594,-2200.32763671875,-2200.3275367045717,discharge
32565.895706,42.295684814453125,-52.04324722290039,-2201.204833984375,-2201.204781260458,discharge
32567.115705999997,42.29545593261719,-52.01091766357422,-2199.825439453125,-2199.8254760546843,discharge
32568.335705999998,42.29408264160156,-52.048587799072266,-2201.34716796875,-2201.347273752617,discharge
32569.555706,42.293643951416016,-52.04763412475586,-2201.2841796875,-2201.2841061859945,discharge
32570.775705999997,42.29316711425781,-52.05039978027344,-2201.376220703125,-2201.3762562710326,discharge
32571.995705999998,42.29257583618164,-52.05564498901367,-2201.5673828125,-2201.5673133992095,discharge
32573.215706,42.29236602783203,-51.96371078491211,-2197.668212890625,-2197.668276679906,discharge
32574.445706,42.291526794433594,-52.01134490966797,-2199.63916015625,-2199.63918686175,discharge
32575.665706,42.29074478149414,-52.05445098876953,-2201.42138671875,-2201.4215015068476,discharge
32576.885705999997,42.289981842041016,-52.001617431640625,-2199.1474609375,-2199.1474569408456,discharge
32578.105706,42.28963851928711,-52.039100646972656,-2200.71484375,-2200.7147552292736,discharge
32579.325706,42.28899002075195,-52.00033187866211,-2199.04150390625,-2199.0415158925316,discharge
32580.545705999997,42.2883415222168,-52.006195068359375,-2199.255859375,-2199.255738321808,discharge
32581.765706,42.28788375854492,-51.992225646972656,-2198.64111328125,-2198.6411945072177,discharge
32582.985706,42.287235260009766,-52.01134490966797,-2199.416015625,-2199.4159783846408,discharge
32584.215706,42.28670120239258,-52.0176887512207,-2199.656494140625,-2199.6564614619274,discharge
32585.435706,42.28626251220703,-51.98974609375,-2198.4521484375,-2198.4520512633026,discharge
32586.655705999998,42.285099029541016,-52.02899169921875,-2200.051025390625,-2200.0510664086323,discharge
32587.875706,42.285118103027344,-51.97439193725586,-2197.743408203125,-2197.743301399896,discharge
32589.095706,42.2840690612793,-52.03251647949219,-2200.146484375,-2200.1465202510008,discharge
32590.315705999998,42.28372573852539,-52.00319290161133,-2198.888671875,-2198.888746179364,discharge
32591.535706,42.283077239990234,-52.035186767578125,-2200.207763671875,-2200.2078212908236,discharge
32592.755706,42.282161712646484,-52.00834274291992,-2199.025146484375,-2199.0251582628844,discharge
32593.975705999997,42.281837463378906,-51.981353759765625,-2197.8671875,-2197.86715079681,discharge
32595.205705999997,42.281131744384766,-52.032997131347656,-2200.013916015625,-2200.014006765705,discharge
32596.425705999998,42.280426025390625,-52.00691223144531,-2198.87451171875,-2198.8744054106064,discharge
32597.645706,42.27977752685547,-51.98750305175781,-2198.02001953125,-2198.02006320504,discharge
32598.865705999997,42.2791862487793,-52.0014762878418,-2198.580078125,-2198.5801011851436,discharge
32600.085705999998,42.278995513916016,-52.009010314941406,-2198.888671875,-2198.8887137886195,discharge
32601.305706,42.277889251708984,-52.044822692871094,-2200.34521484375,-2200.3452499340347,discharge
32602.525705999997,42.27773666381836,-51.987361907958984,-2197.907958984375,-2197.9079965913115,discharge
32603.745705999998,42.2772216796875,-51.92747116088867,-2195.34912109375,-2195.34920953447,discharge
32604.975705999997,42.275657653808594,-52.03681182861328,-2199.890380859375,-2199.8904422621126,discharge
32606.195706,42.27581024169922,-51.972434997558594,-2197.1767578125,-2197.1767997558345,discharge
32607.415706,42.27516174316406,-51.98607635498047,-2197.7197265625,-2197.719786299276,discharge
32608.635705999997,42.274513244628906,-51.978919982910156,-2197.383544921875,-2197.3835412590415,discharge
32609.855706,42.273616790771484,-52.03575897216797,-2199.73974609375,-2199.7397342063778,discharge
32611.075706,42.27317810058594,-51.978397369384766,-2197.2919921875,-2197.29204937903,discharge
32612.295705999997,42.272186279296875,-52.054595947265625,-2200.461669921875,-2200.4615765763447,discharge
32613.515706,42.27191925048828,-52.04343795776367,-2199.97607421875,-2199.9760068683827,discharge
32614.735706,42.27113723754883,-52.057029724121094,-2200.509765625,-2200.5098476474814,discharge
32615.965706,42.27039337158203,-52.03418731689453,-2199.505615234375,-2199.5055666557164,discharge
32617.185706,42.27041244506836,-51.96556854248047,-2196.60595703125,-2196.6060152331193,discharge
32618.405705999998,42.26926803588867,-52.06165313720703,-2200.60791015625,-2200.6079708480684,discharge
32619.625706,42.2688102722168,-52.021121978759766,-2198.870849609375,-2198.8709350680438,discharge
32620.845706,42.268409729003906,-51.96695327758789,-2196.560546875,-2196.5604735050874,discharge
32622.065705999998,42.267398834228516,-51.98507308959961,-2197.27392578125,-2197.2738177046267,discharge
32623.285706,42.26728439331055,-52.02336120605469,-2198.88623046875,-2198.8862031922326,discharge
32624.505706,42.266197204589844,-52.039432525634766,-2199.509033203125,-2199.508917543426,discharge
32625.735706,42.265682220458984,-52.04100799560547,-2199.548828125,-2199.548706374626,discharge
32626.955705999997,42.2654914855957,-51.95636749267578,-2195.96142578125,-2195.9614078841696,discharge
32628.175705999998,42.26432800292969,-51.998756408691406,-2197.6923828125,-2197.6924966013758,discharge
32629.395706,42.26428985595703,-51.94540023803711,-2195.435546875,-2195.4354523440998,discharge
32630.615705999997,42.26310729980469,-52.045677185058594,-2199.612060546875,-2199.612039363128,discharge
32631.835705999998,42.2627067565918,-52.00505065917969,-2197.874267578125,-2197.874205870612,discharge
32633.055706,42.26186752319336,-52.01630401611328,-2198.30615234375,-2198.30614937513,discharge
32634.275705999997,42.261409759521484,-51.97510528564453,-2196.541259765625,-2196.5412217708945,discharge
32635.495705999998,42.261009216308594,-51.977684020996094,-2196.62939453125,-2196.629383453692,discharge
32636.725705999997,42.25984573364258,-52.07815170288086,-2200.814697265625,-2200.8146570569806,discharge
32637.945706,42.25919723510742,-52.039527893066406,-2199.148681640625,-2199.1486732549674,discharge
32639.165706,42.259273529052734,-51.972816467285156,-2196.33349609375,-2196.3334671662597,discharge
32640.385705999997,42.25839614868164,-51.99150848388672,-2197.077880859375,-2197.0777618796274,discharge
32641.605706,42.257747650146484,-52.028560638427734,-2198.60986328125,-2198.6097860590235,discharge
32642.825706,42.25715637207031,-52.023887634277344,-2198.381591796875,-2198.381554844673,discharge
32644.045705999997,42.25658416748047,-52.02360153198242,-2198.339599609375,-2198.339696831681,discharge
32645.265706,42.256202697753906,-52.03962326049805,-2198.996826171875,-2198.9968688103545,discharge
32646.495705999998,42.255096435546875,-52.027320861816406,-2198.41943359375,-2198.419460299192,discharge
32647.715706,42.25444793701172,-52.023651123046875,-2198.230712890625,-2198.2306578720454,discharge
32648.935706,42.254085540771484,-52.00123596191406,-2197.2646484375,-2197.264672560559,discharge
32650.155705999998,42.25383758544922,-51.95636749267578,-2195.35595703125,-2195.355913565436,discharge
32651.375706,42.25263595581055,-52.02150344848633,-2198.045654296875,-2198.045647082836,discharge
32652.595706,42.25227355957031,-52.031803131103516,-2198.4619140625,-2198.461979693093,discharge
32653.815705999998,42.25141525268555,-52.04734802246094,-2199.07421875,-2199.074114098039,discharge
32655.035706,42.25128173828125,-52.00071334838867,-2197.0966796875,-2197.0967902743723,discharge
32656.255706,42.25114822387695,-51.979591369628906,-2196.197509765625,-2196.197419574746,discharge
32657.485706,42.25015640258789,-52.03223419189453,-2198.3701171875,-2198.3700325836253,discharge
32658.705705999997,42.24935531616211,-51.94673538208008,-2194.716064453125,-2194.7160806721513,discharge
32659.925705999998,42.24870681762695,-52.03208923339844,-2198.28857421875,-2198.2884831304546,discharge
32661.145706,42.24769592285156,-52.00824737548828,-2197.228515625,-2197.2286206000717,discharge
32662.365705999997,42.24712371826172,-52.040672302246094,-2198.568603515625,-2198.5687211345066,discharge
32663.585705999998,42.24723815917969,-51.97624969482422,-2195.85302734375,-2195.8529994782293,discharge
32664.805706,42.24628448486328,-51.96013641357422,-2195.122802734375,-2195.12270480016,discharge
32666.025705999997,42.24536895751953,-52.00319290161133,-2196.89404296875,-2196.8940710976312,discharge
32667.245705999998,42.24485397338867,-52.022743225097656,-2197.693115234375,-2197.6931908393453,discharge
32668.475705999997,42.2441291809082,-51.994991302490234,-2196.483154296875,-2196.483129342596,discharge
32669.695706,42.24355697631836,-52.03380584716797,-2198.093017578125,-2198.0930419995275,discharge
32670.915706,42.243080139160156,-52.006195068359375,-2196.90185546875,-2196.901866005501,discharge
32672.135705999997,42.24203109741211,-52.060081481933594,-2199.12353515625,-2199.123580893647,discharge
32673.355706,42.2419548034668,-52.004241943359375,-2196.7607421875,-2196.760837759939,discharge
32674.575706,42.24130630493164,-52.00328826904297,-2196.686767578125,-2196.6868286363024,discharge
32675.795705999997,42.240943908691406,-51.95851135253906,-2194.776611328125,-2194.776563621708,discharge
32677.015706,42.23991394042969,-52.02903747558594,-2197.7021484375,-2197.702065372141,discharge
32678.245705999998,42.23920822143555,-52.02779769897461,-2197.613037109375,-2197.6129803097137,discharge
32679.465706,42.238311767578125,-52.054500579833984,-2198.6943359375,-2198.694224396604,discharge
32680.685706,42.23869323730469,-51.994659423828125,-2196.1865234375,-2196.1864693812095,discharge
32681.905705999998,42.23743438720703,-52.01954650878906,-2197.172119140625,-2197.1721825172426,discharge
32683.125706,42.23674774169922,-52.04205322265625,-2198.087158203125,-2198.087073925417,discharge
32684.345706,42.23661422729492,-51.99208068847656,-2195.969482421875,-2195.9694549135747,discharge
32685.565705999998,42.2355842590332,-52.02484130859375,-2197.299560546875,-2197.2995686519425,discharge
32686.785706,42.23487854003906,-51.99918746948242,-2196.179443359375,-2196.1793669543113,discharge
32688.005706,42.2340202331543,-52.0350456237793,-2197.649169921875,-2197.649169707802,discharge
32689.235706,42.23369598388672,-52.04648971557617,-2198.11572265625,-2198.115623676131,discharge
32690.455705999997,42.233219146728516,-52.02741622924805,-2197.28515625,-2197.2852712478925,discharge
32691.675705999998,42.23283767700195,-51.99351501464844,-2195.833740234375,-2195.8336798704113,discharge
32692.895706,42.231903076171875,-51.979923248291016,-2195.211181640625,-2195.2110805286793,discharge
32694.115705999997,42.23173141479492,-51.97935104370117,-2195.177978515625,-2195.177992392928,discharge
32695.335705999998,42.23073959350586,-52.01921463012695,-2196.809814453125,-2196.8099069035816,discharge
32696.555706,42.229957580566406,-52.010772705078125,-2196.412841796875,-2196.4127250679303,discharge
32697.775705999997,42.22972869873047,-52.0,-2195.94580078125,-2195.9458923339844,discharge
32699.005706,42.22888946533203,-51.982643127441406,-2195.169189453125,-2195.169290744525,discharge
32700.225705999997,42.22846984863281,-51.94969177246094,-2193.756103515625,-2193.755992659135,discharge
32701.445706,42.22688674926758,-52.08964538574219,-2199.58349609375,-2199.583556513244,discharge
32702.665706,42.227439880371094,-51.982643127441406,-2195.093994140625,-2195.0939374868176,discharge
32703.885705999997,42.22679138183594,-51.9587516784668,-2194.05126953125,-2194.0513675872353,discharge
32705.105706,42.22593307495117,-51.979637145996094,-2194.888671875,-2194.888679387077,discharge
32706.325706,42.2248649597168,-52.02760696411133,-2196.858642578125,-2196.858678236822,discharge
32707.545705999997,42.22442626953125,-52.01005935668945,-2196.094970703125,-2196.0949165804777,discharge
32708.765706,42.22433090209961,-51.986839294433594,-2195.109619140625,-2195.1095049224386,discharge
32709.995705999998,42.222957611083984,-52.030517578125,-2196.88232421875,-2196.882338183932,discharge
32711.215706,42.222557067871094,-51.995994567871094,-2195.40380859375,-2195.4038479426526,discharge
32712.435706,42.222328186035156,-52.02545928955078,-2196.635986328125,-2196.6360161526245,discharge
32713.655705999998,42.22118377685547,-52.053165435791016,-2197.746337890625,-2197.7462640315935,discharge
32714.875706,42.22095489501953,-51.98211669921875,-2194.734619140625,-2194.7346045053564,discharge
32716.095706,42.220497131347656,-51.97529602050781,-2194.4228515625,-2194.4228365347954,discharge
32717.315705999998,42.21961975097656,-52.05411911010742,-2197.705078125,-2197.705115300778,discharge
32718.535706,42.21885681152344,-52.00529098510742,-2195.60400390625,-2195.603933541861,discharge
32719.765706,42.218685150146484,-51.986167907714844,-2194.78759765625,-2194.7876550584624,discharge
32720.985706,42.21784591674805,-52.025508880615234,-2196.405029296875,-2196.404917662221,discharge
32722.205705999997,42.21773147583008,-51.93290710449219,-2192.489501953125,-2192.4895268966793,discharge
32723.425705999998,42.216739654541016,-51.98869705200195,-2194.793212890625,-2194.7932884231705,discharge
32724.645706,42.2161865234375,-52.018592834472656,-2196.026611328125,-2196.026617786847,discharge
32725.865705999997,42.215328216552734,-52.01139450073242,-2195.677978515625,-2195.678089849025,discharge
32727.085705999998,42.21519470214844,-51.95536804199219,-2193.305908203125,-2193.305977714481,discharge
32728.305706,42.214107513427734,-51.981449127197266,-2194.3505859375,-2194.3504821592796,discharge
32729.525705999997,42.21406936645508,-52.006675720214844,-2195.413330078125,-2195.4134163718845,discharge
32730.755706,42.21296310424805,-52.01225280761719,-2195.59130859375,-2195.591308736766,discharge
32731.975705999997,42.212162017822266,-51.97014617919922,-2193.772216796875,-2193.772230606264,discharge
32733.195706,42.2119140625,-52.012298583984375,-2195.53857421875,-2195.538678020239,discharge
32734.415706,42.21101760864258,-52.062416076660156,-2197.607666015625,-2197.6075617603783,discharge
32735.635705999997,42.210655212402344,-51.98120880126953,-2194.160888671875,-2194.1608822342823,discharge
32736.855706,42.21006393432617,-52.01354217529297,-2195.494873046875,-2195.494940669887,discharge
32738.075706,42.20878601074219,-52.030418395996094,-2196.140869140625,-2196.140796125983,discharge
32739.295705999997,42.20844268798828,-51.999046325683594,-2194.798828125,-2194.7987666676636,discharge
32740.525705999997,42.20804214477539,-52.003814697265625,-2194.979248046875,-2194.9792024312774,discharge
32741.745705999998,42.2081184387207,-51.981449127197266,-2194.0390625,-2194.039161377077,discharge
32742.965706,42.206783294677734,-51.992652893066406,-2194.442626953125,-2194.442633573053,discharge
32744.185706,42.20653533935547,-51.96185302734375,-2193.1298828125,-2193.129786096979,discharge
32745.405705999998,42.20588684082031,-52.00133514404297,-2194.762451171875,-2194.76246666105,discharge
32746.625706,42.204856872558594,-52.030517578125,-2195.9404296875,-2195.9405473899096,discharge
32747.845706,42.20417022705078,-52.00309753417969,-2194.74755859375,-2194.7475806664443,discharge
32749.065705999998,42.20388412475586,-51.99470520019531,-2194.37841796875,-2194.378513369884,discharge
32750.285706,42.20319747924805,-52.041099548339844,-2196.30078125,-2196.3008012757928,discharge
32751.515706,42.20256805419922,-52.01139450073242,-2195.014404296875,-2195.014416010963,discharge
32752.735706,42.20134735107422,-52.045536041259766,-2196.391845703125,-2196.3917445500556,discharge
32753.955705999997,42.201499938964844,-52.010154724121094,-2194.906494140625,-2194.9065414155484,discharge
32755.175705999998,42.200584411621094,-52.002716064453125,-2194.544921875,-2194.5450089115184,discharge
32756.395706,42.20020294189453,-52.00190734863281,-2194.490966796875,-2194.4910434779013,discharge
32757.615705999997,42.19921112060547,-52.017974853515625,-2195.117431640625,-2195.117502909852,discharge
32758.835705999998,42.19881057739258,-51.97105407714844,-2193.11669921875,-2193.116666509013,discharge
32760.055706,42.19804763793945,-51.98640823364258,-2193.724853515625,-2193.7249311686173,discharge
32761.285706,42.19736099243164,-51.989078521728516,-2193.802001953125,-2193.8019140452525,discharge
32762.505706,42.196502685546875,-52.05965042114258,-2196.735107421875,-2196.7351788043743,discharge
32763.725705999997,42.19623565673828,-51.986839294433594,-2193.64892578125,-2193.6489219169016,discharge
32764.945706,42.19526290893555,-52.040767669677734,-2195.873779296875,-2195.873873804885,discharge
32766.165706,42.19511032104492,-52.04153060913086,-2195.898193359375,-2195.8981253283127,discharge
32767.385705999997,42.19470977783203,-51.979209899902344,-2193.24755859375,-2193.247676207393,discharge
32768.605706,42.194061279296875,-51.95608139038086,-2192.238037109375,-2192.238082017866,discharge
32769.825705999996,42.19402313232422,-51.992130279541016,-2193.757080078125,-2193.757147713768,discharge
32771.045706,42.19270706176758,-51.95045471191406,-2191.930419921875,-2191.930317385413,discharge
32772.275706,42.19200134277344,-52.022647857666016,-2194.939697265625,-2194.939628265274,discharge
32773.495706,42.191429138183594,-52.0030517578125,-2194.0830078125,-2194.08307320904,discharge
32774.715705999995,42.1905517578125,-52.04234313964844,-2195.695068359375,-2195.6951718311757,discharge
32775.935706,42.19015121459961,-52.026222229003906,-2194.994140625,-2194.9941829660384,discharge
32777.155706,42.18935012817383,-52.07343292236328,-2196.9443359375,-2196.9442939375585,discharge
32778.375706,42.18860626220703,-52.010154724121094,-2194.23583984375,-2194.235939292412,discharge
32779.595706,42.18828201293945,-51.978302001953125,-2192.875244140625,-2192.875263412134,discharge
32780.815706,42.18830108642578,-51.97205352783203,-2192.612548828125,-2192.612642312015,discharge
32782.045706,42.186927795410156,-51.98163986206055,-2192.94580078125,-2192.9456875477626,discharge
32783.265706,42.18671798706055,-51.968719482421875,-2192.3896484375,-2192.389712953591,discharge
32784.485706,42.186241149902344,-51.97682189941406,-2192.706787109375,-2192.706742854207,discharge
32785.705706,42.18517303466797,-51.97629928588867,-2192.629150390625,-2192.629179076903,discharge
32786.925706,42.18475341796875,-51.967811584472656,-2192.249267578125,-2192.249317362439,discharge
32788.145705999996,42.18423843383789,-51.99237060546875,-2193.258544921875,-2193.2585583615582,discharge
32789.365706,42.18330383300781,-51.98883819580078,-2193.06103515625,-2193.060957538546,discharge
32790.585706,42.1827507019043,-52.027034759521484,-2194.6435546875,-2194.643437020204,discharge
32791.805706,42.18208312988281,-52.02770233154297,-2194.636962890625,-2194.6368648059433,discharge
32793.035705999995,42.181339263916016,-51.9963264465332,-2193.274658203125,-2193.2746863185457,discharge
32794.255705999996,42.18061447143555,-52.033329010009766,-2194.7978515625,-2194.797790636585,discharge
32795.475706,42.18067169189453,-51.93486022949219,-2190.647216796875,-2190.6472887046402,discharge
32796.695706,42.17887878417969,-52.027557373046875,-2194.464111328125,-2194.4640358746983,discharge
32797.915706,42.17853546142578,-52.04444122314453,-2195.158203125,-2195.1583097004914,discharge
32799.135706,42.17832565307617,-52.02159881591797,-2194.183837890625,-2194.18393585147,discharge
32800.355706,42.17781066894531,-52.04172134399414,-2195.005859375,-2195.005869732995,discharge
32801.575705999996,42.17689514160156,-52.04324722290039,-2195.0224609375,-2195.0225809487165,discharge
32802.805706,42.17660903930664,-52.03275680541992,-2194.565185546875,-2194.565241019518,discharge
32804.025706,42.17569351196289,-52.00653076171875,-2193.41162109375,-2193.41150202672,discharge
32805.245706,42.17578887939453,-51.95045471191406,-2191.051513671875,-2191.0514101182343,discharge
32806.465705999995,42.17470169067383,-52.01864242553711,-2193.87060546875,-2193.8707266508573,discharge
32807.685706,42.17390060424805,-51.98163986206055,-2192.2685546875,-2192.2685127883597,discharge
32808.905706,42.17327117919922,-52.03123092651367,-2194.3271484375,-2194.327211651398,discharge
32810.125706,42.1723747253418,-52.05950927734375,-2195.47314453125,-2195.4731332615484,discharge
32811.345706,42.171974182128906,-52.085731506347656,-2196.55810546875,-2196.5581243429915,discharge
32812.565706,42.171287536621094,-52.02674865722656,-2194.034912109375,-2194.0349772194168,discharge
32813.795706,42.17079162597656,-52.029754638671875,-2194.135986328125,-2194.135941218119,discharge
32815.015706,42.17079162597656,-51.986122131347656,-2192.2958984375,-2192.2959238436306,discharge
32816.235706,42.16960906982422,-51.98130798339844,-2192.031494140625,-2192.031436598045,discharge
32817.455706,42.169437408447266,-51.9658088684082,-2191.368896484375,-2191.3689244556736,discharge
32818.675706,42.168312072753906,-51.99675750732422,-2192.615478515625,-2192.615497340157,discharge
32819.895705999996,42.167720794677734,-52.01744842529297,-2193.457275390625,-2193.457241649303,discharge
32821.115706,42.166690826416016,-52.051544189453125,-2194.84130859375,-2194.841370874201,discharge
32822.335706,42.166996002197266,-52.004669189453125,-2192.880615234375,-2192.8806778072612,discharge
32823.565706,42.16667175292969,-51.94306182861328,-2190.26611328125,-2190.266037969268,discharge
32824.785705999995,42.16543197631836,-52.002906799316406,-2192.72509765625,-2192.7250292173994,discharge
32826.005705999996,42.16501235961914,-51.994895935058594,-2192.365478515625,-2192.3654297388566,discharge
32827.225706,42.16371536254883,-52.00958251953125,-2192.917236328125,-2192.9172334785108,discharge
32828.445706,42.16331481933594,-52.03123092651367,-2193.80908203125,-2193.8091699921642,discharge
32829.665706,42.16257095336914,-52.02350616455078,-2193.44482421875,-2193.444769905909,discharge
32830.885706,42.16226577758789,-52.0167350769043,-2193.143310546875,-2193.1434091948177,discharge
32832.105706,42.16114044189453,-52.031471252441406,-2193.7060546875,-2193.70616687258,discharge
32833.325705999996,42.16087341308594,-52.01263427734375,-2192.898193359375,-2192.8980896482244,discharge
32834.555706,42.160396575927734,-51.99918746948242,-2192.306396484375,-2192.306365339391,discharge
32835.775706,42.159461975097656,-52.05564498901367,-2194.637939453125,-2194.6379855035048,discharge
32836.995706,42.159175872802734,-52.015830993652344,-2192.944580078125,-2192.9445670313726,discharge
32838.215705999995,42.158145904541016,-52.08158493041992,-2195.6630859375,-2195.6630564363877,discharge
32839.435706,42.15726852416992,-52.04143524169922,-2193.9248046875,-2193.924759867514,discharge
32840.655706,42.15766906738281,-52.013587951660156,-2192.771728515625,-2192.7716278732987,discharge
32841.875706,42.156333923339844,-52.031707763671875,-2193.466064453125,-2193.466047086986,discharge
32843.095706,42.156314849853516,-51.98597717285156,-2191.537109375,-2191.537221476028,discharge
32844.325705999996,42.15545654296875,-52.03123092651367,-2193.400390625,-2193.4002941998187,discharge
32845.545706,42.15475082397461,-52.023841857910156,-2193.052001953125,-2193.052090426063,discharge
32846.765706,42.154293060302734,-51.981449127197266,-2191.2412109375,-2191.2412402070913,discharge
32847.985706,42.153282165527344,-52.02188491821289,-2192.893310546875,-2192.8931937400193,discharge
32849.205706,42.15269088745117,-52.043006896972656,-2193.752685546875,-2193.752782581578,discharge
32850.425706,42.15232849121094,-52.00190734863281,-2192.00146484375,-2192.0014807290863,discharge
32851.645705999996,42.151546478271484,-52.009727478027344,-2192.29052734375,-2192.290445112303,discharge
32852.865706,42.15045928955078,-52.041099548339844,-2193.55615234375,-2193.556247895758,discharge
32854.085706,42.15034484863281,-51.97105407714844,-2190.597900390625,-2190.597851498751,discharge
32855.315706,42.14942932128906,-52.04973220825195,-2193.866455078125,-2193.8665089037386,discharge
32856.535705999995,42.148799896240234,-52.022457122802734,-2192.68408203125,-2192.68413537975,discharge
32857.755705999996,42.14822769165039,-51.999237060546875,-2191.67578125,-2191.675683420035,discharge
32858.975706,42.14784622192383,-52.00061798095703,-2191.714111328125,-2191.714050106384,discharge
32860.195706,42.147254943847656,-52.00071334838867,-2191.687255859375,-2191.6873227564793,discharge
32861.415706,42.14710235595703,-52.009437561035156,-2192.047119140625,-2192.047088360705,discharge
32862.635706,42.145957946777344,-52.01153564453125,-2192.075927734375,-2192.075994021725,discharge
32863.855706,42.14550018310547,-52.018882751464844,-2192.36181640625,-2192.3618325268035,discharge
32865.085706,42.14460372924805,-52.03833770751953,-2193.135009765625,-2193.135121412197,discharge
32866.305706,42.1441650390625,-51.99542236328125,-2191.3037109375,-2191.303661353886,discharge
32867.525706,42.14332580566406,-52.016639709472656,-2192.154296875,-2192.154194592149,discharge
32868.745706,42.14262008666992,-52.01892852783203,-2192.2138671875,-2192.213942264061,discharge
32869.965705999995,42.142677307128906,-51.90730285644531,-2187.5126953125,-2187.5127141625853,discharge
32871.185706,42.14202880859375,-51.99284362792969,-2191.083984375,-2191.083914008923,discharge
32872.405706,42.14132308959961,-51.95770263671875,-2189.56640625,-2189.5663338073064,discharge
32873.625706,42.14040756225586,-51.97844696044922,-2190.392822265625,-2190.3929393664293,discharge
32874.845706,42.139530181884766,-52.00319290161133,-2191.39013671875,-2191.390116831826,discharge
32876.075705999996,42.13897705078125,-51.98664855957031,-2190.664306640625,-2190.6641905987635,discharge
32877.295706,42.138729095458984,-51.969146728515625,-2189.913818359375,-2189.9137953150785,discharge
32878.515706,42.1375846862793,-52.023170471191406,-2192.130859375,-2192.1307513785723,discharge
32879.735706,42.13735580444336,-51.993560791015625,-2190.87109375,-2190.871170590981,discharge
32880.955706,42.13676452636719,-51.985313415527344,-2190.492919921875,-2190.492910219473,discharge
32882.175706,42.13584899902344,-52.02360153198242,-2192.05859375,-2192.0586185369757,discharge
32883.395705999996,42.13552474975586,-51.99718475341797,-2190.9287109375,-2190.928665095271,discharge
32884.615706,42.13462829589844,-51.963470458984375,-2189.46142578125,-2189.4615127542056,discharge
32885.835706,42.13449478149414,-51.98979187011719,-2190.563720703125,-2190.563614242419,discharge
32887.065706,42.13327407836914,-52.02217102050781,-2191.864501953125,-2191.864389758848,discharge
32888.285705999995,42.13258743286133,-52.007057189941406,-2191.19189453125,-2191.1918841810257,discharge
32889.505705999996,42.1327018737793,-51.980445861816406,-2190.07666015625,-2190.0766287620354,discharge
32890.725706,42.131900787353516,-51.970577239990234,-2189.619140625,-2189.6192041367613,discharge
32891.945706,42.13125228881836,-51.97291564941406,-2189.68408203125,-2189.6840214109397,discharge
32893.165706,42.13020324707031,-51.97591781616211,-2189.756103515625,-2189.7559815479326,discharge
32894.385706,42.129764556884766,-51.99174880981445,-2190.400146484375,-2190.4001362581766,discharge
32895.605706,42.12940216064453,-51.97930145263672,-2189.85693359375,-2189.856894927507,discharge
32896.835706,42.128028869628906,-52.01983642578125,-2191.4931640625,-2191.493170738686,discharge
32898.055706,42.12760925292969,-52.05597686767578,-2192.993896484375,-2192.993852760992,discharge
32899.275706,42.126922607421875,-51.99913787841797,-2190.563720703125,-2190.563657056773,discharge
32900.495706,42.12696075439453,-51.975677490234375,-2189.577392578125,-2189.5773258141708,discharge
32901.715705999995,42.12587356567383,-52.00019073486328,-2190.553466796875,-2190.553460287774,discharge
32902.935706,42.12514877319336,-52.00510025024414,-2190.72265625,-2190.7225850063696,discharge
32904.155706,42.12482452392578,-51.96990966796875,-2189.223388671875,-2189.2233252874576,discharge
32905.375706,42.12364196777344,-52.036476135253906,-2191.9658203125,-2191.9658899860224,discharge
32906.595706,42.123146057128906,-52.02760696411133,-2191.56640625,-2191.5664871521585,discharge
32907.825705999996,42.122230529785156,-52.022457122802734,-2191.302001953125,-2191.3019316525606,discharge
32909.045706,42.122154235839844,-52.032470703125,-2191.7197265625,-2191.7197562288493,discharge
32910.265706,42.12137222290039,-52.00867462158203,-2190.6767578125,-2190.67674255537,discharge
32911.485706,42.1208381652832,-52.04267501831055,-2192.0810546875,-2192.0810921346856,discharge
32912.705706,42.12007522583008,-52.03580856323242,-2191.752197265625,-2191.7521711202426,discharge
32913.925706,42.119388580322266,-51.999759674072266,-2190.197998046875,-2190.1980837956216,discharge
32915.145705999996,42.119140625,-51.978492736816406,-2189.28955078125,-2189.2894450575113,discharge
32916.365706,42.11812973022461,-51.98321533203125,-2189.435791015625,-2189.435807148693,discharge
32917.595706,42.118072509765625,-51.97291564941406,-2188.9990234375,-2188.999029865954,discharge
32918.815706,42.117557525634766,-51.981117248535156,-2189.317626953125,-2189.317695961945,discharge
32920.035705999995,42.11668014526367,-51.96828842163086,-2188.731689453125,-2188.7317811506364,discharge
32921.255705999996,42.11576461791992,-52.02660369873047,-2191.14013671875,-2191.1401952455344,discharge
32922.475706,42.115211486816406,-52.03075408935547,-2191.2861328125,-2191.286212291743,discharge
32923.695706,42.11418151855469,-52.04639434814453,-2191.891357421875,-2191.8912989640376,discharge
32924.915706,42.11383819580078,-51.99408721923828,-2189.670654296875,-2189.6705762893544,discharge
32926.135706,42.11357116699219,-51.997230529785156,-2189.7890625,-2189.789068402606,discharge
32927.355706,42.112770080566406,-51.98640823364258,-2189.291748046875,-2189.2916572578542,discharge
32928.585706,42.11261749267578,-51.97377014160156,-2188.75146484375,-2188.75150162552,discharge
32929.805706,42.11172103881836,-51.963043212890625,-2188.253173828125,-2188.2531801093137,discharge
32931.025706,42.111053466796875,-51.995849609375,-2189.60009765625,-2189.60000295192,discharge
32932.245706,42.11017608642578,-52.0146369934082,-2190.345458984375,-2190.345522863936,discharge
32933.465705999995,42.10966110229492,-51.99413299560547,-2189.455322265625,-2189.4553197525966,discharge
32934.685706,42.1092414855957,-51.992462158203125,-2189.363037109375,-2189.3631444504717,discharge
32935.905706,42.1080207824707,-52.059364318847656,-2192.11669921875,-2192.116794660251,discharge
32937.125706,42.10723876953125,-52.03828811645508,-2191.188720703125,-2191.1886228772346,discharge
32938.355706,42.10683822631836,-52.00376510620117,-2189.714111328125,-2189.7141244862723,discharge
32939.575705999996,42.10653305053711,-51.9866943359375,-2188.9794921875,-2188.9794632443227,discharge
32940.795706,42.10601806640625,-51.98063659667969,-2188.697509765625,-2188.697623643093,discharge
32942.015706,42.10472106933594,-52.031944274902344,-2190.79052734375,-2190.790500389994,discharge
32943.235706,42.104530334472656,-51.991416931152344,-2189.07421875,-2189.074191309919,discharge
32944.455706,42.10365295410156,-52.02460479736328,-2190.426025390625,-2190.425905462471,discharge
32945.675706,42.10329055786133,-52.00023651123047,-2189.381103515625,-2189.3810669098457,discharge
32946.895705999996,42.10264205932617,-52.004241943359375,-2189.515869140625,-2189.5159841078566,discharge
32948.115706,42.10214614868164,-52.010772705078125,-2189.76513671875,-2189.765153735061,discharge
32949.345706,42.10123062133789,-52.004146575927734,-2189.4384765625,-2189.4385682589927,discharge
32950.565706,42.10041046142578,-52.00986862182617,-2189.63671875,-2189.636817023711,discharge
32951.785705999995,42.099552154541016,-52.03876495361328,-2190.80859375,-2190.8086992225435,discharge
32953.005705999996,42.099666595458984,-51.995849609375,-2189.0078125,-2189.0079329023138,discharge
32954.225706,42.09867477416992,-52.0237922668457,-2190.1328125,-2190.1327111609135,discharge
32955.445706,42.098236083984375,-52.0228385925293,-2190.06982421875,-2190.0697408273118,discharge
32956.665706,42.0976448059082,-51.9932746887207,-2188.79443359375,-2188.7944101417816,discharge
32957.885706,42.096614837646484,-52.04005432128906,-2190.710205078125,-2190.710122893506,discharge
32959.115706,42.09596633911133,-52.01782989501953,-2189.74072265625,-2189.740816294361,discharge
32960.335706,42.09510803222656,-52.036094665527344,-2190.465087890625,-2190.465026520542,discharge
32961.555706,42.094573974609375,-52.05769348144531,-2191.346435546875,-2191.34642920224,discharge
32962.775706,42.09388732910156,-52.035667419433594,-2190.383544921875,-2190.3835214482388,discharge
32963.995706,42.09371566772461,-51.984310150146484,-2188.212890625,-2188.2127706430765,discharge
32965.215705999995,42.09310531616211,-51.98063659667969,-2188.0263671875,-2188.0264106651885,discharge
32966.435706,42.092227935791016,-52.05240249633789,-2191.001708984375,-2191.0015904813918,discharge
32967.655706,42.091617584228516,-52.02922821044922,-2189.994384765625,-2189.9943770367827,discharge
32968.875706,42.09108352661133,-52.00218963623047,-2188.82861328125,-2188.8285075452586,discharge
32970.105706,42.090301513671875,-52.027557373046875,-2189.85546875,-2189.855576851405,discharge
32971.325705999996,42.08974838256836,-52.00409698486328,-2188.83935546875,-2188.8393569555774,discharge
32972.545706,42.0890998840332,-52.03423309326172,-2190.073974609375,-2190.0740340513585,discharge
32973.765706,42.08860397338867,-52.01301574707031,-2189.1552734375,-2189.155221240071,discharge
32974.985706,42.08854675292969,-51.99565887451172,-2188.421630859375,-2188.42171948927,discharge
32976.205706,42.087459564208984,-51.9908447265625,-2188.16259765625,-2188.162575138267,discharge
32977.425706,42.085933685302734,-52.108428955078125,-2193.031982421875,-2193.031885448727,discharge
32978.645705999996,42.08616256713867,-52.011680603027344,-2188.971923828125,-2188.972045249102,discharge
32979.875706,42.085533142089844,-52.02484130859375,-2189.4931640625,-2189.493183104787,discharge
32981.095706,42.08484649658203,-51.97257995605469,-2187.258056640625,-2187.2580494818976,discharge
32982.315706,42.08433151245117,-52.01258850097656,-2188.9150390625,-2188.9150172958034,discharge
32983.535705999995,42.08322525024414,-52.03981399536133,-2190.003173828125,-2190.0032143475983,discharge
32984.755705999996,42.082481384277344,-52.02779769897461,-2189.458740234375,-2189.4588281320466,discharge
32985.975706,42.0819091796875,-52.00843811035156,-2188.6142578125,-2188.6143691372126,discharge
32987.195706,42.08162307739258,-52.023651123046875,-2189.23974609375,-2189.2396776698297,discharge
32988.415706,42.08099365234375,-52.02717590332031,-2189.355224609375,-2189.355258936994,discharge
32989.635706,42.08089828491211,-51.969146728515625,-2186.908447265625,-2186.908377436339,discharge
32990.865706,42.0799446105957,-52.01411437988281,-2188.7509765625,-2188.751052074658,discharge
32992.085706,42.07923889160156,-51.99589538574219,-2187.94775390625,-2187.947703319369,discharge
32993.305706,42.07866668701172,-52.020263671875,-2188.943359375,-2188.9433360192925,discharge
32994.525706,42.0777702331543,-52.046775817871094,-2190.01220703125,-2190.012274240871,discharge
32995.745706,42.07714080810547,-51.98931884765625,-2187.56201171875,-2187.5618896703236,discharge
32996.965705999995,42.076683044433594,-51.98512268066406,-2187.361572265625,-2187.361530060298,discharge
32998.185706,42.07603454589844,-51.968910217285156,-2186.645751953125,-2186.6456616151845,discharge
32999.405706,42.07511901855469,-52.04916000366211,-2189.974609375,-2189.9746019698796,discharge
33000.635706,42.07500457763672,-52.01082229614258,-2188.35546875,-2188.355586196849,discharge
33001.855706,42.07435607910156,-51.96065902709961,-2186.211181640625,-2186.211270010972,discharge
33003.075705999996,42.07317352294922,-52.01220703125,-2188.318603515625,-2188.3186117373407,discharge
33004.295706,42.07275390625,-52.0252685546875,-2188.846435546875,-2188.846320807934,discharge
33005.515706,42.07233428955078,-51.96847915649414,-2186.435302734375,-2186.4352275915735,discharge
33006.735706,42.071571350097656,-51.976680755615234,-2186.74072265625,-2186.740632951114,discharge
33007.955706,42.07029342651367,-52.02484130859375,-2188.700439453125,-2188.7003393203486,discharge
33009.175706,42.069950103759766,-52.026031494140625,-2188.732666015625,-2188.73254905513,discharge
33010.395705999996,42.06989288330078,-51.97591781616211,-2186.621337890625,-2186.6212950371846,discharge
33011.625706,42.068538665771484,-52.03075408935547,-2188.85791015625,-2188.8577902172983,discharge
33012.845706,42.067718505859375,-52.0599365234375,-2190.042724609375,-2190.042755100876,discharge
33014.065706,42.06756591796875,-51.9658088684082,-2186.0751953125,-2186.075090052327,discharge
33015.285705999995,42.06645965576172,-52.04100799560547,-2189.180908203125,-2189.1809632923105,discharge
33016.505705999996,42.066497802734375,-51.957366943359375,-2185.66455078125,-2185.664462358691,discharge
33017.725706,42.06512451171875,-52.02307891845703,-2188.357177734375,-2188.357292187866,discharge
33018.945706,42.064971923828125,-52.01740264892578,-2188.110595703125,-2188.1105819775257,discharge
33020.165706,42.064476013183594,-51.999046325683594,-2187.312744140625,-2187.31263687514,discharge
33021.395705999996,42.06317901611328,-52.03480529785156,-2188.749267578125,-2188.74933031213,discharge
33022.615706,42.06275939941406,-52.0496826171875,-2189.353271484375,-2189.3532767426223,discharge
33023.835706,42.06245422363281,-52.02808380126953,-2188.428955078125,-2188.4288932342315,discharge
33025.055706,42.061519622802734,-51.988746643066406,-2186.7255859375,-2186.7256870922574,discharge
33026.275706,42.061214447021484,-51.97763442993164,-2186.242431640625,-2186.242428206242,discharge
33027.495706,42.06016540527344,-52.026512145996094,-2188.24365234375,-2188.243706320063,discharge
33028.715705999995,42.05976486206055,-51.97930145263672,-2186.2373046875,-2186.2371967920626,discharge
33029.935706,42.059593200683594,-52.01234817504883,-2187.6181640625,-2187.6182056548714,discharge
33031.155706,42.058143615722656,-52.01344299316406,-2187.5888671875,-2187.5888553546974,discharge
33032.385706,42.057838439941406,-52.03447341918945,-2188.45751953125,-2188.4574763716955,discharge
33033.605706,42.05728530883789,-52.026893615722656,-2188.10986328125,-2188.1099085290043,discharge
33034.825705999996,42.05680847167969,-52.003814697265625,-2187.114501953125,-2187.1144745196216,discharge
33036.045706,42.05596923828125,-51.97319793701172,-2185.783203125,-2185.7832136540674,discharge
33037.265706,42.055206298828125,-52.005767822265625,-2187.11328125,-2187.1132944943383,discharge
33038.485706,42.054595947265625,-52.013824462890625,-2187.42041015625,-2187.4203714588657,discharge
33039.705706,42.05381393432617,-52.070281982421875,-2189.75390625,-2189.753949996666,discharge
33040.925706,42.05329895019531,-51.99260711669922,-2186.460693359375,-2186.4606502786046,discharge
33042.155706,42.05282211303711,-51.983497619628906,-2186.052734375,-2186.0527782117424,discharge
33043.375706,42.05190658569336,-51.992652893066406,-2186.39013671875,-2186.390182601608,discharge
33044.595706,42.05129623413086,-52.02131271362305,-2187.563720703125,-2187.5636314089206,discharge
33045.815706,42.05038070678711,-52.02326965332031,-2187.598388671875,-2187.598294533964,discharge
33047.035705999995,42.049827575683594,-52.069854736328125,-2189.5283203125,-2189.5284135534894,discharge
33048.255705999996,42.049217224121094,-51.98192596435547,-2185.79931640625,-2185.7992966033635,discharge
33049.475706,42.04862594604492,-52.004669189453125,-2186.724853515625,-2186.7248821951216,discharge
33050.695706,42.04877853393555,-51.964473724365234,-2185.042724609375,-2185.0426472683466,discharge
33051.915706,42.04719543457031,-51.98249816894531,-2185.71826171875,-2185.718259686837,discharge
33053.145705999996,42.046852111816406,-52.00767517089844,-2186.759033203125,-2186.7590265901526,discharge
33054.365706,42.04631805419922,-51.94721221923828,-2184.18896484375,-2184.189006999077,discharge
33055.585706,42.045631408691406,-52.01659393310547,-2187.070556640625,-2187.070535646926,discharge
33056.805706,42.04465866088867,-52.032997131347656,-2187.709716796875,-2187.7096034905117,discharge
33058.025706,42.04450607299805,-52.0355224609375,-2187.807861328125,-2187.807840120513,discharge
33059.245706,42.04315185546875,-52.02374267578125,-2187.2421875,-2187.2421134077013,discharge
33060.465705999995,42.04305648803711,-52.00967788696289,-2186.645751953125,-2186.6458253261953,discharge
33061.685706,42.04254150390625,-52.0085334777832,-2186.571044921875,-2186.570927296998,discharge
33062.915706,42.041778564453125,-52.004478454589844,-2186.36083984375,-2186.3607675477397,discharge
33064.135706,42.041072845458984,-52.001094818115234,-2186.181884765625,-2186.1818152920023,discharge
33065.355706,42.040138244628906,-52.032806396484375,-2187.46630859375,-2187.4663741642144,discharge
33066.575705999996,42.03939437866211,-52.015830993652344,-2186.714111328125,-2186.7140330759867,discharge
33067.795706,42.03889846801758,-52.043006896972656,-2187.83056640625,-2187.830682912172,discharge
33069.015706,42.03857421875,-52.022647857666016,-2186.9580078125,-2186.9579430203885,discharge
33070.235706,42.03845977783203,-51.96514129638672,-2184.534423828125,-2184.5345022375113,discharge
33071.455706,42.036800384521484,-52.011775970458984,-2186.40869140625,-2186.4086441146355,discharge
33072.675706,42.03695297241211,-51.98139953613281,-2185.1396484375,-2185.1396477405797,discharge
33073.905706,42.0359992980957,-52.00104522705078,-2185.916015625,-2185.9159006645496,discharge
33075.125706,42.03508377075195,-52.00519561767578,-2186.042724609375,-2186.042754303344,discharge
33076.345706,42.03453063964844,-52.01921463012695,-2186.603271484375,-2186.6032712205197,discharge
33077.565706,42.03369140625,-52.01020050048828,-2186.1806640625,-2186.1807178147137,discharge
33078.785705999995,42.033233642578125,-52.082298278808594,-2189.1875,-2189.187412195606,discharge
33080.005705999996,42.03227996826172,-52.03723907470703,-2187.243896484375,-2187.2438015634543,discharge
33081.225706,42.03187942504883,-52.01115417480469,-2186.12646484375,-2186.1265610330156,discharge
33082.445706,42.031803131103516,-51.97978210449219,-2184.803955078125,-2184.803968213673,discharge
33083.675706,42.03025817871094,-52.01845169067383,-2186.348876953125,-2186.3489546158235,discharge
33084.895705999996,42.03012466430664,-51.98493194580078,-2184.93310546875,-2184.9331703475036,discharge
33086.115706,42.029457092285156,-52.013587951660156,-2186.102783203125,-2186.1028630301007,discharge
33087.335706,42.02863693237305,-51.991416931152344,-2185.12841796875,-2185.1283857990347,discharge
33088.555706,42.02781677246094,-52.020118713378906,-2186.2919921875,-2186.292017767555,discharge
33089.775706,42.02735900878906,-52.007389068603516,-2185.733154296875,-2185.733211495972,discharge
33090.995706,42.02667236328125,-52.02522277832031,-2186.447021484375,-2186.4469923311844,discharge
33092.215705999995,42.02566146850586,-52.066612243652344,-2188.1337890625,-2188.1338199636957,discharge
33093.435706,42.025489807128906,-52.00801086425781,-2185.662109375,-2185.662130464916,discharge
33094.665706,42.0246696472168,-52.01020050048828,-2185.71142578125,-2185.7114943185297,discharge
33095.885706,42.02434539794922,-51.98631286621094,-2184.690673828125,-2184.6907678555,discharge
33097.105706,42.02348709106445,-52.00672149658203,-2185.50390625,-2185.503789460199,discharge
33098.325705999996,42.02322006225586,-51.997711181640625,-2185.111328125,-2185.111259719706,discharge
33099.545706,42.02220916748047,-51.9947509765625,-2184.934326171875,-2184.9343011481687,discharge
33100.765706,42.02150344848633,-51.98259353637695,-2184.38671875,-2184.3867335501272,discharge
33101.985706,42.02068328857422,-52.009727478027344,-2185.484375,-2185.484286279243,discharge
33103.205706,42.019996643066406,-52.019073486328125,-2185.84130859375,-2185.8412932709325,discharge
33104.425706,42.01946258544922,-52.032135009765625,-2186.3623046875,-2186.362350283889,discharge
33105.655706,42.018585205078125,-52.045440673828125,-2186.875732421875,-2186.8757834890857,discharge
33106.875706,42.01820373535156,-52.01049041748047,-2185.387451171875,-2185.3873827372445,discharge
33108.095706,42.017669677734375,-52.03371047973633,-2186.335205078125,-2186.3352590444265,discharge
33109.315706,42.01713562011719,-52.029273986816406,-2186.12109375,-2186.1210613203,discharge
33110.535705999995,42.01642990112305,-51.97916030883789,-2183.978759765625,-2183.9787454355246,discharge
33111.755705999996,42.01526641845703,-52.052974700927734,-2187.01953125,-2187.0195999326825,discharge
33112.975706,42.01580047607422,-51.96556854248047,-2183.375,-2183.3749595066183,discharge
33114.195706,42.01372146606445,-52.037811279296875,-2186.302001953125,-2186.302108792006,discharge
33115.425706,42.01387405395508,-51.965858459472656,-2183.287109375,-2183.2870324219402,discharge
33116.645705999996,42.01305389404297,-52.017547607421875,-2185.416015625,-2185.416031066561,discharge
33117.865706,42.012062072753906,-52.03981399536133,-2186.2998046875,-2186.2998958276876,discharge
33119.085706,42.01101303100586,-52.066898345947266,-2187.383056640625,-2187.383144895648,discharge
33120.305706,42.01120376586914,-52.049110412597656,-2186.645751953125,-2186.6457833758614,discharge
33121.525706,42.010135650634766,-52.03428268432617,-2185.96728515625,-2185.967274052018,discharge
33122.745706,42.009544372558594,-52.014686584472656,-2185.11328125,-2185.1132840951323,discharge
33123.965705999995,42.008705139160156,-52.029754638671875,-2185.70263671875,-2185.702621078817,discharge
33125.185706,42.008609771728516,-51.96084976196289,-2182.802978515625,-2182.8030610577116,discharge
33126.415706,42.00796127319336,-52.00190734863281,-2184.494140625,-2184.4941100335564,discharge
33127.635706,42.00754165649414,-51.986167907714844,-2183.81103515625,-2183.81111394483,discharge
33128.855706,42.00664520263672,-51.981258392333984,-2183.558349609375,-2183.558278473356,discharge
33130.075705999996,42.00593948364258,-52.012779235839844,-2184.845703125,-2184.8456569567497,discharge
33131.295706,42.00523376464844,-52.007484436035156,-2184.58642578125,-2184.586541246972,discharge
33132.515706,42.00441360473633,-52.004859924316406,-2184.43359375,-2184.433645717363,discharge
33133.735706,42.00380325317383,-52.01191711425781,-2184.6982421875,-2184.69833328767,discharge
33134.955706,42.00357437133789,-52.01911926269531,-2184.989013671875,-2184.988944682118,discharge
33136.185706,42.002830505371094,-51.980735778808594,-2183.338134765625,-2183.3380344617763,discharge
33137.405706,42.00172424316406,-52.02779769897461,-2185.25732421875,-2185.2572119314573,discharge
33138.625706,42.0012092590332,-52.0512580871582,-2186.2158203125,-2186.215783114676,discharge
33139.845706,42.00019836425781,-52.010108947753906,-2184.434814453125,-2184.4348927523242,discharge
33141.065706,41.9999885559082,-51.98845672607422,-2183.5146484375,-2183.514587534446,discharge
33142.285705999995,41.999053955078125,-52.00023651123047,-2183.960693359375,-2183.960738911992,discharge
33143.505705999996,41.99882507324219,-51.98202133178711,-2183.183837890625,-2183.1838208672707,discharge
33144.725706,41.997432708740234,-52.071998596191406,-2186.89013671875,-2186.8902570531645,discharge
33145.945706,41.99737548828125,-52.001190185546875,-2183.91357421875,-2183.913510059938,discharge
33147.175706,41.99657440185547,-51.98512268066406,-2183.197021484375,-2183.1970724480925,discharge
33148.395705999996,41.99583053588867,-51.9780158996582,-2182.85986328125,-2182.859947313773,discharge
33149.615706,41.99583053588867,-51.99928283691406,-2183.753173828125,-2183.7530700067873,discharge
33150.835706,41.994361877441406,-52.00977325439453,-2184.1171875,-2184.1172392087174,discharge
33152.055706,41.993408203125,-52.029754638671875,-2184.90673828125,-2184.9067252501845,discharge
33153.275706,41.99369430541992,-51.97896957397461,-2182.7890625,-2182.788958600213,discharge
33154.495706,41.99256896972656,-52.039573669433594,-2185.275390625,-2185.2753864688566,discharge
33155.715705999995,41.99186325073242,-52.04763412475586,-2185.5771484375,-2185.5771346909023,discharge
33156.945706,41.991825103759766,-51.96814727783203,-2182.2373046875,-2182.237351457152,discharge
33158.165706,41.99043273925781,-52.02727508544922,-2184.647705078125,-2184.647795082419,discharge
33159.385706,41.990509033203125,-51.978111267089844,-2182.58740234375,-2182.587350689573,discharge
33160.605706,41.989402770996094,-51.99480056762695,-2183.230712890625,-2183.2306230317045,discharge
33161.825705999996,41.98841094970703,-52.07414627075195,-2186.5107421875,-2186.510653471487,discharge
33163.045706,41.98768615722656,-52.02861022949219,-2184.56103515625,-2184.5609575125854,discharge
33164.265706,41.987552642822266,-51.98955535888672,-2182.914306640625,-2182.9141925081785,discharge
33165.485706,41.98661804199219,-52.001380920410156,-2183.362060546875,-2183.3621183614014,discharge
33166.705706,41.98637008666992,-52.00462341308594,-2183.4853515625,-2183.4853648397257,discharge
33167.935706,41.985435485839844,-51.99065399169922,-2182.850341796875,-2182.8502490351093,discharge
33169.155706,41.984901428222656,-51.96704864501953,-2181.831298828125,-2181.8314148767968,discharge
33170.375706,41.984291076660156,-51.97439193725586,-2182.10791015625,-2182.1079996261687,discharge
33171.595706,41.98352813720703,-52.00428771972656,-2183.323486328125,-2183.32347673655,discharge
33172.815706,41.98219299316406,-52.045440673828125,-2184.981689453125,-2184.981734782923,discharge
33174.035705999995,41.98249816894531,-52.03327941894531,-2184.487060546875,-2184.4870579300914,discharge
33175.255705999996,41.98179244995117,-52.00700759887695,-2183.347412109375,-2183.3473989590857,discharge
33176.475706,41.98057174682617,-51.99150848388672,-2182.63330078125,-2182.633252133528,discharge
33177.705706,41.980018615722656,-52.000953674316406,-2183.0009765625,-2183.001003283134,discharge
33178.925706,41.97946548461914,-51.98340606689453,-2182.235595703125,-2182.23560075814,discharge
33180.145705999996,41.97885513305664,-52.043487548828125,-2184.72607421875,-2184.726024431293,discharge
33181.365706,41.97824478149414,-51.96332931518555,-2181.329345703125,-2181.329357654249,discharge
33182.585706,41.97671890258789,-52.06694793701172,-2185.599609375,-2185.5996376676194,discharge
33183.805706,41.976261138916016,-52.008628845214844,-2183.127685546875,-2183.1277858836984,discharge
33185.025706,41.97540283203125,-52.050636291503906,-2184.846435546875,-2184.8464259994216,discharge
33186.245706,41.975460052490234,-52.01115417480469,-2183.192138671875,-2183.192124348425,discharge
33187.465705999995,41.97471618652344,-52.05054473876953,-2184.806884765625,-2184.806842763792,discharge
33188.695706,41.974124908447266,-51.999759674072266,-2182.644287109375,-2182.6444077687484,discharge
33189.915706,41.97319030761719,-51.99065399169922,-2182.213623046875,-2182.2136142110685,discharge
33191.135706,41.97294235229492,-51.997947692871094,-2182.5068359375,-2182.506860950525,discharge
33192.355706,41.97202682495117,-52.00572204589844,-2182.78564453125,-2182.7855607614038,discharge
33193.575705999996,41.971492767333984,-51.9862174987793,-2181.939208984375,-2181.9391517510667,discharge
33194.795706,41.97084426879883,-52.02812957763672,-2183.66455078125,-2183.664524099877,discharge
33196.015706,41.97002410888672,-52.01311111450195,-2182.991455078125,-2182.9915274538507,discharge
33197.235706,41.96968078613281,-51.974632263183594,-2181.358642578125,-2181.358725062455,discharge
33198.465705999995,41.96878433227539,-52.03623962402344,-2183.897705078125,-2183.8977182432427,discharge
33199.685706,41.96794509887695,-51.9927978515625,-2182.031005859375,-2182.0308857713826,discharge
33200.905706,41.967201232910156,-52.038047790527344,-2183.89111328125,-2183.891223392857,discharge
33202.125706,41.966304779052734,-52.068946838378906,-2185.141357421875,-2185.1412925437035,discharge
33203.345706,41.965904235839844,-52.01253890991211,-2182.753173828125,-2182.7532269562653,discharge
33204.565706,41.9654655456543,-52.01911926269531,-2183.006591796875,-2183.006557133922,discharge
33205.785705999995,41.9645881652832,-52.01544952392578,-2182.806884765625,-2182.8069175036217,discharge
33207.005705999996,41.96382522583008,-52.011680603027344,-2182.609130859375,-2182.609074527136,discharge
33208.225706,41.96310043334961,-52.062652587890625,-2184.710205078125,-2184.7103193722432,discharge
33209.455706,41.962223052978516,-51.998374938964844,-2181.967529296875,-2181.967407581251,discharge
33210.675706,41.962223052978516,-52.009727478027344,-2182.44384765625,-2182.443785357609,discharge
33211.895705999996,41.96147918701172,-51.98659896850586,-2181.4345703125,-2181.4345906204835,discharge
33213.115706,41.96062088012695,-52.03380584716797,-2183.370849609375,-2183.370800103148,discharge
33214.335706,41.96001052856445,-51.97563171386719,-2180.89794921875,-2180.8980539426557,discharge
33215.555706,41.95955276489258,-51.96709442138672,-2180.51611328125,-2180.5160404123308,discharge
33216.775706,41.958465576171875,-52.00123596191406,-2181.89208984375,-2181.892069026362,discharge
33217.995706,41.95779800415039,-52.009246826171875,-2182.193359375,-2182.1934726805193,discharge
33219.225706,41.95732116699219,-51.95946502685547,-2180.080078125,-2180.0799617968732,discharge
33220.445706,41.95646286010742,-52.017974853515625,-2182.490234375,-2182.49022999953,discharge
33221.665706,41.956233978271484,-52.00653076171875,-2181.998291015625,-2181.9981730368454,discharge
33222.885706,41.955108642578125,-52.01740264892578,-2182.395751953125,-2182.3957794404123,discharge
33224.105706,41.9549560546875,-51.975250244140625,-2180.619384765625,-2180.6193399243057,discharge
33225.325705999996,41.95455551147461,-51.99556350708008,-2181.45068359375,-2181.4507555081946,discharge
33226.545706,41.953468322753906,-51.97014617919922,-2180.327880859375,-2180.3278814579244,discharge
33227.765706,41.9529914855957,-51.941776275634766,-2179.11279296875,-2179.112897838422,discharge
33228.985706,41.9512939453125,-52.01287078857422,-2182.00732421875,-2182.007231391035,discharge
33230.215705999995,41.95091247558594,-52.034332275390625,-2182.8876953125,-2182.8877190104686,discharge
33231.435706,41.950740814208984,-52.01335144042969,-2181.99853515625,-2181.9986251558294,discharge
33232.655706,41.94995880126953,-52.00910568237305,-2181.77978515625,-2181.7798406664224,discharge
33233.875706,41.94927215576172,-51.96847915649414,-2180.039794921875,-2180.039875656803,discharge
33235.095706,41.94801330566406,-52.049110412597656,-2183.356689453125,-2183.3567761356244,discharge
33236.315706,41.9482421875,-51.984169006347656,-2180.64453125,-2180.6445113942027,discharge
33237.535705999995,41.946754455566406,-52.03399658203125,-2182.6572265625,-2182.6572779682465,discharge
33238.755705999996,41.94679260253906,-52.001953125,-2181.315185546875,-2181.315142661333,discharge
33239.985706,41.94602966308594,-52.004241943359375,-2181.37158203125,-2181.37147516245,discharge
33241.205706,41.9451904296875,-52.004337310791016,-2181.331787109375,-2181.331831670832,discharge
33242.425706,41.944580078125,-52.00505065917969,-2181.330078125,-2181.3300118409097,discharge
33243.645705999996,41.944026947021484,-51.969242095947266,-2179.79931640625,-2179.7992908886954,discharge
33244.865706,41.943359375,-51.97172164916992,-2179.86865234375,-2179.8685984686017,discharge
33246.085706,41.94242477416992,-51.99971008300781,-2180.993896484375,-2180.9939284352004,discharge
33247.305706,41.94183349609375,-51.986549377441406,-2180.4111328125,-2180.4111980251037,discharge
33248.525706,41.94143295288086,-51.946258544921875,-2178.700439453125,-2178.7005199148552,discharge
33249.745706,41.94002151489258,-52.01964569091797,-2181.705078125,-2181.7050594741886,discharge
33250.975706,41.93971633911133,-52.04768371582031,-2182.864990234375,-2182.8650911492878,discharge
33252.195706,41.938934326171875,-52.0618896484375,-2183.420166015625,-2183.4201708622277,discharge
33253.415706,41.937808990478516,-52.07438659667969,-2183.8857421875,-2183.8856783878873,discharge
33254.635706,41.93765640258789,-52.07223892211914,-2183.78759765625,-2183.787664029296,discharge
33255.855706,41.93733215332031,-51.985504150390625,-2180.13330078125,-2180.1333547127433,discharge
33257.075705999996,41.93626403808594,-52.02660369873047,-2181.80126953125,-2181.8013897148194,discharge
33258.295706,41.9354248046875,-52.03337860107422,-2182.041748046875,-2182.0418356591836,discharge
33259.515706,41.935386657714844,-51.96013641357422,-2178.968505859375,-2178.9684112908435,discharge
33260.745706,41.934452056884766,-51.9740104675293,-2179.501708984375,-2179.5016501546343,discharge
33261.965705999995,41.933956146240234,-51.96952819824219,-2179.287841796875,-2179.287916405883,discharge
33263.185706,41.93279266357422,-52.032997131347656,-2181.888916015625,-2181.8888803731534,discharge
33264.405706,41.93197250366211,-51.99241638183594,-2180.14453125,-2180.144574122096,discharge
33265.625706,41.9312858581543,-52.080440521240234,-2183.7998046875,-2183.7998391147266,discharge
33266.845706,41.93082809448242,-52.02117156982422,-2181.290771484375,-2181.2908023678756,discharge
33268.065706,41.93016052246094,-52.019500732421875,-2181.18603515625,-2181.1860160087235,discharge
33269.285705999995,41.929168701171875,-52.020835876464844,-2181.1904296875,-2181.1904034402687,discharge
33270.505705999996,41.92882537841797,-51.98345184326172,-2179.60498046875,-2179.6050749035203,discharge
33271.735706,41.92817687988281,-51.955509185791016,-2178.399658203125,-2178.399779026222,discharge
33272.955706,41.92710876464844,-52.04029083251953,-2181.89892578125,-2181.8989338789834,discharge
33274.175706,41.92678451538086,-52.021644592285156,-2181.100341796875,-2181.1002829564677,discharge
33275.395705999996,41.926231384277344,-52.036476135253906,-2181.693359375,-2181.6933388690813,discharge
33276.615706,41.92527770996094,-52.01325225830078,-2180.670166015625,-2180.670045527513,discharge
33277.835706,41.92493438720703,-51.97439193725586,-2179.02294921875,-2179.022971784434,discharge
33279.055706,41.92380905151367,-52.02512741088867,-2181.091552734375,-2181.0915074547665,discharge
33280.275706,41.92350387573242,-51.998374938964844,-2179.9541015625,-2179.9540732854803,discharge
33281.505705999996,41.922607421875,-51.984500885009766,-2179.325927734375,-2179.325822624378,discharge
33282.725706,41.92182540893555,-52.03728485107422,-2181.498046875,-2181.49797028178,discharge
33283.945706,41.9215202331543,-52.01711654663086,-2180.63671875,-2180.6366037799307,discharge
33285.165706,41.92060470581055,-52.039146423339844,-2181.512451171875,-2181.5124864406243,discharge
33286.385706,41.9202995300293,-51.93915557861328,-2177.304931640625,-2177.304959192261,discharge
33287.605706,41.919403076171875,-52.01234817504883,-2180.32666015625,-2180.3265880880645,discharge
33288.825705999996,41.91884994506836,-52.07476806640625,-2182.914306640625,-2182.914388499921,discharge
33290.045706,41.9178581237793,-51.96461486816406,-2178.245361328125,-2178.2453535005334,discharge
33291.265706,41.91755294799805,-51.97906494140625,-2178.835205078125,-2178.8352068688255,discharge
33292.495706,41.91673278808594,-51.995513916015625,-2179.482177734375,-2179.482062996831,discharge
33293.715705999995,41.91598892211914,-52.01268005371094,-2180.162841796875,-2180.162920941075,discharge
33294.935706,41.91535949707031,-51.99675750732422,-2179.462890625,-2179.4627836014843,discharge
33296.155706,41.914405822753906,-52.008819580078125,-2179.918701171875,-2179.918770241784,discharge
33297.375706,41.91368103027344,-52.04267501831055,-2181.300048828125,-2181.300080679648,discharge
33298.595706,41.91307067871094,-52.03929138183594,-2181.12646484375,-2181.1264977569226,discharge
33299.815706,41.91265106201172,-52.00366973876953,-2179.611572265625,-2179.6116637051455,discharge
33301.035705999995,41.912288665771484,-52.00438690185547,-2179.622802734375,-2179.622875717032,discharge
33302.255705999996,41.9108772277832,-52.054595947265625,-2181.65380859375,-2181.6537798877107,discharge
33303.485706,41.91020965576172,-52.035858154296875,-2180.833740234375,-2180.83372486406,discharge
33304.705706,41.90940856933594,-52.06718444824219,-2182.10498046875,-2182.104906096356,discharge
33305.925706,41.90895080566406,-52.02789306640625,-2180.434326171875,-2180.43441104237,discharge
33307.145705999996,41.90839767456055,-52.00114440917969,-2179.28466796875,-2179.284639432153,discharge
33308.365706,41.907615661621094,-52.035667419433594,-2180.690673828125,-2180.6907509095618,discharge
33309.585706,41.90717697143555,-52.01091766357422,-2179.630615234375,-2179.630730974168,discharge
33310.805706,41.9062614440918,-52.01153564453125,-2179.609130859375,-2179.609010828426,discharge
33312.025706,41.90563201904297,-52.00676727294922,-2179.37646484375,-2179.3764518402168,discharge
33313.255705999996,41.905250549316406,-51.97357940673828,-2177.9658203125,-2177.965866984159,discharge
33314.475706,41.904258728027344,-51.95417404174805,-2177.10107421875,-2177.1011510463723,discharge
33315.695706,41.903629302978516,-52.00233459472656,-2179.086669921875,-2179.0865517468774,discharge
33316.915706,41.90298080444336,-52.01845169067383,-2179.728271484375,-2179.7281826711696,discharge
33318.135706,41.90195083618164,-51.99713897705078,-2178.781494140625,-2178.781561038486,discharge
33319.355706,41.90153121948242,-51.974151611328125,-2177.796630859375,-2177.796536348178,discharge
33320.575705999996,41.90044403076172,-52.018402099609375,-2179.59423828125,-2179.5941457443405,discharge
33321.795706,41.899986267089844,-52.016258239746094,-2179.48046875,-2179.4805059107603,discharge
33323.015706,41.89973831176758,-52.01225280761719,-2179.2998046875,-2179.2997816446587,discharge
33324.245706,41.89840316772461,-52.048255920410156,-2180.73876953125,-2180.738810730254,discharge
33325.465705999995,41.89781188964844,-52.03938293457031,-2180.336181640625,-2180.336277046008,discharge
33326.685706,41.89706802368164,-52.02798843383789,-2179.820068359375,-2179.8201705478277,discharge
33327.905706,41.896820068359375,-52.03237533569336,-2179.990966796875,-2179.991067168885,discharge
33329.125706,41.8956184387207,-52.03509521484375,-2180.04248046875,-2180.0424945435952,discharge
33330.345706,41.89523696899414,-51.97071838378906,-2177.32568359375,-2177.325562137703,discharge
33331.565706,41.89441680908203,-52.01049041748047,-2178.94921875,-2178.9491639946937,discharge
33332.785705999995,41.89390182495117,-51.996849060058594,-2178.350830078125,-2178.3508897288993,discharge
33334.015706,41.8939208984375,-51.98273468017578,-2177.760498046875,-2177.760574775748,discharge
33335.235706,41.89268112182617,-52.009437561035156,-2178.814697265625,-2178.8147830699745,discharge
33336.455706,41.891937255859375,-52.015350341796875,-2179.023681640625,-2179.023792860098,discharge
33337.675706,41.89096450805664,-51.999900817871094,-2178.325927734375,-2178.3259995839035,discharge
33338.895705999996,41.890602111816406,-51.999759674072266,-2178.30126953125,-2178.3012424166373,discharge
33340.115706,41.889591217041016,-52.008914947509766,-2178.632080078125,-2178.6321867930383,discharge
33341.335706,41.88905715942383,-52.047157287597656,-2180.206298828125,-2180.2063466057007,discharge
33342.555706,41.8882942199707,-52.03471374511719,-2179.6455078125,-2179.6453990074224,discharge
33343.775706,41.88772201538086,-52.001617431640625,-2178.229248046875,-2178.229295326746,discharge
33345.005705999996,41.886863708496094,-52.03733444213867,-2179.6806640625,-2179.680735531292,discharge
33346.225706,41.886348724365234,-52.01640319824219,-2178.777099609375,-2178.7772037487593,discharge
33347.445706,41.88520431518555,-52.04071807861328,-2179.736083984375,-2179.7361094316875,discharge
33348.665706,41.88488006591797,-52.04596710205078,-2179.939208984375,-2179.939089984109,discharge
33349.885706,41.88407897949219,-52.0252685546875,-2179.030517578125,-2179.0304570738226,discharge
33351.105706,41.883544921875,-52.038002014160156,-2179.535888671875,-2179.5359950046986,discharge
33352.325705999996,41.8830680847168,-52.048683166503906,-2179.95849609375,-2179.958540782536,discharge
33353.545706,41.882171630859375,-52.00953674316406,-2178.2724609375,-2178.272344318684,discharge
33354.775706,41.88138961791992,-52.010154724121094,-2178.257568359375,-2178.257554089214,discharge
33355.995706,41.88016891479492,-52.07038116455078,-2180.71630859375,-2180.7163586291426,discharge
33357.215705999995,41.87986373901367,-52.00896453857422,-2178.12841796875,-2178.1283480826824,discharge
33358.435706,41.879425048828125,-52.0244140625,-2178.75244140625,-2178.7525494396687,discharge
33359.655706,41.87833786010742,-52.02202606201172,-2178.595947265625,-2178.5959835922404,discharge
33360.875706,41.87746047973633,-52.018402099609375,-2178.398681640625,-2178.398578145425,discharge
33362.095706,41.87660217285156,-52.02341079711914,-2178.563720703125,-2178.563677625789,discharge
33363.315706,41.87671661376953,-52.00080871582031,-2177.623046875,-2177.623130279244,discharge
33364.535705999995,41.875762939453125,-52.00524139404297,-2177.75927734375,-2177.759160225978,discharge
33365.765706,41.87482833862305,-52.00376510620117,-2177.648681640625,-2177.648736784249,discharge
33366.985706,41.874122619628906,-52.052452087402344,-2179.65087890625,-2179.6507613602444,discharge
33368.205706,41.87337875366211,-52.027320861816406,-2178.559814453125,-2178.5597119851445,discharge
33369.425706,41.87284469604492,-51.987884521484375,-2176.880615234375,-2176.880614644033,discharge
33370.645705999996,41.87232971191406,-51.98802947998047,-2176.85986328125,-2176.8599114584504,discharge
33371.865706,41.87145233154297,-51.99460983276367,-2177.08984375,-2177.0898271097394,discharge
33373.085706,41.87065124511719,-51.99809265136719,-2177.194091796875,-2177.1940028166864,discharge
33374.305706,41.870365142822266,-51.996185302734375,-2177.099365234375,-2177.0992646593368,discharge
33375.535705999995,41.86958312988281,-51.96876525878906,-2175.91064453125,-2175.9105371602345,discharge
33376.755705999996,41.868629455566406,-52.00981903076172,-2177.579833984375,-2177.5798410500283,discharge
33377.975706,41.86796188354492,-51.994850158691406,-2176.91845703125,-2176.9184045847214,discharge
33379.195706,41.86746597290039,-51.949214935302734,-2174.98193359375,-2174.981988622676,discharge
33380.415706,41.86677932739258,-52.01496887207031,-2177.69921875,-2177.699223488162,discharge
33381.635706,41.86544418334961,-52.025508880615234,-2178.071044921875,-2178.0710381517565,discharge
33382.855706,41.864986419677734,-51.990081787109375,-2176.56396484375,-2176.5640679752687,discharge
33384.075705999996,41.864070892333984,-52.007057189941406,-2177.22705078125,-2177.227129101375,discharge
33385.295706,41.86380386352539,-52.00047302246094,-2176.9375,-2176.937603422848,discharge
33386.525706,41.86296463012695,-52.025699615478516,-2177.949951171875,-2177.9500228603865,discharge
33387.745706,41.86262130737305,-51.975677490234375,-2175.838134765625,-2175.838103967835,discharge
33388.965705999995,41.86138153076172,-52.00981903076172,-2177.202880859375,-2177.202877792588,discharge
33390.185706,41.860694885253906,-51.99699401855469,-2176.63037109375,-2176.63030156109,discharge
33391.405706,41.86014175415039,-51.992652893066406,-2176.419921875,-2176.419820278097,discharge
33392.625706,41.859588623046875,-51.98526382446289,-2176.081787109375,-2176.081758152577,discharge
33393.845706,41.85895919799805,-51.98163986206055,-2175.8974609375,-2175.8973420310213,discharge
33395.065706,41.85808181762695,-52.01683044433594,-2177.32470703125,-2177.3247446326423,discharge
33396.295706,41.85737609863281,-52.014015197753906,-2177.170166015625,-2177.170196532388,discharge
33397.515706,41.856842041015625,-51.983116149902344,-2175.84912109375,-2175.8490814862307,discharge
33398.735706,41.855735778808594,-52.03623962402344,-2178.01513671875,-2178.0150966258952,discharge
33399.955706,41.85525894165039,-52.01964569091797,-2177.295654296875,-2177.2957404462795,discharge
33401.175706,41.85464859008789,-51.98822021484375,-2175.94873046875,-2175.9486879163887,discharge
33402.395705999996,41.853675842285156,-52.015350341796875,-2177.03369140625,-2177.033612028463,discharge
33403.615706,41.8531608581543,-51.98950958251953,-2175.92529296875,-2175.925307493744,discharge
33404.835706,41.85249328613281,-51.99675750732422,-2176.19384765625,-2176.193944475963,discharge
33406.055706,41.85190200805664,-52.01335144042969,-2176.857666015625,-2176.857687595475,discharge
33407.285705999995,41.851043701171875,-51.9581298828125,-2174.501953125,-2174.5019643567502,discharge
33408.505705999996,41.84980392456055,-52.045249938964844,-2178.08349609375,-2178.0835051504255,discharge
33409.725706,41.84986114501953,-51.95608139038086,-2174.354736328125,-2174.3547918267723,discharge
33410.945706,41.84919357299805,-51.97234344482422,-2175.000732421875,-2175.000661264785,discharge
33412.165706,41.84825897216797,-51.993988037109375,-2175.85791015625,-2175.8578763727564,discharge
33413.385706,41.84762954711914,-51.96356964111328,-2174.55224609375,-2174.5522122872353,discharge
33414.605706,41.847286224365234,-51.99880599975586,-2176.009033203125,-2176.0089179970237,discharge
33415.825705999996,41.84591293334961,-52.01564025878906,-2176.641845703125,-2176.641953441722,discharge
33417.055706,41.84492111206055,-52.004241943359375,-2176.11328125,-2176.1134016123833,discharge
33418.275706,41.8446159362793,-52.05106735229492,-2178.056884765625,-2178.056922430187,discharge
33419.495706,41.843814849853516,-51.98235321044922,-2175.139892578125,-2175.1399631977256,discharge
33420.715705999995,41.84305191040039,-52.04133987426758,-2177.568603515625,-2177.568485845768,discharge
33421.935706,41.842498779296875,-51.96881103515625,-2174.5048828125,-2174.5049123000354,discharge
33423.155706,41.84152603149414,-52.067901611328125,-2178.600341796875,-2178.6004606756615,discharge
33424.375706,41.84101104736328,-51.99055480957031,-2175.33740234375,-2175.3373781457776,discharge
33425.595706,41.84061050415039,-52.004669189453125,-2175.9072265625,-2175.9071079530986,discharge
33426.815706,41.83942794799805,-51.99775695800781,-2175.556396484375,-2175.556405702082,discharge
33428.045706,41.838722229003906,-52.05230712890625,-2177.802001953125,-2177.8020193451084,discharge
33429.265706,41.83856964111328,-51.98392868041992,-2174.93310546875,-2174.933220314415,discharge
33430.485706,41.83748245239258,-52.027748107910156,-2176.7099609375,-2176.7099985021923,discharge
33431.705706,41.83673858642578,-51.9740104675293,-2174.423095703125,-2174.4230892181804,discharge
33432.925706,41.83605194091797,-51.95913314819336,-2173.764892578125,-2173.76499319289,discharge
33434.145705999996,41.83574676513672,-51.957557678222656,-2173.68310546875,-2173.683225561108,discharge
33435.365706,41.83479309082031,-51.969337463378906,-2174.12646484375,-2174.126479847473,discharge
33436.585706,41.833648681640625,-51.977203369140625,-2174.39599609375,-2174.3960651988164,discharge
33437.815706,41.83317184448242,-51.982643127441406,-2174.598876953125,-2174.5988428806595,discharge
33439.035705999995,41.83246612548828,-51.961517333984375,-2173.678466796875,-2173.6784137028735,discharge
33440.255705999996,41.8316650390625,-52.00476837158203,-2175.446044921875,-2175.4460509540513,discharge
33441.475706,41.83088302612305,-51.99146270751953,-2174.848876953125,-2174.848794875288,discharge
33442.695706,41.830692291259766,-51.97510528564453,-2174.154541015625,-2174.1546360096254,discharge
33443.915706,41.82939529418945,-52.01244354248047,-2175.649169921875,-2175.649061155127,discharge
33445.135706,41.828956604003906,-52.021263122558594,-2175.9951171875,-2175.995157638972,discharge
33446.355706,41.82823181152344,-51.986122131347656,-2174.487548828125,-2174.4875674921786,discharge
33447.575705999996,41.827144622802734,-52.02655792236328,-2176.122314453125,-2176.1223624453123,discharge
33448.805706,41.826171875,-52.033424377441406,-2176.35888671875,-2176.358951255679,discharge
33450.025706,41.825714111328125,-52.017784118652344,-2175.680908203125,-2175.6809672515374,discharge
33451.245706,41.824913024902344,-52.036380767822266,-2176.4169921875,-2176.4170997448673,discharge
33452.465705999995,41.82413101196289,-52.00324249267578,-2174.990478515625,-2174.9904270605475,discharge
33453.685706,41.82342529296875,-52.01258850097656,-2175.3447265625,-2175.3446094645187,discharge
33454.905706,41.823062896728516,-51.957557678222656,-2173.024169921875,-2173.024202736706,discharge
33456.125706,41.82197570800781,-52.02445983886719,-2175.765625,-2175.7656956033316,discharge
33457.345706,41.8212890625,-52.00214385986328,-2174.796630859375,-2174.796690233052,discharge
33458.575705999996,41.82037353515625,-52.04916000366211,-2176.71533203125,-2176.715313544264,discharge
33459.795706,41.81924819946289,-52.04444122314453,-2176.45947265625,-2176.459404913039,discharge
33461.015706,41.81882858276367,-52.03547668457031,-2176.062744140625,-2176.0626796944416,discharge
33462.235706,41.818885803222656,-51.99456024169922,-2174.3544921875,-2174.3545771364006,discharge
33463.455706,41.81770324707031,-51.98335647583008,-2173.824462890625,-2173.824574892933,discharge
33464.675706,41.81711196899414,-52.011775970458984,-2174.982177734375,-2174.9822594629222,discharge
33465.895705999996,41.81610107421875,-52.04558563232422,-2176.343505859375,-2176.3434692681767,discharge
33467.115706,41.81568145751953,-51.97467803955078,-2173.356689453125,-2173.356580758991,discharge
33468.335706,41.81467056274414,-52.044151306152344,-2176.208984375,-2176.2090415843704,discharge
33469.565706,41.81406021118164,-52.06532287597656,-2177.0625,-2177.062545650697,discharge
33470.785705999995,41.8133544921875,-52.00457763671875,-2174.48583984375,-2174.4858399406075,discharge
33472.005705999996,41.81282043457031,-52.00033187866211,-2174.280517578125,-2174.280539380561,discharge
33473.225706,41.812095642089844,-51.98822021484375,-2173.736328125,-2173.7364358850755,discharge
33474.445706,41.81123733520508,-51.96971893310547,-2172.918212890625,-2172.9182525559736,discharge
33475.665706,41.81049346923828,-52.006385803222656,-2174.41259765625,-2174.4126539843273,discharge
33476.885706,41.80988311767578,-51.99594497680664,-2173.9443359375,-2173.944382073387,discharge
33478.105706,41.809043884277344,-52.04253387451172,-2175.8486328125,-2175.8485826084507,discharge
33479.335706,41.80818557739258,-52.04133987426758,-2175.75390625,-2175.753995159539,discharge
33480.555706,41.80753707885742,-51.99394226074219,-2173.73876953125,-2173.738668941951,discharge
33481.775706,41.80631637573242,-52.04267501831055,-2175.712646484375,-2175.712536854917,discharge
33482.995706,41.806373596191406,-51.97343826293945,-2172.821044921875,-2172.820977099036,discharge
33484.215705999995,41.80524826049805,-52.04277038574219,-2175.660888671875,-2175.660936140048,discharge
33485.435706,41.8040657043457,-52.055503845214844,-2176.131591796875,-2176.1317030181817,discharge
33486.655706,41.80397033691406,-51.999046325683594,-2173.7666015625,-2173.766590146697,discharge
33487.875706,41.803245544433594,-51.98063659667969,-2172.959228515625,-2172.959315206972,discharge
33489.095706,41.802921295166016,-51.96623992919922,-2172.340576171875,-2172.3406377660285,discharge
33490.325705999996,41.801795959472656,-51.991127014160156,-2173.322509765625,-2173.3224831489497,discharge
33491.545706,41.80131912231445,-51.967620849609375,-2172.315185546875,-2172.3151031619636,discharge
33492.765706,41.8000602722168,-52.007484436035156,-2173.916015625,-2173.9159840326465,discharge
33493.985706,41.79983139038086,-52.00047302246094,-2173.611083984375,-2173.6110045589157,discharge
33495.205706,41.79893493652344,-51.99289321899414,-2173.24755859375,-2173.2475608223467,discharge
33496.425706,41.79777145385742,-51.99689865112305,-2173.3544921875,-2173.3544861290284,discharge
33497.645705999996,41.79689407348633,-52.02445983886719,-2174.4609375,-2174.4608371154754,discharge
33498.865706,41.796417236328125,-52.04558563232422,-2175.319091796875,-2175.3190123976674,discharge
33500.095706,41.7957878112793,-52.027320861816406,-2174.52294921875,-2174.5228631298232,discharge
33501.315706,41.79473876953125,-52.039146423339844,-2174.962646484375,-2174.9625305528753,discharge
33502.535705999995,41.79422378540039,-52.004478454589844,-2173.48681640625,-2173.486810374161,discharge
33503.755705999996,41.793880462646484,-51.98545455932617,-2172.673828125,-2172.6738736488187,discharge
33504.975706,41.792964935302734,-51.98526382446289,-2172.618408203125,-2172.6183081682393,discharge
33506.195706,41.792049407958984,-52.033424377441406,-2174.58349609375,-2174.5834424473287,discharge
33507.415706,41.791629791259766,-52.011444091796875,-2173.64306640625,-2173.64301639318,discharge
33508.635706,41.79044723510742,-52.032997131347656,-2174.482177734375,-2174.48222110208,discharge
33509.855706,41.79023742675781,-51.98936462402344,-2172.64794921875,-2172.647891304223,discharge
33511.085706,41.789207458496094,-52.027320861816406,-2174.180419921875,-2174.1805050041876,discharge
33512.305706,41.788482666015625,-52.000762939453125,-2173.032958984375,-2173.0329807149246,discharge
33513.525706,41.787662506103516,-52.038002014160156,-2174.54638671875,-2174.5464656596596,discharge
33514.745706,41.787261962890625,-52.00038146972656,-2172.95361328125,-2172.9535626457073,discharge
33515.965705999995,41.785736083984375,-52.02741622924805,-2174.00390625,-2174.0038836869644,discharge
33517.185706,41.78520202636719,-52.044342041015625,-2174.683349609375,-2174.683346513193,discharge
33518.405706,41.78499221801758,-51.98712158203125,-2172.281494140625,-2172.2814707423095,discharge
33519.625706,41.784210205078125,-52.04458236694336,-2174.641845703125,-2174.6417696558638,discharge
33520.845706,41.78335189819336,-52.02512741088867,-2173.7841796875,-2173.7842061575066,discharge
33522.075705999996,41.78272247314453,-51.975154876708984,-2171.66357421875,-2171.663471712236,discharge
33523.295706,41.78144454956055,-52.032470703125,-2173.99169921875,-2173.991789459251,discharge
33524.515706,41.78079605102539,-51.97834777832031,-2171.69677734375,-2171.6967475952697,discharge
33525.735706,41.78041458129883,-52.00767517089844,-2172.90234375,-2172.902230049658,discharge
33526.955706,41.779747009277344,-52.00176239013672,-2172.620361328125,-2172.6204766964656,discharge
33528.175706,41.77898406982422,-51.993324279785156,-2172.228271484375,-2172.228266822349,discharge
33529.395705999996,41.778411865234375,-51.93586349487305,-2169.7978515625,-2169.797895665397,discharge
33530.615706,41.77717208862305,-52.036048889160156,-2173.9189453125,-2173.918969254446,discharge
33531.845706,41.7765998840332,-51.98631286621094,-2171.811279296875,-2171.8113920578617,discharge
33533.065706,41.77562713623047,-52.01530456542969,-2172.971923828125,-2172.971968902857,discharge
33534.285705999995,41.77473068237305,-52.03266143798828,-2173.650390625,-2173.650418259058,discharge
33535.505705999996,41.77406311035156,-52.04000473022461,-2173.92236328125,-2173.9224418633967,discharge
33536.725706,41.77289962768555,-52.04000473022461,-2173.86181640625,-2173.8618942199537,discharge
33537.945706,41.772727966308594,-52.0268440246582,-2173.30322265625,-2173.303202387615,discharge
33539.165706,41.77175521850586,-52.036285400390625,-2173.64697265625,-2173.6469762254274,discharge
33540.385706,41.771392822265625,-51.99556350708008,-2171.927001953125,-2171.9271082693012,discharge
33541.605706,41.77043914794922,-51.991416931152344,-2171.704345703125,-2171.7043171383557,discharge
33542.835706,41.76979064941406,-52.03423309326172,-2173.458984375,-2173.459022908355,discharge
33544.055706,41.7689323425293,-51.98373794555664,-2171.30517578125,-2171.3052331597282,discharge
33545.275706,41.768741607666016,-51.98979187011719,-2171.548095703125,-2171.54818285926,discharge
33546.495706,41.76774978637695,-52.00190734863281,-2172.002685546875,-2172.0026545520523,discharge
33547.715705999995,41.766929626464844,-52.028751373291016,-2173.081298828125,-2173.081197161082,discharge
33548.935706,41.76637649536133,-52.02760696411133,-2173.004638671875,-2173.0046206157567,discharge
33550.155706,41.764774322509766,-52.02617645263672,-2172.861572265625,-2172.8615184074442,discharge
33551.375706,41.76431655883789,-52.02608108520508,-2172.833740234375,-2172.833719758273,discharge
33552.605706,41.763973236083984,-51.99441909790039,-2171.493408203125,-2171.493527630446,discharge
33553.825705999996,41.763362884521484,-51.987030029296875,-2171.1533203125,-2171.153200402041,discharge
33555.045706,41.76246643066406,-51.99198913574219,-2171.313720703125,-2171.3137009448837,discharge
33556.265706,41.76170349121094,-52.002288818359375,-2171.7041015625,-2171.704166496638,discharge
33557.485706,41.760902404785156,-52.03156280517578,-2172.885009765625,-2172.885016275395,discharge
33558.705706,41.76002502441406,-52.039955139160156,-2173.18994140625,-2173.1898288807133,discharge
33559.925706,41.75943374633789,-52.038909912109375,-2173.115478515625,-2173.1154107063776,discharge
33561.145705999996,41.75912857055664,-51.94850158691406,-2169.32421875,-2169.32415681571,discharge
33562.365706,41.757659912109375,-52.02789306640625,-2172.56298828125,-2172.5630646105856,discharge
33563.595706,41.757164001464844,-51.98540496826172,-2170.76318359375,-2170.76308094227,discharge
33564.815706,41.75617218017578,-52.01106262207031,-2171.782958984375,-2171.782886121073,discharge
33566.035705999995,41.755332946777344,-52.01377868652344,-2171.8525390625,-2171.8526468757773,discharge
33567.255705999996,41.754817962646484,-52.02326965332031,-2172.22216796875,-2172.2221541960607,discharge
33568.475706,41.75386428833008,-52.02259826660156,-2172.14453125,-2172.144507949997,discharge
33569.695706,41.75321578979492,-52.02655792236328,-2172.276123046875,-2172.2760997326986,discharge
33570.915706,41.752376556396484,-52.00614929199219,-2171.38037109375,-2171.3803284874302,discharge
33572.135706,41.75249099731445,-51.92169952392578,-2167.8603515625,-2167.8602919379773,discharge
33573.365706,41.7509651184082,-52.02632141113281,-2172.149169921875,-2172.1491304753,discharge
33574.585706,41.74966812133789,-52.05955505371094,-2173.46923828125,-2173.4691460369504,discharge
33575.805706,41.7487907409668,-52.07710266113281,-2174.156005859375,-2174.156061395479,discharge
33577.025706,41.7485237121582,-52.009727478027344,-2171.329345703125,-2171.3293408793106,discharge
33578.245706,41.748046875,-52.031707763671875,-2172.22216796875,-2172.222174704075,discharge
33579.465705999995,41.74715042114258,-51.98435974121094,-2170.198974609375,-2170.1988856631215,discharge
33580.685706,41.74633026123047,-52.014305114746094,-2171.40625,-2171.4063596285996,discharge
33581.905706,41.745147705078125,-52.06146240234375,-2173.3134765625,-2173.3134377282113,discharge
33583.125706,41.745033264160156,-51.992462158203125,-2170.427001953125,-2170.4270622797776,discharge
33584.355706,41.74448013305664,-51.99150848388672,-2170.3583984375,-2170.358492993255,discharge
33585.575705999996,41.743202209472656,-52.025699615478516,-2171.71923828125,-2171.7192991382035,discharge
33586.795706,41.74243927001953,-51.987457275390625,-2170.083251953125,-2170.083278120728,discharge
33588.015706,41.742286682128906,-51.98578643798828,-2170.005615234375,-2170.0056008904357,discharge
33589.235706,41.74055099487305,-52.067039489746094,-2173.306884765625,-2173.3069169738155,discharge
33590.455706,41.74074172973633,-51.97796630859375,-2169.598876953125,-2169.598867323948,discharge
33591.675706,41.73961639404297,-52.0111083984375,-2170.923828125,-2170.923712779768,discharge
33592.895705999996,41.73877716064453,-51.997520446777344,-2170.31298828125,-2170.312918834097,discharge
33594.125706,41.73748016357422,-52.04987335205078,-2172.4306640625,-2172.43055654777,discharge
33595.345706,41.73765182495117,-51.99055480957031,-2169.963623046875,-2169.9636748278863,discharge
33596.565706,41.736392974853516,-52.00581359863281,-2170.53515625,-2170.53507332952,discharge
33597.785705999995,41.73542022705078,-52.03857421875,-2171.851806640625,-2171.851763036102,discharge
33599.005705999996,41.734962463378906,-52.00176239013672,-2170.29150390625,-2170.291601381905,discharge
33600.225706,41.733970642089844,-52.0091552734375,-2170.548583984375,-2170.548559301533,discharge
33601.445706,41.733760833740234,-52.0111083984375,-2170.619140625,-2170.6191585981287,discharge
33602.665706,41.73240661621094,-52.00986862182617,-2170.4970703125,-2170.49698538176,discharge
33603.885706,41.73154830932617,-52.023170471191406,-2171.007568359375,-2171.007451722835,discharge
33605.115706,41.73065185546875,-52.02465057373047,-2171.0224609375,-2171.0225809947588,discharge
33606.335706,41.7302131652832,-52.04887390136719,-2172.010498046875,-2172.0106029169983,discharge
33607.555706,41.729469299316406,-52.01549530029297,-2170.5791015625,-2170.5790142223123,discharge
33608.775706,41.728763580322266,-52.012107849121094,-2170.40087890625,-2170.400951750198,discharge
33609.995706,41.727962493896484,-52.01120376586914,-2170.321533203125,-2170.321560004595,discharge
33611.215705999995,41.72721862792969,-52.03594970703125,-2171.3154296875,-2171.3154499372467,discharge
33612.435706,41.726112365722656,-52.04963684082031,-2171.8291015625,-2171.828995415126,discharge
33613.655706,41.72574996948242,-51.96776580810547,-2168.39404296875,-2168.3940025816264,discharge
33614.885706,41.72462463378906,-52.027130126953125,-2170.8125,-2170.8124753204174,discharge
33616.105706,41.72380447387695,-52.040626525878906,-2171.3330078125,-2171.332925863826,discharge
33617.325705999996,41.7230224609375,-52.03695297241211,-2171.138916015625,-2171.138957666699,discharge
33618.545706,41.722373962402344,-52.018165588378906,-2170.3212890625,-2170.3213575165137,discharge
33619.765706,41.7219352722168,-51.987361907958984,-2169.013427734375,-2169.013348497174,discharge
33620.985706,41.7204475402832,-52.09632110595703,-2173.48193359375,-2173.481831742829,discharge
33622.205706,41.7201042175293,-52.023651123046875,-2170.43212890625,-2170.4321466299007,discharge
33623.425706,41.7194938659668,-52.02608108520508,-2170.501708984375,-2170.5017707045045,discharge
33624.645705999996,41.71852111816406,-52.00681686401367,-2169.6474609375,-2169.6474876298453,discharge
33625.875706,41.71791076660156,-51.987648010253906,-2168.816162109375,-2168.8160606572637,discharge
33627.095706,41.71674728393555,-52.048919677734375,-2171.3115234375,-2171.311628597905,discharge
33628.315706,41.71621322631836,-52.03056335449219,-2170.51806640625,-2170.5180751814623,discharge
33629.535705999995,41.71518325805664,-52.02522277832031,-2170.24169921875,-2170.2417022388545,discharge
33630.755705999996,41.714820861816406,-51.99460983276367,-2168.94580078125,-2168.9458349537745,discharge
33631.975706,41.71409606933594,-52.003334045410156,-2169.27197265625,-2169.2720722960075,discharge
33633.195706,41.713218688964844,-51.963233947753906,-2167.5537109375,-2167.5537414485007,discharge
33634.415706,41.71247482299805,-51.99089050292969,-2168.668701171875,-2168.668711128703,discharge
33635.645705999996,41.71161651611328,-52.020118713378906,-2169.84326171875,-2169.843242895149,discharge
33636.865706,41.71049118041992,-52.04629898071289,-2170.876708984375,-2170.8766946085234,discharge
33638.085706,41.709861755371094,-52.003143310546875,-2169.0439453125,-2169.0439183276612,discharge
33639.305706,41.709136962890625,-52.00529098510742,-2169.095703125,-2169.0958044928266,discharge
33640.525706,41.70785903930664,-52.07357406616211,-2171.877197265625,-2171.877286824383,discharge
33641.745706,41.70785903930664,-51.9725341796875,-2167.6630859375,-2167.6631294819526,discharge
33642.965705999995,41.70671463012695,-52.00390625,-2168.912109375,-2168.9120776206255,discharge
33644.185706,41.705989837646484,-51.99275207519531,-2168.4091796875,-2168.409189679369,discharge
33645.405706,41.705055236816406,-52.01792907714844,-2169.41064453125,-2169.410605467274,discharge
33646.635706,41.70351028442383,-52.04591751098633,-2170.49755859375,-2170.4974561816925,discharge
33647.855706,41.7039680480957,-51.97629928588867,-2167.617919921875,-2167.6179246769607,discharge
33649.075705999996,41.702880859375,-52.01139450073242,-2169.02490234375,-2169.0249881939963,discharge
33650.295706,41.70236587524414,-52.00428771972656,-2168.701904296875,-2168.701833569503,discharge
33651.515706,41.70156478881836,-52.01725769042969,-2169.200927734375,-2169.2010417141137,discharge
33652.735706,41.70072555541992,-51.996803283691406,-2168.304443359375,-2168.3044234923727,discharge
33653.955706,41.6999626159668,-52.048397064208984,-2170.416259765625,-2170.4162117985106,discharge
33655.175706,41.69878005981445,-52.01921463012695,-2169.1376953125,-2169.137789745946,discharge
33656.405706,41.69809341430664,-51.99308395385742,-2168.012451171875,-2168.0124716058344,discharge
33657.625706,41.69757843017578,-52.034523010253906,-2169.713623046875,-2169.7136042968486,discharge
33658.845706,41.69687271118164,-51.97572708129883,-2167.225341796875,-2167.2252761800337,discharge
33660.065706,41.695709228515625,-52.01387405395508,-2168.75537109375,-2168.755368402344,discharge
33661.285705999995,41.694889068603516,-52.042625427246094,-2169.911376953125,-2169.9114940279105,discharge
33662.505705999996,41.694297790527344,-52.031803131103516,-2169.429443359375,-2169.429494326323,discharge
33663.725706,41.69330596923828,-52.03847885131836,-2169.65625,-2169.656220921752,discharge
33664.945706,41.69279098510742,-52.01578140258789,-2168.68310546875,-2168.6831019451347,discharge
33666.165706,41.692543029785156,-51.994991302490234,-2167.803466796875,-2167.803412212379,discharge
33667.395705999996,41.691131591796875,-51.97935104370117,-2167.077880859375,-2167.07796441915,discharge
33668.615706,41.69036865234375,-52.00471878051758,-2168.095947265625,-2168.0958976212423,discharge
33669.835706,41.68994903564453,-51.947166442871094,-2165.6748046875,-2165.6747215494397,discharge
33671.055706,41.688575744628906,-51.990936279296875,-2167.427978515625,-2167.4280851136427,discharge
33672.275706,41.687870025634766,-52.013633728027344,-2168.337646484375,-2168.3376024149766,discharge
33673.495706,41.68689727783203,-52.03838348388672,-2169.31884765625,-2169.3187467972166,discharge
33674.715705999995,41.685829162597656,-52.0152587890625,-2168.299072265625,-2168.2991917291656,discharge
33675.935706,41.68539047241211,-52.051307678222656,-2169.779052734375,-2169.779085166374,discharge
33677.165706,41.685028076171875,-52.00357437133789,-2167.7705078125,-2167.770457730512,discharge
33678.385706,41.68418884277344,-51.971099853515625,-2166.373046875,-2166.3731406605802,discharge
33679.605706,41.68336868286133,-51.98335647583008,-2166.84130859375,-2166.841413354632,discharge
33680.825705999996,41.68222427368164,-52.016448974609375,-2168.161376953125,-2168.1612920801854,discharge
33682.045706,41.68170928955078,-51.99150848388672,-2167.094970703125,-2167.0949421505793,discharge
33683.265706,41.680641174316406,-52.01649475097656,-2168.080810546875,-2168.080852861167,discharge
33684.485706,41.67999267578125,-52.012779235839844,-2167.892333984375,-2167.8922575968318,discharge
33685.705706,41.678924560546875,-52.06761169433594,-2170.1220703125,-2170.122059856076,discharge
33686.925706,41.67816162109375,-52.02188491821289,-2168.176513671875,-2168.1765274552163,discharge
33688.155706,41.677398681640625,-51.95207595825195,-2165.227294921875,-2165.2273820509436,discharge
33689.375706,41.676902770996094,-51.98779296875,-2166.690185546875,-2166.690192837268,discharge
33690.595706,41.67488098144531,-52.089454650878906,-2170.82177734375,-2170.8218229637714,discharge
33691.815706,41.67499542236328,-52.00371551513672,-2167.254638671875,-2167.254606039205,discharge
33693.035705999995,41.67438507080078,-51.90305709838867,-2163.028076171875,-2163.0279878700094,discharge
33694.255705999996,41.673011779785156,-52.020263671875,-2167.841064453125,-2167.8410607855767,discharge
33695.475706,41.67314529418945,-51.98097229003906,-2166.210693359375,-2166.2106107760337,discharge
33696.695706,41.671295166015625,-52.01683044433594,-2167.608642578125,-2167.6086950465105,discharge
33697.925706,41.671180725097656,-52.0252685546875,-2167.954345703125,-2167.954368214123,discharge
33699.145705999996,41.66990280151367,-52.02479553222656,-2167.8681640625,-2167.8681730965036,discharge
33700.365706,41.66961669921875,-51.95030975341797,-2164.74951171875,-2164.749494830612,discharge
33701.585706,41.66860580444336,-51.99699401855469,-2166.642333984375,-2166.6422467751545,discharge
33702.805706,41.66727066040039,-52.027366638183594,-2167.83837890625,-2167.8383674610814,discharge
33704.025706,41.666507720947266,-52.057411193847656,-2169.050537109375,-2169.05052544098,discharge
33705.245706,41.66566848754883,-52.018882751464844,-2167.401611328125,-2167.401523815206,discharge
33706.465705999995,41.66534423828125,-51.99174880981445,-2166.254150390625,-2166.2541117111687,discharge
33707.685706,41.66481018066406,-51.97529602050781,-2165.540771484375,-2165.5408427782822,discharge
33708.915706,41.663551330566406,-52.006385803222656,-2166.770751953125,-2166.770724429807,discharge
33710.135706,41.66269302368164,-52.029083251953125,-2167.671630859375,-2167.6717238296987,discharge
33711.355706,41.661930084228516,-52.01354217529297,-2166.984619140625,-2166.984557540127,discharge
33712.575705999996,41.66057586669922,-52.052879333496094,-2168.552978515625,-2168.552928553254,discharge
33713.795706,41.66069030761719,-51.9770622253418,-2165.400390625,-2165.4002924697124,discharge
33715.015706,41.659507751464844,-52.02460479736328,-2167.3193359375,-2167.3194268226507,discharge
33716.235706,41.65884017944336,-52.01568603515625,-2166.9130859375,-2166.913151362678,discharge
33717.455706,41.657772064208984,-52.04496383666992,-2168.0771484375,-2168.077240597995,discharge
33718.685706,41.65740966796875,-51.9825439453125,-2165.4580078125,-2165.4581287130713,discharge
33719.905706,41.6563606262207,-52.03361511230469,-2167.531005859375,-2167.5310358041315,discharge
33721.125706,41.65529251098633,-52.051307678222656,-2168.21240234375,-2168.2124469157134,discharge
33722.345706,41.655330657958984,-51.9923210144043,-2165.75732421875,-2165.7573235297605,discharge
33723.565706,41.654014587402344,-52.01740264892578,-2166.733642578125,-2166.733648737136,discharge
33724.785705999995,41.652870178222656,-52.00801086425781,-2166.282958984375,-2166.282924756524,discharge
33726.005705999996,41.65239334106445,-52.029754638671875,-2167.163818359375,-2167.1638056490337,discharge
33727.225706,41.651859283447266,-51.951744079589844,-2163.88671875,-2163.8867339327408,discharge
33728.445706,41.65058135986328,-52.04730224609375,-2167.80029296875,-2167.8003967623226,discharge
33729.675706,41.650047302246094,-51.958656311035156,-2164.08056640625,-2164.080493115762,discharge
33730.895705999996,41.648712158203125,-52.00185775756836,-2165.810302734375,-2165.810405436787,discharge
33732.115706,41.647586822509766,-52.04324722290039,-2167.4755859375,-2167.4756572410843,discharge
33733.335706,41.646976470947266,-52.010440826416016,-2166.07763671875,-2166.077605341343,discharge
33734.555706,41.64649963378906,-51.987552642822266,-2165.099609375,-2165.099592100887,discharge
33735.775706,41.645774841308594,-51.980255126953125,-2164.758056640625,-2164.7580012108665,discharge
33736.995706,41.64470672607422,-52.00676727294922,-2165.806640625,-2165.806570853165,discharge
33738.215705999995,41.6438102722168,-52.04010009765625,-2167.14794921875,-2167.1480550139677,discharge
33739.435706,41.64299011230469,-52.00042724609375,-2165.453369140625,-2165.4532776447013,discharge
33740.665706,41.642093658447266,-52.018211364746094,-2166.147216796875,-2166.147229595663,discharge
33741.885706,41.640968322753906,-52.092742919921875,-2169.192138671875,-2169.1922577738296,discharge
33743.105706,41.641082763671875,-51.973960876464844,-2164.251953125,-2164.2520064127166,discharge
33744.325705999996,41.63969039916992,-52.045345306396484,-2167.152099609375,-2167.152065276241,discharge
33745.545706,41.638736724853516,-51.99127197265625,-2164.850830078125,-2164.850885659689,discharge
33746.765706,41.638031005859375,-52.04548645019531,-2167.071533203125,-2167.0715785282664,discharge
33747.985706,41.636962890625,-52.04362869262695,-2166.938720703125,-2166.938636568375,discharge
33749.205706,41.63677215576172,-51.97472381591797,-2164.059814453125,-2164.0597333820187,discharge
33750.435706,41.635704040527344,-52.00042724609375,-2165.074462890625,-2165.0743987993337,discharge
33751.655706,41.63442611694336,-52.00733947753906,-2165.295654296875,-2165.2957330163918,discharge
33752.875706,41.633663177490234,-52.029273986816406,-2166.169189453125,-2166.1692685364687,discharge
33754.095706,41.633033752441406,-51.995086669921875,-2164.713134765625,-2164.7131982899737,discharge
33755.315706,41.63206100463867,-52.01325225830078,-2165.4189453125,-2165.4188910672383,discharge
33756.535705999995,41.63063049316406,-52.0594596862793,-2167.26806640625,-2167.268129873264,discharge
33757.755705999996,41.63114547729492,-51.99241638183594,-2164.50390625,-2164.5038501083036,discharge
33758.975706,41.62956237792969,-52.03266143798828,-2166.096923828125,-2166.09692502243,discharge
33760.195706,41.62895202636719,-52.048065185546875,-2166.706298828125,-2166.706408674363,discharge
33761.425706,41.62809371948242,-52.05497741699219,-2166.949462890625,-2166.949478480092,discharge
33762.645705999996,41.627655029296875,-51.95341110229492,-2162.69873046875,-2162.6986749615753,discharge
33763.865706,41.62647247314453,-52.004005432128906,-2164.743408203125,-2164.7433006137726,discharge
33765.085706,41.62515640258789,-52.0599365234375,-2167.0029296875,-2167.0030000968836,discharge
33766.305706,41.625099182128906,-51.93939208984375,-2161.982421875,-2161.9823471992277,discharge
33767.525706,41.62393569946289,-52.034664154052734,-2165.887451171875,-2165.8875148914376,discharge
33768.745706,41.62322998046875,-52.03361511230469,-2165.80712890625,-2165.8071285346523,discharge
33769.965705999995,41.622161865234375,-51.99131774902344,-2163.990966796875,-2163.9910429366864,discharge
33771.195706,41.62153244018555,-51.9703369140625,-2163.0849609375,-2163.0850637960248,discharge
33772.415706,41.62050247192383,-51.98521423339844,-2163.650634765625,-2163.6507375046494,discharge
33773.635706,41.620025634765625,-51.987361907958984,-2163.71533203125,-2163.715335293091,discharge
33774.855706,41.618709564208984,-52.06422805786133,-2166.845947265625,-2166.845986224871,discharge
33776.075705999996,41.61802291870117,-52.03695297241211,-2165.675048828125,-2165.6751014252222,discharge
33777.295706,41.617183685302734,-52.03728485107422,-2165.645263671875,-2165.645242131577,discharge
33778.515706,41.61684036254883,-51.96766662597656,-2162.72998046875,-2162.730085987423,discharge
33779.735706,41.61567687988281,-51.990745544433594,-2163.630126953125,-2163.6300673213555,discharge
33780.955706,41.614646911621094,-52.01082229614258,-2164.412109375,-2164.4120054370433,discharge
33782.185706,41.613826751708984,-51.992034912109375,-2163.587646484375,-2163.5875333013246,discharge
33783.405706,41.61323547363281,-51.99413299560547,-2163.64404296875,-2163.644099593512,discharge
33784.625706,41.61155700683594,-52.073001861572266,-2166.838623046875,-2166.838685479888,discharge
33785.845706,41.61102294921875,-52.05526351928711,-2166.07275390625,-2166.0727649286855,discharge
33787.065706,41.610679626464844,-51.976680755615234,-2162.784912109375,-2162.785010968946,discharge
33788.285705999995,41.60951614379883,-51.97935104370117,-2162.835693359375,-2162.8356463970704,discharge
33789.505705999996,41.60888671875,-52.01392364501953,-2164.241455078125,-2164.2414567433298,discharge
33790.725706,41.608028411865234,-52.022125244140625,-2164.5380859375,-2164.5380652038148,discharge
33791.955706,41.60652160644531,-52.038002014160156,-2165.120361328125,-2165.1202551583992,discharge
33793.175706,41.60625457763672,-51.97406005859375,-2162.446044921875,-2162.445974231232,discharge
33794.395705999996,41.605491638183594,-51.94268035888672,-2161.100830078125,-2161.1007533365046,discharge
33795.615706,41.6044807434082,-52.0237922668457,-2164.4228515625,-2164.4228635650506,discharge
33796.835706,41.603336334228516,-52.01420593261719,-2163.964599609375,-2163.964503572497,discharge
33798.055706,41.602725982666016,-52.02240753173828,-2164.27392578125,-2164.2739655014884,discharge
33799.275706,41.6015625,-51.985694885253906,-2162.68603515625,-2162.6861348748207,discharge
33800.495706,41.60127639770508,-52.02030944824219,-2164.111328125,-2164.111271650472,discharge
33801.715705999995,41.6002082824707,-51.95331573486328,-2161.268798828125,-2161.268755535275,discharge
33802.945706,41.599159240722656,-51.995513916015625,-2162.9697265625,-2162.969663195545,discharge
33804.165706,41.59799575805664,-52.07633972167969,-2166.271240234375,-2166.271358837548,discharge
33805.385706,41.597633361816406,-52.010581970214844,-2163.51708984375,-2163.517119731696,discharge
33806.605706,41.596622467041016,-52.055503845214844,-2165.333251953125,-2165.3331407810037,discharge
33807.825705999996,41.59614562988281,-51.98188018798828,-2162.245849609375,-2162.2458584146807,discharge
33809.045706,41.59534454345703,-51.99169921875,-2162.612548828125,-2162.612642403692,discharge
33810.265706,41.59351348876953,-52.052642822265625,-2165.05224609375,-2165.052301354008,discharge
33811.485706,41.59292221069336,-52.07667541503906,-2166.02099609375,-2166.021109529247,discharge
33812.715705999995,41.5924072265625,-52.002811431884766,-2162.922119140625,-2162.922110001091,discharge
33813.935706,41.59177780151367,-52.0172119140625,-2163.48828125,-2163.488319783937,discharge
33815.155706,41.59067153930664,-52.051639556884766,-2164.862548828125,-2164.862643892775,discharge
33816.375706,41.5899658203125,-51.97792053222656,-2161.760009765625,-2161.759938346222,discharge
33817.595706,41.58897399902344,-51.9862174987793,-2162.053466796875,-2162.0534478643094,discharge
33818.815706,41.588077545166016,-52.04744338989258,-2164.55322265625,-2164.553111726491,discharge
33820.035705999995,41.58754348754883,-51.990509033203125,-2162.157470703125,-2162.157555358135,discharge
33821.255705999996,41.58647537231445,-52.02341079711914,-2163.47021484375,-2163.470291898193,discharge
33822.475706,41.585330963134766,-52.00996398925781,-2162.8515625,-2162.851565874007,discharge
33823.705706,41.58464431762695,-51.99188995361328,-2162.064208984375,-2162.0642511222104,discharge
33824.925706,41.58353805541992,-52.03528594970703,-2163.811279296875,-2163.8112935143,discharge
33826.145705999996,41.58294677734375,-51.983070373535156,-2161.609130859375,-2161.609248665627,discharge
33827.365706,41.58182144165039,-52.03337860107422,-2163.642578125,-2163.6426579956606,discharge
33828.585706,41.58111572265625,-52.04439163208008,-2164.06396484375,-2164.0638711687643,discharge
33829.805706,41.58102035522461,-51.94673538208008,-2159.998291015625,-2159.998261309738,discharge
33831.025706,41.579627990722656,-52.0024299621582,-2162.24169921875,-2162.2416924401477,discharge
33832.245706,41.57875061035156,-51.996707916259766,-2161.958251953125,-2161.9581510094577,discharge
33833.475706,41.57735824584961,-51.98564529418945,-2161.42578125,-2161.425798038181,discharge
33834.695706,41.57636642456055,-52.044010162353516,-2163.80078125,-2163.8008367135626,discharge
33835.915706,41.576194763183594,-51.94120407104492,-2159.517578125,-2159.5176166920282,discharge
33837.135706,41.57569885253906,-51.985740661621094,-2161.343505859375,-2161.3434983737534,discharge
33838.355706,41.574134826660156,-52.021453857421875,-2162.746826171875,-2162.746936547337,discharge
33839.575705999996,41.573429107666016,-51.98211669921875,-2161.074951171875,-2161.0748434613924,discharge
33840.795706,41.572608947753906,-52.00648498535156,-2162.045166015625,-2162.0452630432555,discharge
33842.015706,41.5711784362793,-52.03876495361328,-2163.312744140625,-2163.3127834902552,discharge
33843.235706,41.57062530517578,-52.019309997558594,-2162.475341796875,-2162.475244542293,discharge
33844.465705999995,41.5699577331543,-51.961612701416016,-2160.0419921875,-2160.0420437443972,discharge
33845.685706,41.56900405883789,-52.05669403076172,-2163.94482421875,-2163.944925454416,discharge
33846.905706,41.568031311035156,-51.99523162841797,-2161.33935546875,-2161.3394163546036,discharge
33848.125706,41.56696319580078,-52.08168029785156,-2164.877197265625,-2164.8772881162586,discharge
33849.345706,41.566429138183594,-52.00981903076172,-2161.862548828125,-2161.8624572319095,discharge
33850.565706,41.565589904785156,-52.0421028137207,-2163.16064453125,-2163.1607033377804,discharge
33851.785705999995,41.56484603881836,-51.96728515625,-2160.01220703125,-2160.012206574902,discharge
33853.005705999996,41.56393051147461,-51.9841194152832,-2160.664306640625,-2160.664327077029,discharge
33854.235706,41.56322479248047,-52.01068115234375,-2161.731689453125,-2161.7316323448904,discharge
33855.455706,41.5617561340332,-52.02288818359375,-2162.16259765625,-2162.162592074601,discharge
33856.675706,41.56137466430664,-52.04610824584961,-2163.10791015625,-2163.107804624815,discharge
33857.895705999996,41.56038284301758,-51.99818420410156,-2161.064453125,-2161.06444266421,discharge
33859.115706,41.5595817565918,-51.99480056762695,-2160.882080078125,-2160.882165107978,discharge
33860.335706,41.558380126953125,-52.010009765625,-2161.45166015625,-2161.451756246388,discharge
33861.555706,41.55782699584961,-52.0289421081543,-2162.209716796875,-2162.209774907751,discharge
33862.775706,41.556968688964844,-52.01344299316406,-2161.52099609375,-2161.521021872177,discharge
33863.995706,41.5559196472168,-52.00657653808594,-2161.18115234375,-2161.1811157435295,discharge
33865.225706,41.55517578125,-51.99413299560547,-2160.625244140625,-2160.625336226076,discharge
33866.445706,41.554012298583984,-52.00176239013672,-2160.8818359375,-2160.8818739077833,discharge
33867.665706,41.552886962890625,-52.0573616027832,-2163.133544921875,-2163.133662266773,discharge
33868.885706,41.552581787109375,-52.011966705322266,-2161.2314453125,-2161.231500431313,discharge
33870.105706,41.55132293701172,-51.986026763916016,-2160.088134765625,-2160.0881862796086,discharge
33871.325705999996,41.550636291503906,-52.03218460083008,-2161.970458984375,-2161.970377801481,discharge
33872.545706,41.54970169067383,-52.04090881347656,-2162.2841796875,-2162.2842369115097,discharge
33873.765706,41.548824310302734,-51.99866485595703,-2160.4833984375,-2160.483390470472,discharge
33874.995706,41.54722213745117,-52.09026336669922,-2164.205810546875,-2164.2057432945876,discharge
33876.215705999995,41.546993255615234,-51.994895935058594,-2160.231689453125,-2160.2315907402954,discharge
33877.435706,41.54594421386719,-52.01234817504883,-2160.902099609375,-2160.9021157128154,discharge
33878.655706,41.54539108276367,-52.02980041503906,-2161.598388671875,-2161.5984062009375,discharge
33879.875706,41.54420852661133,-52.00152587890625,-2160.3623046875,-2160.3622348152567,discharge
33881.095706,41.54329299926758,-52.04896926879883,-2162.28564453125,-2162.2855806435837,discharge
33882.315706,41.54266357421875,-52.01578140258789,-2160.8740234375,-2160.874107357813,discharge
33883.535705999995,41.54193878173828,-51.980018615722656,-2159.350830078125,-2159.350751207967,discharge
33884.755705999996,41.54073715209961,-51.996421813964844,-2159.9697265625,-2159.969691423612,discharge
33885.985706,41.53942108154297,-52.03594970703125,-2161.543212890625,-2161.5432262583636,discharge
33887.205706,41.538848876953125,-52.00505065917969,-2160.22998046875,-2160.2299401699565,discharge
33888.425706,41.53818130493164,-52.00257110595703,-2160.09228515625,-2160.0922269218427,discharge
33889.645705999996,41.536808013916016,-52.02403259277344,-2160.912353515625,-2160.9122539157397,discharge
33890.865706,41.53594970703125,-52.03437805175781,-2161.29736328125,-2161.297309794463,discharge
33892.085706,41.53505325317383,-52.01082229614258,-2160.272216796875,-2160.2722738116427,discharge
33893.305706,41.53450012207031,-51.988555908203125,-2159.318603515625,-2159.318681715522,discharge
33894.525706,41.53373718261719,-52.019309997558594,-2160.556396484375,-2160.5563498596894,discharge
33895.755705999996,41.53282165527344,-51.98035430908203,-2158.890869140625,-2158.890785097028,discharge
33896.975706,41.53156280517578,-52.00328826904297,-2159.77783203125,-2159.777832821419,discharge
33898.195706,41.53057098388672,-52.03337860107422,-2160.975830078125,-2160.975923523365,discharge
33899.415706,41.529788970947266,-52.008056640625,-2159.883544921875,-2159.883617074229,discharge
33900.635706,41.528873443603516,-52.01420593261719,-2160.09130859375,-2160.0913754451904,discharge
33901.855706,41.527671813964844,-52.03390121459961,-2160.8466796875,-2160.8467728401592,discharge
33903.075705999996,41.526851654052734,-52.010536193847656,-2159.833740234375,-2159.833820969652,discharge
33904.295706,41.52606964111328,-52.012107849121094,-2159.8583984375,-2159.8584127236973,discharge
33905.515706,41.52498245239258,-52.00886535644531,-2159.667236328125,-2159.66722129524,discharge
33906.745706,41.52442932128906,-51.94425582885742,-2156.95556640625,-2156.9555798123474,discharge
33907.965705999995,41.5234375,-52.02054977416992,-2160.072021484375,-2160.072047263384,discharge
33909.185706,41.52233123779297,-52.02808380126953,-2160.327392578125,-2160.327329263964,discharge
33910.405706,41.521644592285156,-52.04792022705078,-2161.115234375,-2161.1152454352123,discharge
33911.625706,41.52101516723633,-52.00948715209961,-2159.48681640625,-2159.486704882511,discharge
33912.845706,41.51966094970703,-52.0289421081543,-2160.22412109375,-2160.224035902502,discharge
33914.065706,41.5190315246582,-51.997039794921875,-2158.86669921875,-2158.8667344342684,discharge
33915.285705999995,41.51844024658203,-51.99742126464844,-2158.851806640625,-2158.85182775266,discharge
33916.515706,41.51700973510742,-52.019500732421875,-2159.694091796875,-2159.6941183233866,discharge
33917.735706,41.516265869140625,-51.978206634521484,-2157.941162109375,-2157.941046039923,discharge
33918.955706,41.51542663574219,-51.99623107910156,-2158.645751953125,-2158.6457166995388,discharge
33920.175706,41.51399612426758,-52.026222229003906,-2159.81640625,-2159.816387975152,discharge
33921.395705999996,41.51348114013672,-51.987884521484375,-2158.197998046875,-2158.1980635982472,discharge
33922.615706,41.51268005371094,-52.02159881591797,-2159.555908203125,-2159.5559875277104,discharge
33923.835706,41.51233673095703,-51.95374298095703,-2156.72119140625,-2156.7212730590836,discharge
33925.055706,41.5104866027832,-52.04558563232422,-2160.4375,-2160.4375851246004,discharge
33926.275706,41.5101432800293,-51.98345184326172,-2157.840576171875,-2157.840534204297,discharge
33927.505705999996,41.50888442993164,-52.036285400390625,-2159.96826171875,-2159.9681568477536,discharge
33928.725706,41.50810241699219,-51.97844696044922,-2157.526611328125,-2157.5266999105224,discharge
33929.945706,41.50705337524414,-52.003623962402344,-2158.51708984375,-2158.5171955135593,discharge
33931.165706,41.505985260009766,-51.94540023803711,-2156.044921875,-2156.045016605276,discharge
33932.385706,41.50505065917969,-51.99918746948242,-2158.22900390625,-2158.2289101570495,discharge
33933.605706,41.50409698486328,-52.02545928955078,-2159.269775390625,-2159.269708035572,discharge
33934.825705999996,41.5032958984375,-52.03662109375,-2159.691162109375,-2159.6912828087807,discharge
33936.045706,41.50224685668945,-52.025840759277344,-2159.189208984375,-2159.189286118344,discharge
33937.275706,41.50184631347656,-51.98240280151367,-2157.36572265625,-2157.365692073654,discharge
33938.495706,41.50068283081055,-51.97114944458008,-2156.838134765625,-2156.8381894521735,discharge
33939.715705999995,41.49946212768555,-52.00958251953125,-2158.36962890625,-2158.3697000460234,discharge
33940.935706,41.49860382080078,-52.001285552978516,-2157.980712890625,-2157.9807473353867,discharge
33942.155706,41.49751663208008,-52.02665328979492,-2158.976806640625,-2158.9769102047285,discharge
33943.375706,41.49681091308594,-52.017356872558594,-2158.554443359375,-2158.5544223390752,discharge
33944.595706,41.49557113647461,-52.04057693481445,-2159.453369140625,-2159.453462181773,discharge
33945.815706,41.494903564453125,-51.99980926513672,-2157.72705078125,-2157.7270708268043,discharge
33947.035705999995,41.49394989013672,-52.01301574707031,-2158.2255859375,-2158.2254690438276,discharge
33948.265706,41.493282318115234,-51.987552642822266,-2157.13427734375,-2157.134198836502,discharge
33949.485706,41.49219512939453,-51.97305679321289,-2156.476318359375,-2156.4762139350933,discharge
33950.705706,41.49118423461914,-52.03838348388672,-2159.13427734375,-2159.1341564017057,discharge
33951.925706,41.49040222167969,-51.98521423339844,-2156.887451171875,-2156.887448123889,discharge
33953.145705999996,41.489524841308594,-52.008628845214844,-2157.813232421875,-2157.81329843594,discharge
33954.365706,41.48872375488281,-51.961944580078125,-2155.834716796875,-2155.8347644493915,discharge
33955.585706,41.48731231689453,-52.0258903503418,-2158.414306640625,-2158.4143615291396,discharge
33956.805706,41.48689270019531,-51.99928283691406,-2157.28857421875,-2157.2886675421614,discharge
33958.025706,41.485862731933594,-51.98016357421875,-2156.44189453125,-2156.4419308234937,discharge
33959.255705999996,41.48517608642578,-52.030181884765625,-2158.481201171875,-2158.481257298263,discharge
33960.475706,41.48393630981445,-51.979591369628906,-2156.318115234375,-2156.3180577878666,discharge
33961.695706,41.48265838623047,-52.052833557128906,-2159.289794921875,-2159.289912485692,discharge
33962.915706,41.48164749145508,-52.02183532714844,-2157.951416015625,-2157.951434899296,discharge
33964.135706,41.480865478515625,-52.05535888671875,-2159.30126953125,-2159.3013394158334,discharge
33965.355705999995,41.48000717163086,-52.027320861816406,-2158.09375,-2158.0936424688844,discharge
33966.575705999996,41.47911071777344,-52.029991149902344,-2158.15771484375,-2158.1577635515714,discharge
33967.795706,41.47787094116211,-52.06174850463867,-2159.410400390625,-2159.4104854466423,discharge
33969.025706,41.477317810058594,-51.98497772216797,-2156.197509765625,-2156.1974423311767,discharge
33970.245706,41.476287841796875,-52.028656005859375,-2157.95556640625,-2157.955512520857,discharge
33971.465705999995,41.47544860839844,-52.03003692626953,-2157.96923828125,-2157.969122628565,discharge
33972.685706,41.474552154541016,-51.98869705200195,-2156.2080078125,-2156.2079273298878,discharge
33973.905706,41.47361755371094,-52.01292037963867,-2157.1640625,-2157.163967676752,discharge
33975.125706,41.47214889526367,-52.045204162597656,-2158.426513671875,-2158.4264563156466,discharge
33976.345706,41.47167205810547,-52.028038024902344,-2157.689697265625,-2157.6897307953914,discharge
33977.565706,41.47075653076172,-51.968238830566406,-2155.162109375,-2155.1621798748965,discharge
33978.785705999995,41.470088958740234,-52.01148986816406,-2156.921142578125,-2156.92111170938,discharge
33980.015706,41.46919250488281,-51.95140838623047,-2154.383056640625,-2154.3829552683746,discharge
33981.235706,41.46760940551758,-52.00733947753906,-2156.6201171875,-2156.6200396747445,discharge
33982.455706,41.466941833496094,-52.023841857910156,-2157.26953125,-2157.26962427696,discharge
33983.675706,41.46644592285156,-52.00052261352539,-2156.27685546875,-2156.2768589137704,discharge
33984.895705999996,41.46526336669922,-51.962615966796875,-2154.6435546875,-2154.6435562858824,discharge
33986.115706,41.46451950073242,-51.967620849609375,-2154.8125,-2154.8124281252967,discharge
33987.335706,41.46322250366211,-52.03166198730469,-2157.400390625,-2157.400378214952,discharge
33988.555706,41.462249755859375,-51.99408721923828,-2155.791748046875,-2155.7918301119935,discharge
33989.785705999995,41.46129608154297,-52.0111083984375,-2156.447998046875,-2156.4479648368433,discharge
33991.005705999996,41.460514068603516,-51.995277404785156,-2155.7509765625,-2155.7509303420375,discharge
33992.225706,41.459293365478516,-51.9927978515625,-2155.584716796875,-2155.584659019951,discharge
33993.445706,41.4588737487793,-51.98435974121094,-2155.212890625,-2155.2130074219895,discharge
33994.665706,41.45790100097656,-51.96910095214844,-2154.52978515625,-2154.5298423839267,discharge
33995.885706,41.4570426940918,-51.9505500793457,-2153.716064453125,-2153.716172620989,discharge
33997.105705999995,41.45545959472656,-51.98741149902344,-2155.162109375,-2155.162036832189,discharge
33998.325705999996,41.45469665527344,-52.02322006225586,-2156.606689453125,-2156.606806711352,discharge
33999.545706,41.45378112792969,-52.016258239746094,-2156.2705078125,-2156.2705841643037,discharge
34000.775706,41.45256042480469,-51.99065399169922,-2155.145751953125,-2155.145726116025,discharge
34001.995706,41.45204544067383,-52.02188491821289,-2156.41357421875,-2156.4135375392652,discharge
34003.215705999995,41.451053619384766,-51.982261657714844,-2154.719482421875,-2154.719515230827,discharge
34004.435706,41.44989013671875,-52.0191650390625,-2156.188720703125,-2156.1886758729815,discharge
34005.655706,41.44920349121094,-51.99708938598633,-2155.238037109375,-2155.2379389104317,discharge
34006.875706,41.4476203918457,-52.01864242553711,-2156.048828125,-2156.048944552822,discharge
34008.095706,41.44674301147461,-52.01749801635742,-2155.955810546875,-2155.9558723838563,discharge
34009.315706,41.44630432128906,-51.967620849609375,-2153.86572265625,-2153.8658285862766,discharge
34010.545706,41.44523620605469,-51.95808410644531,-2153.4150390625,-2153.415068605682,discharge
34011.765706,41.444454193115234,-51.975013732910156,-2154.076171875,-2154.07607584013,discharge
34012.985706,41.44317626953125,-52.02445983886719,-2156.058837890625,-2156.058859429322,discharge
34014.205706,41.44214630126953,-52.03847885131836,-2156.586181640625,-2156.586253851856,discharge
34015.425706,41.44155502319336,-51.956031799316406,-2153.138671875,-2153.1387505981547,discharge
34016.645705999996,41.44001007080078,-52.013824462890625,-2155.453369140625,-2155.4534095630515,discharge
34017.865706,41.43943786621094,-51.98841094970703,-2154.37060546875,-2154.370525313425,discharge
34019.085706,41.43848419189453,-52.005531311035156,-2155.0302734375,-2155.0303871234064,discharge
34020.305706,41.43747329711914,-51.984500885009766,-2154.1064453125,-2154.1063672866585,discharge
34021.535705999995,41.436195373535156,-52.044532775878906,-2156.52734375,-2156.5274282256723,discharge
34022.755705999996,41.43516540527344,-52.01253890991211,-2155.148193359375,-2155.148152880429,discharge
34023.975706,41.43476486206055,-52.008201599121094,-2154.947509765625,-2154.947604158224,discharge
34025.195706,41.43318176269531,-52.036476135253906,-2156.036865234375,-2156.036774002132,discharge
34026.415706,41.432342529296875,-52.000572204589844,-2154.505615234375,-2154.5055193000007,discharge
34027.635706,41.431541442871094,-51.991127014160156,-2154.072509765625,-2154.0725335487514,discharge
34028.855705999995,41.43056869506836,-52.0091552734375,-2154.768798828125,-2154.768880328629,discharge
34030.075705999996,41.43003463745117,-51.95884704589844,-2152.65673828125,-2152.6568328335998,discharge
34031.305706,41.42812728881836,-52.0130615234375,-2154.8037109375,-2154.8037334741093,discharge
34032.525706,41.42759323120117,-52.01439666748047,-2154.831298828125,-2154.8312673067267,discharge
34033.745706,41.42662048339844,-52.018310546875,-2154.94287109375,-2154.942809212953,discharge
34034.965705999995,41.425533294677734,-52.05998229980469,-2156.612548828125,-2156.6125300808926,discharge
34036.185706,41.42484664916992,-52.00581359863281,-2154.332763671875,-2154.33285318868,discharge
34037.405706,41.42326354980469,-52.0075798034668,-2154.32373046875,-2154.3236847865046,discharge
34038.625706,41.42221450805664,-52.062129974365234,-2156.52880859375,-2156.528715544482,discharge
34039.845706,41.42200469970703,-52.006675720214844,-2154.220703125,-2154.220766098879,discharge
34041.065706,41.420440673828125,-52.027320861816406,-2154.99462890625,-2154.994557175087,discharge
34042.295706,41.419429779052734,-52.041099548339844,-2155.5126953125,-2155.512668367155,discharge
34043.515706,41.41878128051758,-52.04505920410156,-2155.642822265625,-2155.642923906271,discharge
34044.735706,41.41807556152344,-51.96027755737305,-2152.0947265625,-2152.0947020690073,discharge
34045.955706,41.41704559326172,-52.04362869262695,-2155.493408203125,-2155.4933424013143,discharge
34047.175706,41.41548156738281,-52.038238525390625,-2155.188720703125,-2155.1887084473856,discharge
34048.395705999996,41.414451599121094,-52.04386901855469,-2155.368408203125,-2155.368294499931,discharge
34049.615706,41.414642333984375,-51.979827880859375,-2152.72607421875,-2152.72598026786,discharge
34050.835706,41.41326904296875,-51.93848419189453,-2150.9423828125,-2150.9424195229076,discharge
34052.065706,41.41191482543945,-52.019927978515625,-2154.244873046875,-2154.244826671784,discharge
34053.285705999995,41.41094207763672,-52.027130126953125,-2154.492431640625,-2154.492472152924,discharge
34054.505705999996,41.40983581542969,-52.01954650878906,-2154.120849609375,-2154.1208801220637,discharge
34055.725706,41.40899658203125,-52.02479553222656,-2154.294677734375,-2154.2945803748444,discharge
34056.945706,41.408023834228516,-52.028419494628906,-2154.39404296875,-2154.3940344908333,discharge
34058.165706,41.407012939453125,-52.039573669433594,-2154.80322265625,-2154.803300293861,discharge
34059.385706,41.40644073486328,-51.990936279296875,-2152.759521484375,-2152.7596217987593,discharge
34060.605705999995,41.40493392944336,-52.0359992980957,-2154.547119140625,-2154.5471128902136,discharge
34061.825705999996,41.4045524597168,-51.97925567626953,-2152.177734375,-2152.177818465134,discharge
34063.055706,41.4031982421875,-52.009437561035156,-2153.35693359375,-2153.3570538042113,discharge
34064.275706,41.40256881713867,-51.999759674072266,-2152.923583984375,-2152.9236283804494,discharge
34065.495706,41.401710510253906,-52.0111083984375,-2153.348876953125,-2153.348853229545,discharge
34066.715705999995,41.400489807128906,-51.99456024169922,-2152.600341796875,-2152.6002613126184,discharge
34067.935706,41.39963150024414,-51.947879791259766,-2150.623046875,-2150.623080577134,discharge
34069.155706,41.39833450317383,-51.978538513183594,-2151.824951171875,-2151.824924354878,discharge
34070.375706,41.397151947021484,-52.022979736328125,-2153.603271484375,-2153.603196881595,discharge
34071.595706,41.396827697753906,-51.96070861816406,-2151.008544921875,-2151.008501719334,discharge
34072.825705999996,41.39556884765625,-52.005531311035156,-2152.798583984375,-2152.7985518448986,discharge
34074.045706,41.39505386352539,-51.930572509765625,-2149.6689453125,-2149.668846205459,discharge
34075.265706,41.39352798461914,-51.996803283691406,-2152.3310546875,-2152.3311318342166,discharge
34076.485706,41.392555236816406,-51.993324279785156,-2152.136474609375,-2152.1365471967147,discharge
34077.705706,41.39169692993164,-51.959564208984375,-2150.694580078125,-2150.6945343496045,discharge
34078.925706,41.390323638916016,-52.00724792480469,-2152.596923828125,-2152.5968231770094,discharge
34080.145705999996,41.389713287353516,-51.95932388305664,-2150.58154296875,-2150.5815181244543,discharge
34081.365706,41.38824462890625,-52.00562286376953,-2152.42138671875,-2152.4214411643334,discharge
34082.585706,41.38826370239258,-51.970245361328125,-2150.958251953125,-2150.958219692693,discharge
34083.815706,41.38650894165039,-51.99561309814453,-2151.9169921875,-2151.916906412953,discharge
34085.035705999995,41.385536193847656,-51.99708938598633,-2151.927490234375,-2151.927424758469,discharge
34086.255705999996,41.3848876953125,-51.947784423828125,-2149.853271484375,-2149.853224400431,discharge
34087.475706,41.38355255126953,-52.010440826416016,-2152.376708984375,-2152.3768111546815,discharge
34088.695706,41.382503509521484,-52.05116271972656,-2154.00732421875,-2154.0074239237583,discharge
34089.915706,41.381168365478516,-52.065181732177734,-2154.51806640625,-2154.518051238483,discharge
34091.135706,41.38038635253906,-52.02436447143555,-2152.788330078125,-2152.7883015733096,discharge
34092.355705999995,41.37960433959961,-52.01539993286133,-2152.376708984375,-2152.376668787838,discharge
34093.585706,41.37857437133789,-52.01697540283203,-2152.38818359375,-2152.388285278139,discharge
34094.805706,41.37754440307617,-52.01282501220703,-2152.1630859375,-2152.1629764720274,discharge
34096.025706,41.376304626464844,-52.03643035888672,-2153.0751953125,-2153.07519420312,discharge
34097.245706,41.37561798095703,-51.958038330078125,-2149.7958984375,-2149.795944985235,discharge
34098.465705999995,41.374454498291016,-51.990081787109375,-2151.061279296875,-2151.0612732631853,discharge
34099.685706,41.373252868652344,-52.04296112060547,-2153.1865234375,-2153.1865904762526,discharge
34100.905706,41.372413635253906,-52.01630401611328,-2152.0400390625,-2152.0400455317576,discharge
34102.125706,41.3714599609375,-51.981689453125,-2150.558349609375,-2150.558383911848,discharge
34103.345706,41.370582580566406,-52.00824737548828,-2151.611572265625,-2151.611492918164,discharge
34104.575705999996,41.3697624206543,-51.981258392333984,-2150.452392578125,-2150.4523100174993,discharge
34105.795706,41.36848449707031,-52.02779769897461,-2152.31103515625,-2152.3111425267416,discharge
34107.015706,41.36735916137695,-51.978111267089844,-2150.197265625,-2150.1971973157197,discharge
34108.235706,41.366844177246094,-51.95441436767578,-2149.190185546875,-2149.1901634677197,discharge
34109.455706,41.36556625366211,-51.96385192871094,-2149.51416015625,-2149.51415975258,discharge
34110.675706,41.36421203613281,-51.9902229309082,-2150.53466796875,-2150.5346051199012,discharge
34111.895705999996,41.36335372924805,-51.974342346191406,-2149.8330078125,-2149.833107310551,discharge
34113.115706,41.362552642822266,-51.99341583251953,-2150.580322265625,-2150.5803994527378,discharge
34114.345706,41.36140823364258,-52.012062072753906,-2151.292236328125,-2151.2921324647323,discharge
34115.565706,41.360530853271484,-51.956703186035156,-2148.956787109375,-2148.956825160276,discharge
34116.785705999995,41.35953903198242,-51.97286605834961,-2149.57373046875,-2149.573782344305,discharge
34118.005705999996,41.35845184326172,-52.00033187866211,-2150.6533203125,-2150.653221837274,discharge
34119.225706,41.35759353637695,-52.01049041748047,-2151.02880859375,-2151.0287223137857,discharge
34120.445706,41.35639190673828,-51.93901062011719,-2148.010009765625,-2148.010078453808,discharge
34121.665706,41.355533599853516,-52.0069580078125,-2150.775390625,-2150.7754993182607,discharge
34122.885706,41.35427474975586,-52.01782989501953,-2151.15966796875,-2151.1596293647017,discharge
34124.105705999995,41.35337829589844,-51.993560791015625,-2150.109375,-2150.1093883416615,discharge
34125.335706,41.352081298828125,-51.99422836303711,-2150.069580078125,-2150.0695583381457,discharge
34126.555706,41.35087966918945,-52.02436447143555,-2151.253173828125,-2151.2532351243863,discharge
34127.775706,41.35011672973633,-51.952125549316406,-2148.2265625,-2148.2264558221505,discharge
34128.995706,41.348628997802734,-52.033424377441406,-2151.5107421875,-2151.5107600680494,discharge
34130.215705999995,41.348018646240234,-52.04463195800781,-2151.9423828125,-2151.9424126364174,discharge
34131.435706,41.347389221191406,-51.99737548828125,-2149.955810546875,-2149.9557227944024,discharge
34132.655706,41.3463020324707,-51.98335647583008,-2149.319580078125,-2149.3195575112622,discharge
34133.875706,41.34449005126953,-52.05183029174805,-2152.056396484375,-2152.056379647547,discharge
34135.105705999995,41.343841552734375,-52.030372619628906,-2151.135498046875,-2151.1354815156665,discharge
34136.325705999996,41.34265899658203,-52.018592834472656,-2150.5869140625,-2150.5869450376485,discharge
34137.545706,41.34166717529297,-52.04896926879883,-2151.791259765625,-2151.791164327733,discharge
34138.765706,41.34086608886719,-52.04081726074219,-2151.412353515625,-2151.412457531551,discharge
34139.985706,41.339683532714844,-52.00796127319336,-2149.99267578125,-2149.992660215503,discharge
34141.205706,41.33838653564453,-52.016212463378906,-2150.266357421875,-2150.266296931368,discharge
34142.425706,41.337528228759766,-52.01864242553711,-2150.322021484375,-2150.3220996874006,discharge
34143.645705999996,41.336669921875,-52.04019546508789,-2151.16845703125,-2151.1683826101944,discharge
34144.865706,41.335697174072266,-52.00061798095703,-2149.481689453125,-2149.481797725457,discharge
34146.095706,41.33476257324219,-51.984642028808594,-2148.77294921875,-2148.7728357157903,discharge
34147.315706,41.333866119384766,-51.98731231689453,-2148.836669921875,-2148.836607213161,discharge
34148.535705999995,41.3328742980957,-51.98139953613281,-2148.540771484375,-2148.540652866068,discharge
34149.755705999996,41.331634521484375,-51.99542236328125,-2149.055908203125,-2149.055793909356,discharge
34150.975706,41.330204010009766,-52.01759338378906,-2149.897705078125,-2149.897746661736,discharge
34152.195706,41.32951736450195,-52.04997253417969,-2151.2001953125,-2151.200243673229,discharge
34153.415706,41.328163146972656,-52.010108947753906,-2149.482177734375,-2149.482267884596,discharge
34154.635706,41.32720947265625,-52.045204162597656,-2150.883056640625,-2150.8830544748344,discharge
34155.855705999995,41.326637268066406,-51.97272491455078,-2147.85791015625,-2147.8579503766377,discharge
34157.085706,41.325626373291016,-52.008583068847656,-2149.287353515625,-2149.2872721074673,discharge
34158.305706,41.32444381713867,-52.02899169921875,-2150.069091796875,-2150.0691443367396,discharge
34159.525706,41.32368087768555,-51.990509033203125,-2148.439208984375,-2148.4392039565137,discharge
34160.745706,41.32253646850586,-52.0274658203125,-2149.90673828125,-2149.9068537238054,discharge
34161.965705999995,41.321468353271484,-51.97467803955078,-2147.669921875,-2147.670013782772,discharge
34163.185706,41.32049560546875,-52.00834274291992,-2149.010498046875,-2149.010497756535,discharge
34164.405706,41.319923400878906,-51.92218017578125,-2145.42041015625,-2145.4205076699145,discharge
34165.625706,41.31855010986328,-51.990318298339844,-2148.16455078125,-2148.1645718376967,discharge
34166.855705999995,41.31715774536133,-52.01826095581055,-2149.24658203125,-2149.2466935505945,discharge
34168.075705999996,41.31561279296875,-52.05240249633789,-2150.576904296875,-2150.5769064824563,discharge
34169.295706,41.3151741027832,-52.04029083251953,-2150.0537109375,-2150.053676105017,discharge
34170.515706,41.31406784057617,-52.032470703125,-2149.673095703125,-2149.6730245416984,discharge
34171.735706,41.31278991699219,-52.023460388183594,-2149.234375,-2149.2342897719936,discharge
34172.955706,41.3115119934082,-52.01892852783203,-2148.98046875,-2148.980589761777,discharge
34174.175706,41.310977935791016,-52.03752517700195,-2149.720947265625,-2149.721054420297,discharge
34175.395705999996,41.31025314331055,-52.03828811645508,-2149.71484375,-2149.7148552352883,discharge
34176.615706,41.309146881103516,-51.98373794555664,-2147.40380859375,-2147.4038662217936,discharge
34177.845706,41.308326721191406,-51.975868225097656,-2147.0361328125,-2147.036146259925,discharge
34179.065706,41.306819915771484,-52.01873779296875,-2148.728515625,-2148.7286342598964,discharge
34180.285705999995,41.3056755065918,-52.00724792480469,-2148.194580078125,-2148.194506772852,discharge
34181.505705999996,41.30495071411133,-51.974151611328125,-2146.789794921875,-2146.789770713658,discharge
34182.725706,41.30399703979492,-51.97167205810547,-2146.6376953125,-2146.6377888411807,discharge
34183.945706,41.30268096923828,-51.981117248535156,-2146.95947265625,-2146.9595021408168,discharge
34185.165706,41.30147933959961,-51.98273468017578,-2146.9638671875,-2146.963842409168,discharge
34186.385706,41.300697326660156,-52.02054977416992,-2148.48486328125,-2148.4849809894513,discharge
34187.615706,41.29985809326172,-52.00023651123047,-2147.602294921875,-2147.602388729865,discharge
34188.835706,41.298580169677734,-51.99422836303711,-2147.287841796875,-2147.28780841142,discharge
34190.055706,41.297359466552734,-52.045013427734375,-2149.321533203125,-2149.3216279667104,discharge
34191.275706,41.29671096801758,-51.960899353027344,-2145.814208984375,-2145.814242220222,discharge
34192.495706,41.29547119140625,-51.990318298339844,-2146.964599609375,-2146.9646915211342,discharge
34193.715705999995,41.29438400268555,-52.00910568237305,-2147.68408203125,-2147.6839816841675,discharge
34194.935706,41.29404067993164,-51.95393371582031,-2145.387939453125,-2145.387852343556,discharge
34196.155706,41.292381286621094,-52.01106262207031,-2147.66064453125,-2147.660628912854,discharge
34197.375706,41.290931701660156,-52.04744338989258,-2149.08740234375,-2149.087430258078,discharge
34198.605705999995,41.29037857055664,-51.97286605834961,-2145.979248046875,-2145.9793149460893,discharge
34199.825705999996,41.2884521484375,-52.054405212402344,-2149.245849609375,-2149.2458187276497,discharge
34201.045706,41.288108825683594,-51.998756408691406,-2146.930419921875,-2146.930313402263,discharge
34202.265706,41.286869049072266,-52.05597686767578,-2149.228271484375,-2149.228300157265,discharge
34203.485706,41.28612518310547,-52.01220703125,-2147.382568359375,-2147.382490541786,discharge
34204.705706,41.284542083740234,-52.06146240234375,-2149.333740234375,-2149.3336354906205,discharge
34205.925706,41.28396987915039,-52.05087661743164,-2148.866943359375,-2148.866822457421,discharge
34207.145705999996,41.28324508666992,-51.981353759765625,-2145.958984375,-2145.9589672012953,discharge
34208.375706,41.28196716308594,-51.997802734375,-2146.571533203125,-2146.571585033089,discharge
34209.595706,41.28013610839844,-52.045536041259766,-2148.44677734375,-2148.4468116177595,discharge
34210.815706,41.27952575683594,-52.00409698486328,-2146.704345703125,-2146.704460947658,discharge
34212.035705999995,41.278018951416016,-52.055885314941406,-2148.763916015625,-2148.76382056289,discharge
34213.255705999996,41.27763748168945,-52.01740264892578,-2147.155517578125,-2147.155489281431,discharge
34214.475706,41.27655029296875,-52.019264221191406,-2147.17578125,-2147.175775829237,discharge
34215.695706,41.2750244140625,-52.037384033203125,-2147.84423828125,-2147.844296414405,discharge
34216.915706,41.27464294433594,-52.00038146972656,-2146.297119140625,-2146.2971781322267,discharge
34218.135706,41.27363204956055,-52.034141540527344,-2147.637939453125,-2147.638011958479,discharge
34219.365706,41.272125244140625,-52.039241790771484,-2147.77001953125,-2147.7701047988376,discharge
34220.585706,41.271400451660156,-52.036190032958984,-2147.6064453125,-2147.606436828937,discharge
34221.805706,41.269893646240234,-52.02250671386719,-2146.96337890625,-2146.9633192921174,discharge
34223.025706,41.269283294677734,-51.97267532348633,-2144.875,-2144.875061507264,discharge
34224.245706,41.268062591552734,-51.999664306640625,-2145.92529296875,-2145.925401346176,discharge
34225.465705999995,41.26716613769531,-51.99317932128906,-2145.611083984375,-2145.61116907862,discharge
34226.685706,41.26565933227539,-52.035858154296875,-2147.2939453125,-2147.2939956578193,discharge
34227.905706,41.2647819519043,-52.06327438354492,-2148.379638671875,-2148.379665139146,discharge
34229.135706,41.263484954833984,-52.01268005371094,-2146.224365234375,-2146.224440856895,discharge
34230.355705999995,41.262245178222656,-51.99861526489258,-2145.57958984375,-2145.579611988069,discharge
34231.575705999996,41.26136779785156,-52.01520919799805,-2146.21875,-2146.218677800789,discharge
34232.795706,41.26056671142578,-52.003814697265625,-2145.706787109375,-2145.706865565153,discharge
34234.015706,41.2592887878418,-52.0416259765625,-2147.200439453125,-2147.2004751558416,discharge
34235.235706,41.25823974609375,-52.01263427734375,-2145.94970703125,-2145.949734840542,discharge
34236.455706,41.25730514526367,-52.00347900390625,-2145.5234375,-2145.5234018794727,discharge
34237.675706,41.25598907470703,-52.0050048828125,-2145.517822265625,-2145.5179132753983,discharge
34238.895705999996,41.255340576171875,-52.02240753173828,-2146.2021484375,-2146.2021403142717,discharge
34240.125706,41.254119873046875,-52.00171661376953,-2145.28515625,-2145.2850507886615,discharge
34241.345706,41.252803802490234,-52.055694580078125,-2147.443359375,-2147.443355314317,discharge
34242.565706,41.25173568725586,-52.02784729003906,-2146.239013671875,-2146.2390047856024,discharge
34243.785705999995,41.251182556152344,-52.00004577636719,-2145.0634765625,-2145.0633812492015,discharge
34245.005705999996,41.24980926513672,-51.97071838378906,-2143.7822265625,-2143.7822207034333,discharge
34246.225706,41.24868392944336,-51.981689453125,-2144.17626953125,-2144.1762783704326,discharge
34247.445706,41.247520446777344,-51.96595001220703,-2143.466552734375,-2143.466585664719,discharge
34248.665706,41.24641418457031,-51.995277404785156,-2144.61865234375,-2144.6187474793987,discharge
34249.895705999996,41.2451171875,-51.973388671875,-2143.6484375,-2143.6485064029694,discharge
34251.115706,41.243934631347656,-52.0030517578125,-2144.810546875,-2144.8104673298076,discharge
34252.335706,41.24284744262695,-52.036190032958984,-2146.12060546875,-2146.1206470248726,discharge
34253.555706,41.24155044555664,-51.99880599975586,-2144.511474609375,-2144.5113807476446,discharge
34254.775706,41.240692138671875,-51.95793914794922,-2142.781494140625,-2142.781372560421,discharge
34255.995706,41.23964309692383,-52.05402374267578,-2146.689453125,-2146.6893609067483,discharge
34257.215705999995,41.238346099853516,-52.077674865722656,-2147.59716796875,-2147.5971801883134,discharge
34258.435706,41.237525939941406,-52.00953674316406,-2144.74462890625,-2144.7446205705637,discharge
34259.655706,41.23617172241211,-51.9847412109375,-2143.651611328125,-2143.6517155193724,discharge
34260.885706,41.23537063598633,-52.00896453857422,-2144.60888671875,-2144.6089291419776,discharge
34262.105705999995,41.234169006347656,-52.06885528564453,-2147.015869140625,-2147.015978815325,discharge
34263.325705999996,41.2327766418457,-52.05583572387695,-2146.40673828125,-2146.4066473072307,discharge
34264.545706,41.232242584228516,-52.056121826171875,-2146.390625,-2146.3906431308715,discharge
34265.765706,41.23085021972656,-52.04343795776367,-2145.795166015625,-2145.795195356186,discharge
34266.985706,41.229400634765625,-52.064369201660156,-2146.582763671875,-2146.582736611599,discharge
34268.205706,41.22932434082031,-52.00767517089844,-2144.2412109375,-2144.241307832999,discharge
34269.425706,41.227474212646484,-52.057743072509766,-2146.209228515625,-2146.2092600904725,discharge
34270.655706,41.226539611816406,-52.06127166748047,-2146.30615234375,-2146.3060786409187,discharge
34271.875706,41.225643157958984,-52.03318786621094,-2145.1015625,-2145.1016353434534,discharge
34273.095706,41.22455596923828,-52.05340576171875,-2145.87841796875,-2145.878539213445,discharge
34274.315706,41.22331619262695,-52.059791564941406,-2146.0771484375,-2146.077248603833,discharge
34275.535705999995,41.222076416015625,-52.00614929199219,-2143.801513671875,-2143.801460217219,discharge
34276.755705999996,41.2208366394043,-52.04143524169922,-2145.19140625,-2145.191500578221,discharge
34277.975706,41.22026443481445,-52.01148986816406,-2143.92724609375,-2143.9273660143954,discharge
34279.195706,41.21915817260742,-52.00276184082031,-2143.510009765625,-2143.510065729206,discharge
34280.415706,41.21757507324219,-52.06947326660156,-2146.177490234375,-2146.177423390327,discharge
34281.645705999996,41.21706008911133,-52.01253890991211,-2143.803955078125,-2143.8039416370884,discharge
34282.865706,41.21591567993164,-52.00052261352539,-2143.249267578125,-2143.249155351441,discharge
34284.085706,41.214637756347656,-51.99131774902344,-2142.80322265625,-2142.8033275011694,discharge
34285.305706,41.21335983276367,-52.00681686401367,-2143.375732421875,-2143.3756571732374,discharge
34286.525706,41.21259689331055,-52.01049041748047,-2143.4873046875,-2143.4873757990135,discharge
34287.745706,41.21112823486328,-51.98774337768555,-2142.4736328125,-2142.4735589789634,discharge
34288.965705999995,41.21004104614258,-52.042484283447266,-2144.6728515625,-2144.672913464092,discharge
34290.185706,41.20941162109375,-51.98478698730469,-2142.262451171875,-2142.262484994717,discharge
34291.415706,41.20790481567383,-51.958038330078125,-2141.081787109375,-2141.0818979149917,discharge
34292.635706,41.20664596557617,-52.032615661621094,-2144.089599609375,-2144.0895722313144,discharge
34293.855705999995,41.205787658691406,-52.012489318847656,-2143.215576171875,-2143.2155904723913,discharge
34295.075705999996,41.20473861694336,-52.02312469482422,-2143.599365234375,-2143.599255086883,discharge
34296.295706,41.20344161987305,-52.056739807128906,-2144.916748046875,-2144.916839563957,discharge
34297.515706,41.20180130004883,-52.03428268432617,-2143.90625,-2143.9061759501783,discharge
34298.735706,41.2017822265625,-52.02593994140625,-2143.5615234375,-2143.56144759804,discharge
34299.955706,41.20016098022461,-52.02827453613281,-2143.5732421875,-2143.5732864119927,discharge
34301.175706,41.19861602783203,-52.00457763671875,-2142.5166015625,-2142.5166257447563,discharge
34302.405706,41.197776794433594,-52.00981903076172,-2142.68896484375,-2142.688915548206,discharge
34303.625706,41.196651458740234,-52.027748107910156,-2143.368896484375,-2143.3690049847064,discharge
34304.845706,41.19548797607422,-52.0313720703125,-2143.457763671875,-2143.4577625012025,discharge
34306.065706,41.19457244873047,-52.00962829589844,-2142.514404296875,-2142.5144008669304,discharge
34307.285705999995,41.19344711303711,-52.029083251953125,-2143.25732421875,-2143.257289279136,discharge
34308.505705999996,41.191959381103516,-52.057884216308594,-2144.3662109375,-2144.3662521043734,discharge
34309.725706,41.191368103027344,-52.05073547363281,-2144.041015625,-2144.0410049277125,discharge
34310.945706,41.189842224121094,-52.026702880859375,-2142.9716796875,-2142.971683103824,discharge
34312.175706,41.18854522705078,-52.030517578125,-2143.061279296875,-2143.0613264534622,discharge
34313.395705999996,41.18757247924805,-52.06990051269531,-2144.6328125,-2144.632801353873,discharge
34314.615706,41.18654251098633,-52.0313720703125,-2142.992431640625,-2142.9923176788725,discharge
34315.835706,41.185646057128906,-51.99504089355469,-2141.449462890625,-2141.449350967887,discharge
34317.055706,41.18406295776367,-52.03514099121094,-2143.0185546875,-2143.0185225981404,discharge
34318.275706,41.183109283447266,-52.048919677734375,-2143.536376953125,-2143.5363471735036,discharge
34319.495706,41.18215560913086,-52.01744842529297,-2142.190673828125,-2142.190655440354,discharge
34320.715705999995,41.181182861328125,-52.009727478027344,-2141.822021484375,-2141.822097840486,discharge
34321.935706,41.18013381958008,-51.98883819580078,-2140.9072265625,-2140.9073140275723,discharge
34323.165706,41.178741455078125,-52.01454162597656,-2141.893310546875,-2141.893361520488,discharge
34324.385706,41.177520751953125,-51.999664306640625,-2141.21728515625,-2141.2172560812905,discharge
34325.605705999995,41.17626190185547,-52.103233337402344,-2145.416259765625,-2145.416381834366,discharge
34326.825705999996,41.175575256347656,-52.02698516845703,-2142.240966796875,-2142.241043164686,discharge
34328.045706,41.17410659790039,-52.01487731933594,-2141.666015625,-2141.666103423049,discharge
34329.265706,41.17300033569336,-51.98049545288086,-2140.19287109375,-2140.1929567309708,discharge
34330.485706,41.17206573486328,-52.06136703491211,-2143.47412109375,-2143.4740258082456,discharge
34331.705706,41.17063522338867,-52.05302429199219,-2143.05615234375,-2143.0560753997997,discharge
34332.935706,41.169891357421875,-51.98216247558594,-2140.10009765625,-2140.099981643725,discharge
34334.155706,41.16832733154297,-52.00782012939453,-2141.074951171875,-2141.0749628869235,discharge
34335.375706,41.167449951171875,-51.97711181640625,-2139.76513671875,-2139.7651493083686,discharge
34336.595706,41.16607666015625,-52.01325225830078,-2141.181640625,-2141.181529809255,discharge
34337.815706,41.164703369140625,-51.98240280151367,-2139.840087890625,-2139.840191739495,discharge
34339.035705999995,41.163997650146484,-51.93805694580078,-2137.97802734375,-2137.9780540701177,discharge
34340.255705999996,41.16279602050781,-52.002952575683594,-2140.5869140625,-2140.586929337005,discharge
34341.475706,41.161746978759766,-51.98406982421875,-2139.755126953125,-2139.755129030673,discharge
34342.695706,41.160640716552734,-52.00104522705078,-2140.396240234375,-2140.3963394758466,discharge
34343.925706,41.159820556640625,-51.90896987915039,-2136.56396484375,-2136.5638855058933,discharge
34345.145705999996,41.15821838378906,-51.973297119140625,-2139.12841796875,-2139.128312955145,discharge
34346.365706,41.15680694580078,-52.022315979003906,-2141.072509765625,-2141.072415621311,discharge
34347.585706,41.15619659423828,-51.95913314819336,-2138.440185546875,-2138.440298713249,discharge
34348.805706,41.15436553955078,-51.97420120239258,-2138.96533203125,-2138.965274909424,discharge
34350.025706,41.15346908569336,-52.01148986816406,-2140.453125,-2140.453240390343,discharge
34351.245706,41.15266799926758,-52.019073486328125,-2140.7236328125,-2140.723660812364,discharge
34352.465705999995,41.151275634765625,-52.018070220947266,-2140.60986328125,-2140.6099456507945,discharge
34353.695706,41.15028381347656,-51.984405517578125,-2139.173095703125,-2139.173040923197,discharge
34354.915706,41.148929595947266,-52.021217346191406,-2140.617431640625,-2140.617410073901,discharge
34356.135706,41.14763259887695,-52.010963439941406,-2140.1279296875,-2140.1280147403304,discharge
34357.355705999995,41.14673614501953,-51.99866485595703,-2139.575439453125,-2139.575342721364,discharge
34358.575705999996,41.145668029785156,-51.978302001953125,-2138.681884765625,-2138.6819589242805,discharge
34359.795706,41.14450454711914,-51.96866989135742,-2138.22509765625,-2138.225174652689,discharge
34361.015706,41.143245697021484,-51.966285705566406,-2138.061767578125,-2138.061660745734,discharge
34362.235706,41.14177703857422,-52.009437561035156,-2139.7607421875,-2139.7606840377557,discharge
34363.455706,41.14072799682617,-52.01268005371094,-2139.839599609375,-2139.8395224756678,discharge
34364.685706,41.13983154296875,-51.9536018371582,-2137.362548828125,-2137.3624276311602,discharge
34365.905706,41.13901138305664,-51.9683837890625,-2137.927978515625,-2137.9279322572984,discharge
34367.125706,41.13710403442383,-52.00986862182617,-2139.535400390625,-2139.5353763127787,discharge
34368.345706,41.1357307434082,-51.97825622558594,-2138.16357421875,-2138.1635526075843,discharge
34369.565706,41.13445281982422,-52.05221176147461,-2141.13916015625,-2141.1392488698766,discharge
34370.785705999995,41.13384246826172,-51.97834777832031,-2138.069091796875,-2138.0691692739492,discharge
34372.005705999996,41.132774353027344,-51.993751525878906,-2138.647216796875,-2138.647249281348,discharge
34373.225706,41.13138198852539,-52.01725769042969,-2139.541748046875,-2139.5416960606235,discharge
34374.445706,41.1308479309082,-51.986839294433594,-2138.2626953125,-2138.2627814279112,discharge
34375.675706,41.128997802734375,-51.98707580566406,-2138.17626953125,-2138.1763265817426,discharge
34376.895705999996,41.12833023071289,-51.98993682861328,-2138.25927734375,-2138.259290561109,discharge
34378.115706,41.126461029052734,-52.03895568847656,-2140.177978515625,-2140.1780831147335,discharge
34379.335706,41.12537384033203,-51.998233795166016,-2138.44677734375,-2138.4468038631894,discharge
34380.555706,41.12447738647461,-52.02593994140625,-2139.53955078125,-2139.5395906304475,discharge
34381.775706,41.12306594848633,-52.024505615234375,-2139.4072265625,-2139.4071753526805,discharge
34382.995706,41.12192153930664,-52.03256607055664,-2139.67919921875,-2139.679099442219,discharge
34384.215705999995,41.1212158203125,-51.998756408691406,-2138.252197265625,-2138.252084669657,discharge
34385.445706,41.11915588378906,-52.04668045043945,-2140.115478515625,-2140.1155666753766,discharge
34386.665706,41.11839294433594,-52.02751159667969,-2139.28759765625,-2139.2876657482702,discharge
34387.885706,41.11711502075195,-52.05693054199219,-2140.430908203125,-2140.430800722388,discharge
34389.105705999995,41.115970611572266,-52.00848388671875,-2138.37939453125,-2138.379295038758,discharge
34390.325705999996,41.11488342285156,-52.01263427734375,-2138.493408203125,-2138.4933948284015,discharge
34391.545706,41.113739013671875,-52.03819274902344,-2139.484619140625,-2139.484675426502,discharge
34392.765706,41.112422943115234,-52.053260803222656,-2140.03564453125,-2140.035673710372,discharge
34393.985706,41.11135482788086,-52.012969970703125,-2138.32373046875,-2138.323664117488,discharge
34395.205706,41.10994338989258,-52.02240753173828,-2138.63818359375,-2138.638228635682,discharge
34396.435706,41.108760833740234,-52.0111083984375,-2138.1123046875,-2138.1122158491053,discharge
34397.655706,41.10788345336914,-52.01811981201172,-2138.354736328125,-2138.35480669557,discharge
34398.875706,41.10597610473633,-52.08568572998047,-2141.032958984375,-2141.032953015383,discharge
34400.095706,41.10502243041992,-52.03938293457031,-2139.080078125,-2139.0800027907244,discharge
34401.315706,41.1048698425293,-52.001285552978516,-2137.506103515625,-2137.506074299381,discharge
34402.535705999995,41.10292434692383,-52.00190734863281,-2137.430419921875,-2137.4304636465968,discharge
34403.755705999996,41.10160827636719,-51.983497619628906,-2136.60546875,-2136.6053559974534,discharge
34404.975706,41.10015869140625,-52.034950256347656,-2138.644775390625,-2138.644713035319,discharge
34406.205706,41.09870910644531,-52.007389068603516,-2137.4365234375,-2137.4365547162597,discharge
34407.425706,41.098175048828125,-52.02608108520508,-2138.177001953125,-2138.176987544284,discharge
34408.645705999996,41.09661102294922,-52.031898498535156,-2138.334716796875,-2138.334693379875,discharge
34409.865706,41.09550476074219,-52.00185775756836,-2137.04248046875,-2137.0425930435886,discharge
34411.085706,41.09455108642578,-52.01120376586914,-2137.376953125,-2137.3770702230104,discharge
34412.305706,41.09315872192383,-52.02565002441406,-2137.898193359375,-2137.8982940645074,discharge
34413.525706,41.0926628112793,-51.958560943603516,-2135.11572265625,-2135.115625014805,discharge
34414.745706,41.09107971191406,-51.99089050292969,-2136.36181640625,-2136.3618259492796,discharge
34415.965705999995,41.0902214050293,-51.96418762207031,-2135.219970703125,-2135.219974523352,discharge
34417.195706,41.08894348144531,-51.92894744873047,-2133.70556640625,-2133.70558677183,discharge
34418.415706,41.087284088134766,-52.02360153198242,-2137.508544921875,-2137.508495432485,discharge
34419.635706,41.08613967895508,-52.02293395996094,-2137.421630859375,-2137.4215311880107,discharge
34420.855705999995,41.08469009399414,-52.01287078857422,-2136.9326171875,-2136.9326772475324,discharge
34422.075705999996,41.08345031738281,-52.007102966308594,-2136.63134765625,-2136.6312308673514,discharge
34423.295706,41.082191467285156,-52.0106315612793,-2136.710693359375,-2136.7107241349004,discharge
34424.515706,41.08100891113281,-51.988792419433594,-2135.751953125,-2135.7520446617855,discharge
34425.735706,41.08015060424805,-51.978919982910156,-2135.3017578125,-2135.3018611441075,discharge
34426.965705999995,41.0789680480957,-51.98202133178711,-2135.36767578125,-2135.367793363912,discharge
34428.185706,41.077117919921875,-52.026031494140625,-2137.079345703125,-2137.0794305903837,discharge
34429.405706,41.07656478881836,-51.976348876953125,-2135.009765625,-2135.0098621303914,discharge
34430.625706,41.07471466064453,-52.034759521484375,-2137.31298828125,-2137.312899780227,discharge
34431.845706,41.073760986328125,-52.02503204345703,-2136.86376953125,-2136.863731459016,discharge
34433.065706,41.07227325439453,-52.052974700927734,-2137.93408203125,-2137.9340006205894,discharge
34434.285705999995,41.07105255126953,-52.00042724609375,-2135.712158203125,-2135.7122801127844,discharge
34435.505705999996,41.07011795043945,-51.980064392089844,-2134.827392578125,-2134.8273756545677,discharge
34436.725706,41.068477630615234,-51.992034912109375,-2135.233642578125,-2135.23372275813,discharge
34437.955706,41.06739044189453,-52.06108093261719,-2138.0126953125,-2138.0127374868607,discharge
34439.175706,41.0664176940918,-51.989891052246094,-2135.03857421875,-2135.0385818218638,discharge
34440.395705999996,41.06538772583008,-51.969764709472656,-2134.158447265625,-2134.1585378146556,discharge
34441.615706,41.064186096191406,-52.019927978515625,-2136.156005859375,-2136.1560032202397,discharge
34442.835706,41.06241226196289,-52.03404235839844,-2136.643310546875,-2136.6432989769964,discharge
34444.055706,41.06086730957031,-52.02641296386719,-2136.249755859375,-2136.2496393022593,discharge
34445.275706,41.05958938598633,-52.064369201660156,-2137.74169921875,-2137.741621060559,discharge
34446.495706,41.05852127075195,-52.035377502441406,-2136.49560546875,-2136.495654015598,discharge
34447.725706,41.0569953918457,-52.06441879272461,-2137.608642578125,-2137.608602452019,discharge
34448.945706,41.05623245239258,-52.02632141113281,-2136.004638671875,-2136.004745498358,discharge
34450.165706,41.054954528808594,-52.032806396484375,-2136.20458984375,-2136.204500613967,discharge
34451.385706,41.05337142944336,-52.034950256347656,-2136.210205078125,-2136.2101401864493,discharge
34452.605705999995,41.052188873291016,-52.05078125,-2136.798583984375,-2136.7985028773546,discharge
34453.825705999996,41.05112075805664,-52.04133987426758,-2136.355224609375,-2136.3553275896265,discharge
34455.045706,41.05020523071289,-52.017547607421875,-2135.3310546875,-2135.3310048830463,discharge
34456.265706,41.048927307128906,-51.98802947998047,-2134.052734375,-2134.052842964593,discharge
34457.485706,41.04724884033203,-52.039955139160156,-2136.096923828125,-2136.0969882368227,discharge
34458.715705999995,41.046085357666016,-51.979209899902344,-2133.54296875,-2133.54308637543,discharge
34459.935706,41.04499816894531,-51.969383239746094,-2133.083251953125,-2133.0832399165956,discharge
34461.155706,41.04379653930664,-51.99260711669922,-2133.973876953125,-2133.973988045909,discharge
34462.375706,41.04291915893555,-51.953983306884766,-2132.343017578125,-2132.3431368491583,discharge
34463.595706,41.04148864746094,-52.01954650878906,-2134.959716796875,-2134.9596274865326,discharge
34464.815706,41.0399055480957,-51.970054626464844,-2132.84619140625,-2132.8461331994913,discharge
34466.035705999995,41.038360595703125,-52.00762939453125,-2134.307861328125,-2134.307848820463,discharge
34467.255705999996,41.03736877441406,-52.01725769042969,-2134.6513671875,-2134.651386475889,discharge
34468.485706,41.036338806152344,-51.99308395385742,-2133.605712890625,-2133.605808707216,discharge
34469.705706,41.03464126586914,-52.04624938964844,-2135.69921875,-2135.6991729381843,discharge
34470.925706,41.03351593017578,-52.03046798706055,-2134.992919921875,-2134.99303700155,discharge
34472.145705999996,41.032371520996094,-51.996612548828125,-2133.54443359375,-2133.5443239368033,discharge
34473.365706,41.03097915649414,-51.97844696044922,-2132.7265625,-2132.726573821128,discharge
34474.585706,41.029624938964844,-51.99174880981445,-2133.201904296875,-2133.201953587559,discharge
34475.805706,41.02823257446289,-52.030609130859375,-2134.723876953125,-2134.723932411871,discharge
34477.025706,41.02710723876953,-52.017879486083984,-2134.14306640625,-2134.1431200089573,discharge
34478.245706,41.02619171142578,-52.02555847167969,-2134.41064453125,-2134.4105357531225,discharge
34479.475706,41.02449417114258,-52.00929641723633,-2133.655029296875,-2133.6550777141383,discharge
34480.695706,41.0235595703125,-52.01873779296875,-2133.993896484375,-2133.9937886223197,discharge
34481.915706,41.022491455078125,-51.98149871826172,-2132.41064453125,-2132.410586992046,discharge
34483.135706,41.02088928222656,-52.01454162597656,-2133.682861328125,-2133.6827531049494,discharge
34484.355705999995,41.01972579956055,-51.99713897705078,-2132.908447265625,-2132.9083832002652,discharge
34485.575705999996,41.01856231689453,-52.004146575927734,-2133.13525390625,-2133.135327061609,discharge
34486.795706,41.017398834228516,-51.995704650878906,-2132.728515625,-2132.7285553318507,discharge
34488.015706,41.01585388183594,-51.98273468017578,-2132.1162109375,-2132.1162500203354,discharge
34489.245706,41.01482391357422,-52.015018463134766,-2133.38671875,-2133.3868231267843,discharge
34490.465705999995,41.013031005859375,-52.0172119140625,-2133.383544921875,-2133.383525069803,discharge
34491.685706,41.01226806640625,-51.994178771972656,-2132.399169921875,-2132.399197688792,discharge
34492.905706,41.01081848144531,-51.98693084716797,-2132.026611328125,-2132.0265843806555,discharge
34494.125706,41.00963592529297,-51.999900817871094,-2132.4970703125,-2132.4970006922376,discharge
34495.345706,41.00858688354492,-51.9709587097168,-2131.255615234375,-2131.255575668547,discharge
34496.565706,41.00717544555664,-52.00352478027344,-2132.517578125,-2132.517664452025,discharge
34497.785705999995,41.00547790527344,-51.98211669921875,-2131.551513671875,-2131.55153777916,discharge
34499.005705999996,41.003684997558594,-52.03776550292969,-2133.740234375,-2133.74014465895,discharge
34500.235706,41.00263595581055,-52.031803131103516,-2133.441162109375,-2133.441081909041,discharge
34501.455706,41.001853942871094,-52.01425552368164,-2132.680908203125,-2132.6809079291706,discharge
34502.675706,41.00015640258789,-52.03204345703125,-2133.322021484375,-2133.321919684531,discharge
34503.895705999996,40.99872589111328,-52.028892517089844,-2133.118408203125,-2133.1183027263614,discharge
34505.115706,40.99794387817383,-51.99589538574219,-2131.724853515625,-2131.7248009200557,discharge
34506.335706,40.99649429321289,-52.01091766357422,-2132.265380859375,-2132.265289179486,discharge
34507.555706,40.995235443115234,-51.993560791015625,-2131.48828125,-2131.4882661536103,discharge
34508.775706,40.993690490722656,-52.0115852355957,-2132.146728515625,-2132.1468270798505,discharge
34510.005705999996,40.99254608154297,-52.022315979003906,-2132.527099609375,-2132.5271850379067,discharge
34511.225706,40.99111557006836,-51.98931884765625,-2131.10009765625,-2131.1001772934105,discharge
34512.445706,40.9901237487793,-52.06074523925781,-2133.976318359375,-2133.9763898108504,discharge
34513.665706,40.98848342895508,-52.04172134399414,-2133.111328125,-2133.1112329226016,discharge
34514.885706,40.98724365234375,-51.99165344238281,-2130.99462890625,-2130.994567531161,discharge
34516.105705999995,40.98581314086914,-52.02207565307617,-2132.1669921875,-2132.167071917138,discharge
34517.325705999996,40.98451614379883,-52.0294189453125,-2132.400634765625,-2132.4005607166328,discharge
34518.545706,40.983219146728516,-52.03185272216797,-2132.432861328125,-2132.4328227229125,discharge
34519.765706,40.981998443603516,-52.01311111450195,-2131.601318359375,-2131.6012387414958,discharge
34520.995706,40.9809684753418,-51.990936279296875,-2130.638916015625,-2130.6389206653694,discharge
34522.215705999995,40.97919464111328,-52.02646255493164,-2132.00244140625,-2132.0025355271355,discharge
34523.435706,40.97801208496094,-52.01725769042969,-2131.563720703125,-2131.563814264955,discharge
34524.655706,40.97679138183594,-52.01592254638672,-2131.445556640625,-2131.445606717025,discharge
34525.875706,40.975379943847656,-52.02422332763672,-2131.71240234375,-2131.712317133497,discharge
34527.095706,40.97410202026367,-52.0390510559082,-2132.25341796875,-2132.2533870024927,discharge
34528.315706,40.972843170166016,-51.99708938598633,-2130.468505859375,-2130.4685887171217,discharge
34529.535705999995,40.971622467041016,-51.988365173339844,-2130.047607421875,-2130.0476705607434,discharge
34530.765706,40.969905853271484,-51.991939544677734,-2130.10498046875,-2130.1048682744295,discharge
34531.985706,40.968570709228516,-51.97777557373047,-2129.455078125,-2129.4551739007875,discharge
34533.205706,40.96738815307617,-52.02646255493164,-2131.38818359375,-2131.3882857193676,discharge
34534.425706,40.96641540527344,-52.0274658203125,-2131.378662109375,-2131.378777278587,discharge
34535.645705999996,40.96487045288086,-51.95545959472656,-2128.3486328125,-2128.3486716178595,discharge
34536.865706,40.96336364746094,-52.00934600830078,-2130.477783203125,-2130.477753604646,discharge
34538.085706,40.962276458740234,-51.996612548828125,-2129.899658203125,-2129.8996181430994,discharge
34539.305706,40.96109390258789,-51.970054626464844,-2128.750244140625,-2128.7502876772487,discharge
34540.525706,40.95956802368164,-52.001953125,-2129.9775390625,-2129.9775363877416,discharge
34541.755705999996,40.9581184387207,-52.01072692871094,-2130.261474609375,-2130.261513630103,discharge
34542.975706,40.9564208984375,-52.01921463012695,-2130.520751953125,-2130.5208491976373,discharge
34544.195706,40.955657958984375,-52.0355224609375,-2131.149169921875,-2131.149059627205,discharge
34545.415706,40.95457077026367,-51.9719123840332,-2128.4873046875,-2128.4873637978308,discharge
34546.635706,40.95237731933594,-52.04601287841797,-2131.407958984375,-2131.40795736399,discharge
34547.855705999995,40.951499938964844,-51.98359680175781,-2128.80615234375,-2128.806261254358,discharge
34549.075705999996,40.9498405456543,-52.03986358642578,-2131.024169921875,-2131.024115881737,discharge
34550.295706,40.94877243041992,-51.97162628173828,-2128.17431640625,-2128.174297449732,discharge
34551.525706,40.946922302246094,-52.04010009765625,-2130.8818359375,-2130.88193529984,discharge
34552.745706,40.94623565673828,-52.00896453857422,-2129.5712890625,-2129.5713182594045,discharge
34553.965705999995,40.94463348388672,-52.00347900390625,-2129.263427734375,-2129.26338770194,discharge
34555.185706,40.943355560302734,-51.97134017944336,-2127.881103515625,-2127.881059912397,discharge
34556.405706,40.94188690185547,-52.00214385986328,-2129.06591796875,-2129.0658925645403,discharge
34557.625706,40.94083786010742,-51.955650329589844,-2127.10791015625,-2127.1078560601745,discharge
34558.845706,40.93954086303711,-51.962615966796875,-2127.32568359375,-2127.325639722985,discharge
34560.065706,40.93803405761719,-51.972389221191406,-2127.6474609375,-2127.64743999287,discharge
34561.285705999995,40.93639373779297,-51.985836029052734,-2128.112548828125,-2128.1126524736464,discharge
34562.515706,40.93517303466797,-52.013492584228516,-2129.181396484375,-2129.1813190728135,discharge
34563.735706,40.93400955200195,-52.047157287597656,-2130.498779296875,-2130.4988335650705,discharge
34564.955706,40.9318733215332,-52.03175354003906,-2129.757080078125,-2129.7571445981157,discharge
34566.175706,40.931339263916016,-51.97343826293945,-2127.342529296875,-2127.3424342525686,discharge
34567.395705999996,40.92966079711914,-52.008392333984375,-2128.685791015625,-2128.685856833472,discharge
34568.615706,40.92872619628906,-51.9744873046875,-2127.24951171875,-2127.2495600860566,discharge
34569.835706,40.926971435546875,-51.98707580566406,-2127.673583984375,-2127.673566516023,discharge
34571.055706,40.92592239379883,-51.944637298583984,-2125.882080078125,-2125.882194855876,discharge
34572.285705999995,40.92458724975586,-51.99847412109375,-2128.01611328125,-2128.0160910228733,discharge
34573.505705999996,40.92302322387695,-51.95646286010742,-2126.215576171875,-2126.2155362546764,discharge
34574.725706,40.92161178588867,-51.97758483886719,-2127.006591796875,-2127.006548344216,discharge
34575.945706,40.92041015625,-52.02708435058594,-2128.9697265625,-2128.9696308597922,discharge
34577.165706,40.91865539550781,-52.025699615478516,-2128.82177734375,-2128.8216742759687,discharge
34578.385706,40.91753005981445,-52.004051208496094,-2127.87744140625,-2127.877328555769,discharge
34579.605705999995,40.916080474853516,-52.00080871582031,-2127.669189453125,-2127.669274173968,discharge
34580.825705999996,40.914459228515625,-52.00152587890625,-2127.6142578125,-2127.61431039311,discharge
34582.045706,40.91341018676758,-51.98893737792969,-2127.044677734375,-2127.04472011741,discharge
34583.275706,40.912628173828125,-51.99198913574219,-2127.12890625,-2127.1289195283316,discharge
34584.495706,40.91136932373047,-51.92070007324219,-2124.14697265625,-2124.1469362430507,discharge
34585.715705999995,40.909061431884766,-52.01253890991211,-2127.7841796875,-2127.784149493891,discharge
34586.935706,40.907745361328125,-52.002479553222656,-2127.30419921875,-2127.304191720905,discharge
34588.155706,40.90639114379883,-52.02336120605469,-2128.087890625,-2128.087962110003,discharge
34589.375706,40.9052848815918,-51.996612548828125,-2126.936279296875,-2126.9362491875654,discharge
34590.595706,40.90400695800781,-51.95708465576172,-2125.2529296875,-2125.2529522770783,discharge
34591.815706,40.902347564697266,-51.99608612060547,-2126.761962890625,-2126.7619865089364,discharge
34593.035705999995,40.90110778808594,-52.048828125,-2128.854736328125,-2128.854729384184,discharge
34594.265706,40.899391174316406,-52.0564079284668,-2129.075439453125,-2129.0753909961495,discharge
34595.485706,40.89855194091797,-51.97725296020508,-2125.79443359375,-2125.7943799391796,discharge
34596.705706,40.89662551879883,-52.02045440673828,-2127.4609375,-2127.4610431901237,discharge
34597.925706,40.89555740356445,-51.99188995361328,-2126.2373046875,-2126.237320117798,discharge
34599.145705999996,40.894737243652344,-51.956031799316406,-2124.728271484375,-2124.72826865589,discharge
34600.365706,40.892887115478516,-52.036476135253906,-2127.921630859375,-2127.9217444862297,discharge
34601.585706,40.891056060791016,-52.01129913330078,-2126.796875,-2126.7969486543734,discharge
34602.805706,40.88968276977539,-51.99079513549805,-2125.88720703125,-2125.8871200388967,discharge
34604.035705999995,40.88834762573242,-51.9561767578125,-2124.402099609375,-2124.402216577437,discharge
34605.255705999996,40.887393951416016,-51.97148132324219,-2124.978515625,-2124.978431102063,discharge
34606.475706,40.88584899902344,-52.03089904785156,-2127.327392578125,-2127.3274817538913,discharge
34607.695706,40.884132385253906,-52.054359436035156,-2128.197265625,-2128.197322412452,discharge
34608.915706,40.88279724121094,-52.04353332519531,-2127.685302734375,-2127.6852206501644,discharge
34610.135706,40.881500244140625,-51.99971008300781,-2125.826171875,-2125.8261604537256,discharge
34611.355705999995,40.88003158569336,-52.07676696777344,-2128.89990234375,-2128.8998785233707,discharge
34612.575705999996,40.87831497192383,-52.03032684326172,-2126.912109375,-2126.9120887909958,discharge
34613.795706,40.87745666503906,-52.018165588378906,-2126.370361328125,-2126.370309633785,discharge
34615.025706,40.87608337402344,-52.033470153808594,-2126.924560546875,-2126.92446424684,discharge
34616.245706,40.874271392822266,-52.05054473876953,-2127.528076171875,-2127.528091796703,discharge
34617.465705999995,40.87329864501953,-52.008056640625,-2125.74072265625,-2125.740831019357,discharge
34618.685706,40.87202072143555,-52.01592254638672,-2125.995849609375,-2125.9958641605044,discharge
34619.905706,40.870304107666016,-51.98521423339844,-2124.651611328125,-2124.651514821162,discharge
34621.125706,40.8690071105957,-52.02155303955078,-2126.0693359375,-2126.0692210776324,discharge
34622.345706,40.868263244628906,-51.92680358886719,-2122.158203125,-2122.1582785219653,discharge
34623.565706,40.86668014526367,-51.95927429199219,-2123.403076171875,-2123.4030430708663,discharge
34624.795706,40.865516662597656,-51.94244384765625,-2122.65478515625,-2122.6548045524396,discharge
34626.015706,40.863685607910156,-52.011871337890625,-2125.396728515625,-2125.396758230636,discharge
34627.235706,40.86200714111328,-51.98979187011719,-2124.4072265625,-2124.4072466617217,discharge
34628.455706,40.860862731933594,-51.97601318359375,-2123.78466796875,-2123.784740047995,discharge
34629.675706,40.85956573486328,-51.980018615722656,-2123.881103515625,-2123.880987528537,discharge
34630.895705999996,40.857696533203125,-52.02035903930664,-2125.43212890625,-2125.432043176261,discharge
34632.115706,40.85630416870117,-52.034950256347656,-2125.955810546875,-2125.955755076575,discharge
34633.335706,40.8552360534668,-52.00796127319336,-2124.797607421875,-2124.7975344758743,discharge
34634.555706,40.853729248046875,-51.99260711669922,-2124.091796875,-2124.091894045705,discharge
34635.785705999995,40.85275650024414,-51.97119903564453,-2123.166748046875,-2123.166739228909,discharge
34637.005705999996,40.851097106933594,-52.02050018310547,-2125.094482421875,-2125.0945045312983,discharge
34638.225706,40.84951400756836,-52.053260803222656,-2126.350341796875,-2126.350406320853,discharge
34639.445706,40.848350524902344,-52.00152587890625,-2124.176513671875,-2124.176556931343,discharge
34640.665706,40.8473014831543,-51.994850158691406,-2123.849365234375,-2123.849320003501,discharge
34641.885706,40.846004486083984,-51.955604553222656,-2122.178955078125,-2122.178856658138,discharge
34643.105705999995,40.84390640258789,-52.067138671875,-2126.625244140625,-2126.625338564627,discharge
34644.325705999996,40.84291458129883,-51.995704650878906,-2123.656005859375,-2123.6561236502894,discharge
34645.555706,40.841331481933594,-52.029273986816406,-2124.94482421875,-2124.9448256599135,discharge
34646.775706,40.83993911743164,-52.05426025390625,-2125.892822265625,-2125.892819572473,discharge
34647.995706,40.83869934082031,-51.989410400390625,-2123.179931640625,-2123.1799002480693,discharge
34649.215705999995,40.837669372558594,-51.982879638671875,-2122.859619140625,-2122.85965171759,discharge
34650.435706,40.83600997924805,-51.9775390625,-2122.555419921875,-2122.555303853005,discharge
34651.655706,40.83477020263672,-52.02436447143555,-2124.403076171875,-2124.4029681292886,discharge
34652.875706,40.833187103271484,-52.01549530029297,-2123.95849609375,-2123.9584518662014,discharge
34654.095706,40.831947326660156,-52.017974853515625,-2123.9951171875,-2123.9952092582826,discharge
34655.315706,40.83076477050781,-52.010963439941406,-2123.6474609375,-2123.6474137037294,discharge
34656.545706,40.82906723022461,-51.99894714355469,-2123.068603515625,-2123.0685088250902,discharge
34657.765706,40.82723617553711,-52.02613067626953,-2124.0830078125,-2124.0831244194123,discharge
34658.985706,40.82620620727539,-52.03542709350586,-2124.4091796875,-2124.409076603115,discharge
34660.205706,40.824851989746094,-52.02183532714844,-2123.78369140625,-2123.7837274657795,discharge
34661.425706,40.823307037353516,-52.04777526855469,-2124.76220703125,-2124.762310399383,discharge
34662.645705999996,40.82191467285156,-52.001380920410156,-2122.7958984375,-2122.7959348034346,discharge
34663.865706,40.82073211669922,-52.02226638793945,-2123.5869140625,-2123.5870003256423,discharge
34665.085706,40.81941604614258,-51.99451446533203,-2122.3857421875,-2122.3857180775667,discharge
34666.315706,40.818424224853516,-51.99217987060547,-2122.23876953125,-2122.2388543332636,discharge
34667.535705999995,40.816898345947266,-51.995277404785156,-2122.285888671875,-2122.2859523004445,discharge
34668.755705999996,40.8154296875,-52.039100646972656,-2123.998291015625,-2123.998253457248,discharge
34669.975706,40.8140754699707,-52.017547607421875,-2123.048095703125,-2123.0481138121104,discharge
34671.195706,40.812721252441406,-51.97935104370117,-2121.418701171875,-2121.418765029375,discharge
34672.415706,40.81094741821289,-52.042152404785156,-2123.8896484375,-2123.8895453223085,discharge
34673.635706,40.80955505371094,-52.028751373291016,-2123.270263671875,-2123.2701935441582,discharge
34674.855705999995,40.80850601196289,-51.96099090576172,-2120.450439453125,-2120.450409765326,discharge
34676.075705999996,40.807228088378906,-52.016639709472656,-2122.65478515625,-2122.654881015478,discharge
34677.305706,40.80610275268555,-51.99918746948242,-2121.88427734375,-2121.8841869358585,discharge
34678.525706,40.804405212402344,-52.039146423339844,-2123.426513671875,-2123.426417565497,discharge
34679.745706,40.803184509277344,-51.99713897705078,-2121.64892578125,-2121.6488556351396,discharge
34680.965705999995,40.802154541015625,-51.99556350708008,-2121.531005859375,-2121.5310176630737,discharge
34682.185706,40.80097198486328,-51.975677490234375,-2120.658203125,-2120.658161173342,discharge
34683.405706,40.79948425292969,-52.02984619140625,-2122.790771484375,-2122.790890368633,discharge
34684.625706,40.79805374145508,-52.0289421081543,-2122.6796875,-2122.679576239534,discharge
34685.845706,40.79671859741211,-51.97520446777344,-2120.417724609375,-2120.4177907147096,discharge
34687.075705999996,40.7957649230957,-51.941680908203125,-2119.00048828125,-2119.000604041503,discharge
34688.295706,40.793609619140625,-52.034141540527344,-2122.660400390625,-2122.660456871381,discharge
34689.515706,40.79244613647461,-51.98883819580078,-2120.751953125,-2120.751881800097,discharge
34690.735706,40.79084396362305,-52.02021789550781,-2121.948486328125,-2121.9485911293305,discharge
34691.955706,40.78968048095703,-52.04935073852539,-2123.076416015625,-2123.0763858657156,discharge
34693.175706,40.78880310058594,-51.96704864501953,-2119.673828125,-2119.673714900273,discharge
34694.395705999996,40.78718185424805,-52.011871337890625,-2121.417724609375,-2121.4176548382966,discharge
34695.615706,40.785560607910156,-52.056312561035156,-2123.14599609375,-2123.145890982414,discharge
34696.835706,40.784854888916016,-51.9383430480957,-2118.2978515625,-2118.297784387323,discharge
34698.065706,40.7829475402832,-52.01730728149414,-2121.419189453125,-2121.419114047967,discharge
34699.285705999995,40.78208923339844,-52.0014762878418,-2120.728759765625,-2120.728846239217,discharge
34700.505705999996,40.780372619628906,-52.03022766113281,-2121.81201171875,-2121.812071505119,discharge
34701.725706,40.77890396118164,-52.01845169067383,-2121.25537109375,-2121.255445703355,discharge
34702.945706,40.77779769897461,-52.00495910644531,-2120.647705078125,-2120.6477017860743,discharge
34704.165706,40.776519775390625,-51.98993682861328,-2119.96875,-2119.968687213259,discharge
34705.385706,40.77497482299805,-52.020599365234375,-2121.138671875,-2121.1386293947,discharge
34706.605705999995,40.773963928222656,-52.031280517578125,-2121.521484375,-2121.5215549629647,discharge
34707.835706,40.772552490234375,-52.026222229003906,-2121.241943359375,-2121.24187670066,discharge
34709.055706,40.771217346191406,-51.96857452392578,-2118.822021484375,-2118.8220470867236,discharge
34710.275706,40.76995849609375,-51.988746643066406,-2119.5791015625,-2119.5790429017507,discharge
34711.495706,40.76936721801758,-51.98054504394531,-2119.2138671875,-2119.21392908931,discharge
34712.715705999995,40.767574310302734,-51.977203369140625,-2118.984619140625,-2118.984500793158,discharge
34713.935706,40.76568603515625,-52.03857421875,-2121.38818359375,-2121.388178318739,discharge
34715.155706,40.764217376708984,-52.02021789550781,-2120.5634765625,-2120.5634702762472,discharge
34716.375706,40.76332092285156,-52.03861999511719,-2121.266845703125,-2121.266967243282,discharge
34717.595706,40.76179504394531,-52.01301574707031,-2120.143798828125,-2120.14388749958,discharge
34718.825705999996,40.76120376586914,-51.981258392333984,-2118.818603515625,-2118.818665336221,discharge
34720.045706,40.759029388427734,-52.02970504760742,-2120.68017578125,-2120.6802771066577,discharge
34721.265706,40.758113861083984,-51.994895935058594,-2119.2138671875,-2119.213888716331,discharge
34722.485706,40.75660705566406,-51.992942810058594,-2119.055908203125,-2119.055939777172,discharge
34723.705706,40.75523376464844,-51.96776580810547,-2117.95849609375,-2117.9584437358426,discharge
34724.925706,40.75418472290039,-52.01258850097656,-2119.730712890625,-2119.7306396850036,discharge
34726.145705999996,40.75275421142578,-52.015830993652344,-2119.788330078125,-2119.7883755873772,discharge
34727.365706,40.75105667114258,-51.979209899902344,-2118.207763671875,-2118.2077283521357,discharge
34728.595706,40.75061798095703,-51.985504150390625,-2118.44140625,-2118.4414201800246,discharge
34729.815706,40.74918746948242,-51.973106384277344,-2117.86181640625,-2117.861855424271,discharge
34731.035705999995,40.747528076171875,-52.032135009765625,-2120.180908203125,-2120.1808821735904,discharge
34732.255705999996,40.74573516845703,-51.99561309814453,-2118.599365234375,-2118.5994812185527,discharge
34733.475706,40.744972229003906,-52.019691467285156,-2119.540771484375,-2119.540884195885,discharge
34734.695706,40.743465423583984,-52.03404235839844,-2120.047119140625,-2120.047205678711,discharge
34735.915706,40.742740631103516,-51.985313415527344,-2118.024169921875,-2118.0241411154566,discharge
34737.135706,40.740928649902344,-52.03351974487305,-2119.893798828125,-2119.8939153291576,discharge
34738.355705999995,40.740203857421875,-51.98040008544922,-2117.692138671875,-2117.6920960715506,discharge
34739.585706,40.73841094970703,-52.046966552734375,-2120.310791015625,-2120.3107121109497,discharge
34740.805706,40.737667083740234,-51.98068618774414,-2117.57177734375,-2117.571888700695,discharge
34742.025706,40.73637008666992,-51.975059509277344,-2117.275146484375,-2117.2752594466147,discharge
34743.245706,40.735225677490234,-51.995994567871094,-2118.068603515625,-2118.0685730477853,discharge
34744.465705999995,40.73343276977539,-52.051353454589844,-2120.230224609375,-2120.2303065183514,discharge
34745.685706,40.73249816894531,-52.00214385986328,-2118.17724609375,-2118.177229553112,discharge
34746.905706,40.731143951416016,-52.00624465942383,-2118.27392578125,-2118.2738375955523,discharge
34748.125706,40.72996139526367,-51.98774337768555,-2117.458740234375,-2117.458780800007,discharge
34749.355705999995,40.728607177734375,-52.00762939453125,-2118.1982421875,-2118.1983078550547,discharge
34750.575705999996,40.7274055480957,-51.99871063232422,-2117.7724609375,-2117.7725759007444,discharge
34751.795706,40.7255744934082,-52.03275680541992,-2119.06396484375,-2119.0639133765217,discharge
34753.015706,40.72429656982422,-52.085018157958984,-2121.125732421875,-2121.125726309401,discharge
34754.235706,40.72338104248047,-51.994659423828125,-2117.3984375,-2117.3983278905507,discharge
34755.455706,40.72214126586914,-52.0289421081543,-2118.72998046875,-2118.7299304419867,discharge
34756.675706,40.72044372558594,-52.055503845214844,-2119.72314453125,-2119.7232149360934,discharge
34757.895705999996,40.719852447509766,-51.95026397705078,-2115.406982421875,-2115.4070837546897,discharge
34759.115706,40.71849822998047,-52.02436447143555,-2118.35400390625,-2118.353992646007,discharge
34760.345706,40.71685791015625,-52.03990936279297,-2118.901611328125,-2118.901595182251,discharge
34761.565706,40.71592330932617,-52.038238525390625,-2118.784912109375,-2118.7849289522273,discharge
34762.785705999995,40.71495056152344,-52.05726623535156,-2119.509033203125,-2119.509021140402,discharge
34764.005705999996,40.71310043334961,-52.034664154052734,-2118.492431640625,-2118.4925077195658,discharge
34765.225706,40.71168899536133,-52.05712127685547,-2119.333251953125,-2119.333331417147,discharge
34766.445706,40.71075439453125,-52.029991149902344,-2118.18017578125,-2118.180190853309,discharge
34767.665706,40.710201263427734,-52.01039123535156,-2117.353515625,-2117.35349498078,discharge
34768.885706,40.70878982543945,-51.96289825439453,-2115.3466796875,-2115.3467037588416,discharge
34770.115706,40.70751190185547,-52.01049041748047,-2117.2177734375,-2117.217657690926,discharge
34771.335706,40.70575714111328,-52.027034759521484,-2117.7998046875,-2117.7998416933406,discharge
34772.555706,40.7044792175293,-51.99766159057617,-2116.537841796875,-2116.537735573729,discharge
34773.775706,40.703678131103516,-51.98974609375,-2116.173828125,-2116.1738911177963,discharge
34774.995706,40.70268630981445,-51.963661193847656,-2115.060546875,-2115.0606010826596,discharge
34776.215705999995,40.701332092285156,-52.00319290161133,-2116.59912109375,-2116.599224147649,discharge
34777.435706,40.70068359375,-51.955413818359375,-2114.620849609375,-2114.6208588033915,discharge
34778.655706,40.69841384887695,-52.04463195800781,-2118.134033203125,-2118.133970039489,discharge
34779.875706,40.6971549987793,-52.04644012451172,-2118.14208984375,-2118.1420408819395,discharge
34781.105705999995,40.696144104003906,-51.98626708984375,-2115.640625,-2115.640616917517,discharge
34782.325705999996,40.69437026977539,-52.031089782714844,-2117.372314453125,-2117.372433157725,discharge
34783.545706,40.69377899169922,-52.001380920410156,-2116.1328125,-2116.1327024383354,discharge
34784.765706,40.69284439086914,-52.00352478027344,-2116.17138671875,-2116.1713416603743,discharge
34785.985706,40.69171905517578,-51.97673034667969,-2115.0224609375,-2115.022508673719,discharge
34787.205706,40.69009780883789,-52.028846740722656,-2117.058837890625,-2117.0588627610414,discharge
34788.425706,40.68950653076172,-52.00052261352539,-2115.87548828125,-2115.875604486064,discharge
34789.645705999996,40.68794250488281,-51.979400634765625,-2114.934814453125,-2114.934864465613,discharge
34790.875706,40.68645477294922,-51.962425231933594,-2114.166748046875,-2114.1668640918215,discharge
34792.095706,40.68510055541992,-52.04172134399414,-2117.32275390625,-2117.322665957545,discharge
34793.315706,40.684165954589844,-52.009727478027344,-2115.972412109375,-2115.972383969056,discharge
34794.535705999995,40.68288803100586,-51.97978210449219,-2114.687744140625,-2114.687655233138,discharge
34795.755705999996,40.68145751953125,-52.03685760498047,-2116.935302734375,-2116.9352121069096,discharge
34796.975706,40.68056106567383,-52.0294189453125,-2116.5859375,-2116.585954616312,discharge
34798.195706,40.67939758300781,-52.004478454589844,-2115.5107421875,-2115.510855151224,discharge
34799.415706,40.67827224731445,-51.961280822753906,-2113.695068359375,-2113.695127627143,discharge
34800.635706,40.676822662353516,-52.02770233154297,-2116.321533203125,-2116.32162126989,discharge
34801.865706,40.675697326660156,-51.983642578125,-2114.470947265625,-2114.470911445096,discharge
34803.085706,40.674285888671875,-51.99241638183594,-2114.75439453125,-2114.754407957662,discharge
34804.305706,40.673561096191406,-52.00476837158203,-2115.21923828125,-2115.219123654824,discharge
34805.525706,40.672035217285156,-52.02460479736328,-2115.946533203125,-2115.9465584837017,discharge
34806.745706,40.67108154296875,-52.02812957763672,-2116.040283203125,-2116.0403005802073,discharge
34807.965705999995,40.669708251953125,-52.02455520629883,-2115.823486328125,-2115.8234821778024,discharge
34809.185706,40.6689453125,-51.965187072753906,-2113.369384765625,-2113.3693512156606,discharge
34810.405706,40.66740036010742,-51.967430114746094,-2113.38037109375,-2113.3802861622826,discharge
34811.625706,40.66598892211914,-52.017738342285156,-2115.352783203125,-2115.3527711810602,discharge
34812.855705999995,40.66530227661133,-51.98259353637695,-2113.887939453125,-2113.887879278991,discharge
34814.075705999996,40.66362380981445,-52.000999450683594,-2114.549072265625,-2114.5490793969657,discharge
34815.295706,40.662784576416016,-51.98841094970703,-2113.99365234375,-2113.9935549181246,discharge
34816.515706,40.661659240722656,-51.972007751464844,-2113.26806640625,-2113.26806924626,discharge
34817.735706,40.659828186035156,-52.03032684326172,-2115.544189453125,-2115.5441499102744,discharge
34818.955706,40.65898895263672,-51.99737548828125,-2114.16064453125,-2114.1607155441307,discharge
34820.175706,40.65793991088867,-51.97286605834961,-2113.109619140625,-2113.109665197044,discharge
34821.395705999996,40.656089782714844,-52.05207061767578,-2116.233642578125,-2116.23365640844,discharge
34822.625706,40.655174255371094,-52.03971862792969,-2115.683837890625,-2115.6838290189626,discharge
34823.845706,40.65408706665039,-52.042484283447266,-2115.73974609375,-2115.7396872240497,discharge
34825.065706,40.65299987792969,-52.00223922729492,-2114.047119140625,-2114.047024959291,discharge
34826.285705999995,40.65176010131836,-52.05678939819336,-2116.2001953125,-2116.2001142602094,discharge
34827.505705999996,40.65113067626953,-51.98860168457031,-2113.3955078125,-2113.395440755994,discharge
34828.725706,40.64973831176758,-52.00529098510742,-2114.00146484375,-2114.001469371942,discharge
34829.945706,40.64836502075195,-52.045345306396484,-2115.55810546875,-2115.5581936454837,discharge
34831.165706,40.64765930175781,-51.98139953613281,-2112.922119140625,-2112.922218373278,discharge
34832.385706,40.64598083496094,-51.99732971191406,-2113.482421875,-2113.482466939604,discharge
34833.615706,40.64504623413086,-52.00152587890625,-2113.6044921875,-2113.604423593497,discharge
34834.835706,40.643768310546875,-51.999237060546875,-2113.44482421875,-2113.4449434140697,discharge
34836.055706,40.642032623291016,-52.03418731689453,-2114.775146484375,-2114.775138459663,discharge
34837.275706,40.641212463378906,-52.002811431884766,-2113.457275390625,-2113.457308096258,discharge
34838.495706,40.640296936035156,-52.00910568237305,-2113.66552734375,-2113.665498309274,discharge
34839.715705999995,40.638980865478516,-51.994850158691406,-2113.017822265625,-2113.0177207024826,discharge
34840.935706,40.63753128051758,-52.037715911865234,-2114.684326171875,-2114.6843081351108,discharge
34842.155706,40.636749267578125,-52.009010314941406,-2113.47705078125,-2113.4771118231583,discharge
34843.385706,40.6355094909668,-51.96332931518555,-2111.556396484375,-2111.5563615694555,discharge
34844.605705999995,40.6342887878418,-51.98335647583008,-2112.306640625,-2112.3067192002054,discharge
34845.825705999996,40.63283920288086,-52.02250671386719,-2113.822265625,-2113.8221502353554,discharge
34847.045706,40.63192367553711,-52.006004333496094,-2113.10400390625,-2113.1039987482654,discharge
34848.265706,40.63117980957031,-51.99441909790039,-2112.594482421875,-2112.5945914609474,discharge
34849.485706,40.629539489746094,-52.01477813720703,-2113.33642578125,-2113.336482376035,discharge
34850.705706,40.628509521484375,-51.984405517578125,-2112.048828125,-2112.0489145396277,discharge
34851.925706,40.62692642211914,-52.00777053833008,-2112.915771484375,-2112.9158670391917,discharge
34853.145705999996,40.62641143798828,-52.00672149658203,-2112.846435546875,-2112.8464650610113,discharge
34854.375706,40.6245231628418,-52.06584930419922,-2115.150390625,-2115.1503010514716,discharge
34855.595706,40.62379837036133,-52.01377868652344,-2112.997314453125,-2112.9972578419256,discharge
34856.815706,40.62274932861328,-51.996517181396484,-2112.241455078125,-2112.241483420803,discharge
34858.035705999995,40.622005462646484,-52.004337310791016,-2112.5205078125,-2112.520474320263,discharge
34859.255705999996,40.62053680419922,-52.03881072998047,-2113.844482421875,-2113.844426503929,discharge
34860.475706,40.61939239501953,-52.003334045410156,-2112.34375,-2112.3438314397936,discharge
34861.695706,40.6182861328125,-51.98798370361328,-2111.662841796875,-2111.6627975413576,discharge
34862.915706,40.617427825927734,-51.946876525878906,-2109.948486328125,-2109.948508072266,discharge
34864.145705999996,40.61635971069336,-51.980926513671875,-2111.276123046875,-2111.2760093744146,discharge
34865.365706,40.614891052246094,-51.979400634765625,-2111.1376953125,-2111.1376937420573,discharge
34866.585706,40.61328887939453,-52.02016830444336,-2112.710205078125,-2112.7101229030814,discharge
34867.805706,40.612850189208984,-51.98712158203125,-2111.34521484375,-2111.3451805792283,discharge
34869.025706,40.611019134521484,-52.014015197753906,-2112.34228515625,-2112.342166459275,discharge
34870.245706,40.610389709472656,-52.010009765625,-2112.146728515625,-2112.14676537551,discharge
34871.465705999995,40.609092712402344,-51.9587516784668,-2109.997802734375,-2109.997764131549,discharge
34872.685706,40.60737609863281,-52.02646255493164,-2112.658203125,-2112.658132049546,discharge
34873.905706,40.606422424316406,-52.04763412475586,-2113.46826171875,-2113.468217456102,discharge
34875.135706,40.60503005981445,-51.99627685546875,-2111.310302734375,-2111.310384714743,discharge
34876.355705999995,40.60396194458008,-52.025604248046875,-2112.445556640625,-2112.445655031479,discharge
34877.575705999996,40.60321807861328,-51.998233795166016,-2111.295654296875,-2111.295626487845,discharge
34878.795706,40.601806640625,-52.04853820800781,-2113.2646484375,-2113.2646842487156,discharge
34880.015706,40.600337982177734,-52.01744842529297,-2111.926025390625,-2111.9259870373935,discharge
34881.235706,40.5992317199707,-52.011444091796875,-2111.624755859375,-2111.6246707731625,discharge
34882.455706,40.598392486572266,-52.013824462890625,-2111.677734375,-2111.6776602721075,discharge
34883.675706,40.59736251831055,-52.01730728149414,-2111.765380859375,-2111.7654809331725,discharge
34884.905706,40.59581756591797,-52.01854705810547,-2111.7353515625,-2111.7354464149685,discharge
34886.125706,40.594482421875,-52.02951431274414,-2112.111083984375,-2112.1112041873857,discharge
34887.345706,40.59358596801758,-51.99065399169922,-2110.487060546875,-2110.4870823454985,discharge
34888.565706,40.592288970947266,-52.03142166137695,-2112.074462890625,-2112.0745036478183,discharge
34889.785705999995,40.590476989746094,-52.05836486816406,-2113.073974609375,-2113.07386130502,discharge
34891.005705999996,40.58980941772461,-52.07252502441406,-2113.61376953125,-2113.6138666406623,discharge
34892.225706,40.58870315551758,-52.060462951660156,-2113.066650390625,-2113.0666768837546,discharge
34893.445706,40.588111877441406,-52.022315979003906,-2111.487548828125,-2111.4875810794183,discharge
34894.665706,40.58692932128906,-51.998565673828125,-2110.462158203125,-2110.4621098120697,discharge
34895.895705999996,40.58525085449219,-52.01878356933594,-2111.1953125,-2111.1953803070355,discharge
34897.115706,40.58401107788086,-52.037574768066406,-2111.8935546875,-2111.8935108532605,discharge
34898.335706,40.58391571044922,-51.98173522949219,-2109.622314453125,-2109.6223610365996,discharge
34899.555706,40.581817626953125,-52.04005432128906,-2111.8798828125,-2111.8799937632866,discharge
34900.775706,40.58025360107422,-52.08592224121094,-2113.659912109375,-2113.659933594172,discharge
34901.995706,40.57941436767578,-52.02293395996094,-2111.060302734375,-2111.060193783487,discharge
34903.215705999995,40.57798385620117,-52.05793380737305,-2112.406005859375,-2112.4059976227727,discharge
34904.435706,40.5769157409668,-52.02851104736328,-2111.156494140625,-2111.15650889682,discharge
34905.665706,40.57609558105469,-52.00843811035156,-2110.29931640625,-2110.2993557869922,discharge
34906.885706,40.57514190673828,-52.027366638183594,-2111.017822265625,-2111.0177843782003,discharge
34908.105705999995,40.57384490966797,-52.01392364501953,-2110.40478515625,-2110.404871116334,discharge
34909.325705999996,40.57262420654297,-52.04033660888672,-2111.4130859375,-2111.4130208143615,discharge
34910.545706,40.571327209472656,-52.04038619995117,-2111.34765625,-2111.3475366255443,discharge
34911.765706,40.570011138916016,-52.01425552368164,-2110.218994140625,-2110.218925978188,discharge
34912.985706,40.56877136230469,-52.043678283691406,-2111.34814453125,-2111.3480851444183,discharge
34914.205706,40.56734085083008,-52.02202606201172,-2110.395263671875,-2110.395263008395,discharge
34915.425706,40.566749572753906,-52.04620361328125,-2111.34521484375,-2111.34530819254,discharge
34916.655706,40.565528869628906,-51.990081787109375,-2109.005126953125,-2109.0051636693534,discharge
34917.875706,40.564308166503906,-51.9923210144043,-2109.032470703125,-2109.032531920093,discharge
34919.095706,40.563716888427734,-51.96657180786133,-2107.957275390625,-2107.957306476237,discharge
34920.315706,40.56203842163086,-51.97410583496094,-2108.17578125,-2108.175677807594,discharge
34921.535705999995,40.56039810180664,-52.045249938964844,-2110.97607421875,-2110.976056832442,discharge
34922.755705999996,40.559234619140625,-52.06317901611328,-2111.642578125,-2111.6426927328575,discharge
34923.975706,40.55816650390625,-52.0237922668457,-2109.98974609375,-2109.9896289233584,discharge
34925.195706,40.55742263793945,-51.96910095214844,-2107.73291015625,-2107.732791430026,discharge
34926.425706,40.55593490600586,-51.97386932373047,-2107.848876953125,-2107.8488611064677,discharge
34927.645705999996,40.555076599121094,-51.98678970336914,-2108.328125,-2108.3282385625353,discharge
34928.865706,40.55356979370117,-52.01878356933594,-2109.54736328125,-2109.5473700625007,discharge
34930.085706,40.5523681640625,-52.00014114379883,-2108.728759765625,-2108.728868246544,discharge
34931.305706,40.551090240478516,-52.04505920410156,-2110.48388671875,-2110.4838923565694,discharge
34932.525706,40.550575256347656,-51.9520263671875,-2106.6845703125,-2106.6845549223945,discharge
34933.745706,40.54922103881836,-51.99360656738281,-2108.30029296875,-2108.3002453061636,discharge
34934.965705999995,40.54786682128906,-51.96352005004883,-2107.010009765625,-2107.009890554764,discharge
34936.185706,40.546627044677734,-52.008056640625,-2108.751220703125,-2108.751275925897,discharge
34937.415706,40.54586410522461,-51.95622253417969,-2106.60986328125,-2106.609938291658,discharge
34938.635706,40.54471969604492,-51.95441436767578,-2106.47705078125,-2106.4771675095835,discharge
34939.855705999995,40.542964935302734,-51.97172164916992,-2107.087646484375,-2107.08768844961,discharge
34941.075705999996,40.54189682006836,-51.97782516479492,-2107.279541015625,-2107.2796247626684,discharge
34942.295706,40.540523529052734,-51.989219665527344,-2107.670166015625,-2107.6701831074024,discharge
34943.515706,40.53895950317383,-52.02002716064453,-2108.837890625,-2108.8377744193713,discharge
34944.735706,40.53853988647461,-51.96704864501953,-2106.668212890625,-2106.6682742784906,discharge
34945.955706,40.53699493408203,-52.03437805175781,-2109.3173828125,-2109.3173194822157,discharge
34947.185706,40.535926818847656,-52.013301849365234,-2108.407470703125,-2108.4073973725026,discharge
34948.405706,40.534610748291016,-52.00977325439453,-2108.19580078125,-2108.195913973759,discharge
34949.625706,40.533447265625,-52.039241790771484,-2109.329833984375,-2109.3298628693447,discharge
34950.845706,40.53190231323242,-52.03266143798828,-2108.982666015625,-2108.9827505020367,discharge
34952.065706,40.53123474121094,-52.01616287231445,-2108.279296875,-2108.279307714838,discharge
34953.285705999995,40.529537200927734,-52.012489318847656,-2108.042236328125,-2108.0421207610925,discharge
34954.505705999996,40.528926849365234,-51.93290710449219,-2104.784912109375,-2104.784993112844,discharge
34955.725706,40.5278205871582,-51.97286605834961,-2106.346923828125,-2106.346991013197,discharge
34956.945706,40.52610397338867,-52.019264221191406,-2108.13818359375,-2108.13811044718,discharge
34958.175706,40.525474548339844,-51.95765686035156,-2105.608642578125,-2105.6087006855523,discharge
34959.395705999996,40.52400588989258,-51.97234344482422,-2106.12744140625,-2106.1275518695766,discharge
34960.615706,40.52257537841797,-52.04186248779297,-2108.870361328125,-2108.870295494853,discharge
34961.835706,40.521488189697266,-52.01182556152344,-2107.5966796875,-2107.5965752158663,discharge
34963.055706,40.520172119140625,-52.02751159667969,-2108.163818359375,-2108.163724828046,discharge
34964.275706,40.51858901977539,-52.041481018066406,-2108.6474609375,-2108.647381351475,discharge
34965.495706,40.51790237426758,-52.00123596191406,-2106.98095703125,-2106.9810020460864,discharge
34966.715705999995,40.51654815673828,-52.01878356933594,-2107.62158203125,-2107.6215495419456,discharge
34967.945706,40.51553726196289,-51.96714401245117,-2105.476806640625,-2105.476759634257,discharge
34969.165706,40.51433563232422,-52.0024299621582,-2106.843994140625,-2106.8439011833107,discharge
34970.385706,40.51271438598633,-52.022789001464844,-2107.58447265625,-2107.584392378776,discharge
34971.605705999995,40.5119514465332,-51.970577239990234,-2105.429443359375,-2105.429501794788,discharge
34972.825705999996,40.5103874206543,-52.039432525634766,-2108.137451171875,-2108.1375727644627,discharge
34974.045706,40.50931930541992,-52.0045280456543,-2106.66796875,-2106.6680319290754,discharge
34975.265706,40.50880432128906,-51.96919250488281,-2105.2099609375,-2105.2098499157,discharge
34976.485706,40.50703048706055,-51.981449127197266,-2105.6142578125,-2105.6141445569665,discharge
34977.705706,40.50579071044922,-52.029563903808594,-2107.49853515625,-2107.498626243614,discharge
34978.935706,40.50445556640625,-52.008201599121094,-2106.56396484375,-2106.563890760299,discharge
34980.155706,40.50243377685547,-52.0660400390625,-2108.80126953125,-2108.8013387052342,discharge
34981.375706,40.50251007080078,-51.96833801269531,-2104.84814453125,-2104.848133721971,discharge
34982.595706,40.500850677490234,-52.030609130859375,-2107.283935546875,-2107.2839310677955,discharge
34983.815706,40.49957275390625,-52.011634826660156,-2106.448974609375,-2106.448988711927,discharge
34985.035705999995,40.49848556518555,-51.995513916015625,-2105.739501953125,-2105.739569782163,discharge
34986.255705999996,40.49674987792969,-52.02312469482422,-2106.767578125,-2106.7674686346436,discharge
34987.475706,40.4954719543457,-51.991416931152344,-2105.4169921875,-2105.416966202174,discharge
34988.705706,40.49461364746094,-51.99017333984375,-2105.322021484375,-2105.3219828614965,discharge
34989.925706,40.49354553222656,-52.00591278076172,-2105.90380859375,-2105.903797132778,discharge
34991.145705999996,40.492000579833984,-51.9770622253418,-2104.6552734375,-2104.655233766607,discharge
34992.365706,40.490970611572266,-51.95088195800781,-2103.541748046875,-2103.541634606954,discharge
34993.585706,40.48971176147461,-51.987266540527344,-2104.949462890625,-2104.9494374929054,discharge
34994.805706,40.4881477355957,-52.01520919799805,-2105.99951171875,-2105.9994745064614,discharge
34996.025706,40.4871940612793,-52.01606750488281,-2105.984619140625,-2105.9846193747944,discharge
34997.245706,40.48540115356445,-52.046539306640625,-2107.125,-2107.125022484106,discharge
34998.465705999995,40.48440933227539,-52.0716667175293,-2108.090576171875,-2108.090670006277,discharge
34999.695706,40.48368453979492,-52.019073486328125,-2105.923828125,-2105.923761072918,discharge
35000.915706,40.482330322265625,-52.019309997558594,-2105.86279296875,-2105.8628904575016,discharge
35002.135706,40.48118591308594,-52.04376983642578,-2106.79345703125,-2106.793522366206,discharge
35003.355705999995,40.479393005371094,-52.02970504760742,-2106.130859375,-2106.130878575641,discharge
35004.575705999996,40.47819137573242,-52.016544342041016,-2105.53564453125,-2105.5356365814077,discharge
35005.795706,40.477142333984375,-51.980735778808594,-2104.03173828125,-2104.0316407440696,discharge
35007.015706,40.475730895996094,-52.02808380126953,-2105.874755859375,-2105.874718974519,discharge
35008.235706,40.47464370727539,-51.990413665771484,-2104.29345703125,-2104.2934693159623,discharge
35009.465705999995,40.473060607910156,-52.056026458740234,-2106.86669921875,-2106.866713871568,discharge
35010.685706,40.47208786010742,-52.03700256347656,-2106.046142578125,-2106.0461397256586,discharge
35011.905706,40.47090530395508,-51.990604400634766,-2104.10693359375,-2104.1068273934798,discharge
35013.125706,40.4692268371582,-52.06913757324219,-2107.19775390625,-2107.1977396667353,discharge
35014.345706,40.467796325683594,-52.05707550048828,-2106.635009765625,-2106.635128664493,discharge
35015.565706,40.466766357421875,-52.019691467285156,-2105.068603515625,-2105.0687005918007,discharge
35016.785705999995,40.46577453613281,-51.96065902709961,-2102.62841796875,-2102.628312939487,discharge
35018.005705999996,40.464534759521484,-52.044151306152344,-2105.9423828125,-2105.942369557597,discharge
35019.225706,40.46348571777344,-51.97782516479492,-2103.2041015625,-2103.203986196604,discharge
35020.455706,40.4620361328125,-51.99460983276367,-2103.807861328125,-2103.807781764772,discharge
35021.675706,40.46121597290039,-51.963951110839844,-2102.524658203125,-2102.524648700928,discharge
35022.895705999996,40.45989990234375,-51.99699401855469,-2103.793212890625,-2103.7931732134894,discharge
35024.115706,40.45787811279297,-52.03828811645508,-2105.358642578125,-2105.3587178139423,discharge
35025.335706,40.45675277709961,-52.070091247558594,-2106.5869140625,-2106.586808683496,discharge
35026.555706,40.455665588378906,-52.01702117919922,-2104.38330078125,-2104.3832137293066,discharge
35027.775706,40.45440673828125,-51.99012756347656,-2103.229736328125,-2103.229766828008,discharge
35028.995706,40.452842712402344,-52.065895080566406,-2106.21337890625,-2106.213464374596,discharge
35030.215705999995,40.451316833496094,-52.03662109375,-2104.949951171875,-2104.9498468078673,discharge
35031.445706,40.450096130371094,-52.05211639404297,-2105.51318359375,-2105.5131119283033,discharge
35032.665706,40.44929504394531,-51.9749641418457,-2102.3505859375,-2102.3506594719947,discharge
35033.885706,40.44780731201172,-52.051639556884766,-2105.374755859375,-2105.374687071162,discharge
35035.105705999995,40.446739196777344,-52.0319938659668,-2104.5244140625,-2104.5244857850776,discharge
35036.325705999996,40.44515609741211,-52.03003692626953,-2104.363037109375,-2104.3629652370873,discharge
35037.545706,40.4443359375,-52.01892852783203,-2103.87109375,-2103.871020488441,discharge
35038.765706,40.44269561767578,-52.01520919799805,-2103.63525390625,-2103.6352730843646,discharge
35039.985706,40.44179916381836,-51.987030029296875,-2102.448974609375,-2102.4490275682183,discharge
35041.215705999995,40.440120697021484,-52.029273986816406,-2104.070068359375,-2104.0701198052557,discharge
35042.435706,40.43861389160156,-52.04396057128906,-2104.585693359375,-2104.585626932094,discharge
35043.655706,40.43783187866211,-52.015830993652344,-2103.407470703125,-2103.4074287502153,discharge
35044.875706,40.436973571777344,-51.99828338623047,-2102.6533203125,-2102.6532110667904,discharge
35046.095706,40.43567657470703,-52.01020050048828,-2103.067626953125,-2103.06764602341,discharge
35047.315706,40.43384552001953,-52.01201629638672,-2103.0458984375,-2103.045832112839,discharge
35048.535705999995,40.43291091918945,-51.99394226074219,-2102.266357421875,-2102.2664357660688,discharge
35049.755705999996,40.43161392211914,-52.045867919921875,-2104.29833984375,-2104.2984379798872,discharge
35050.975706,40.42999267578125,-51.98984146118164,-2101.948974609375,-2101.948909490602,discharge
35052.205706,40.428714752197266,-52.015830993652344,-2102.93310546875,-2102.9331938408723,discharge
35053.425706,40.42764663696289,-51.96533203125,-2100.836181640625,-2100.836080731824,discharge
35054.645705999996,40.42613983154297,-52.04167175292969,-2103.843994140625,-2103.8438993511954,discharge
35055.865706,40.42472839355469,-51.960418701171875,-2100.48583984375,-2100.4858132102527,discharge
35057.085706,40.423583984375,-52.01477813720703,-2102.623779296875,-2102.623752458021,discharge
35058.305706,40.42226791381836,-52.005577087402344,-2102.183349609375,-2102.183370039711,discharge
35059.525706,40.42137145996094,-51.9764404296875,-2100.958984375,-2100.95900577493,discharge
35060.745706,40.41990280151367,-52.01711654663086,-2102.52685546875,-2102.526794829828,discharge
35061.975706,40.41841506958008,-52.00471878051758,-2101.9482421875,-2101.948309247746,discharge
35063.195706,40.4170036315918,-51.96504592895508,-2100.271484375,-2100.271450026412,discharge
35064.415706,40.4157829284668,-52.04038619995117,-2103.2529296875,-2103.2529521708057,discharge
35065.635706,40.4149055480957,-51.97162628173828,-2100.428466796875,-2100.428367357381,discharge
35066.855705999995,40.413246154785156,-51.97277069091797,-2100.388427734375,-2100.3883752782713,discharge
35068.075705999996,40.41210174560547,-51.99913787841797,-2101.39453125,-2101.3944506263942,discharge
35069.295706,40.410804748535156,-52.01520919799805,-2101.9765625,-2101.976462854509,discharge
35070.515706,40.40943145751953,-52.01935577392578,-2102.072509765625,-2102.0725916107767,discharge
35071.735706,40.40790557861328,-52.04090881347656,-2102.864013671875,-2102.8641295601847,discharge
35072.965705999995,40.406742095947266,-52.01506805419922,-2101.759521484375,-2101.7594399691734,discharge
35074.185706,40.40506362915039,-52.031612396240234,-2102.340576171875,-2102.340609597377,discharge
35075.405706,40.40395736694336,-52.03633117675781,-2102.4736328125,-2102.473706397868,discharge
35076.625706,40.402278900146484,-52.04477310180664,-2102.7275390625,-2102.7274381540337,discharge
35077.845706,40.401153564453125,-52.05526351928711,-2103.0927734375,-2103.092695280793,discharge
35079.065706,40.3997802734375,-52.048919677734375,-2102.764892578125,-2102.764918450266,discharge
35080.285705999995,40.399017333984375,-51.98850631713867,-2100.28466796875,-2100.2845678740414,discharge
35081.505705999996,40.397377014160156,-51.996517181396484,-2100.52294921875,-2100.52290800013,discharge
35082.735706,40.39649963378906,-52.002098083496094,-2100.70263671875,-2100.702736186213,discharge
35083.955706,40.394840240478516,-51.981544494628906,-2099.7861328125,-2099.78618531386,discharge
35085.175706,40.39356231689453,-52.010009765625,-2100.86962890625,-2100.8695705700666,discharge
35086.395705999996,40.39215087890625,-51.98645782470703,-2099.8447265625,-2099.844848115463,discharge
35087.615706,40.39131164550781,-51.996803283691406,-2100.218994140625,-2100.2190860017436,discharge
35088.835706,40.38959503173828,-52.014015197753906,-2100.824951171875,-2100.8250098119606,discharge
35090.055706,40.38818359375,-52.02403259277344,-2101.15625,-2101.1561796441674,discharge
35091.275706,40.38740158081055,-51.967716217041016,-2098.841064453125,-2098.841024095236,discharge
35092.495706,40.386199951171875,-51.952171325683594,-2098.15087890625,-2098.1507790565956,discharge
35093.725706,40.38434982299805,-52.00700759887695,-2100.269287109375,-2100.2691881203646,discharge
35094.945706,40.3826904296875,-51.970909118652344,-2098.72509765625,-2098.725134287961,discharge
35096.165706,40.38185119628906,-51.992942810058594,-2099.5712890625,-2099.5712798129534,discharge
35097.385706,40.38068771362305,-52.005577087402344,-2100.02099609375,-2100.020967733144,discharge
35098.605705999995,40.37893295288086,-52.015541076660156,-2100.33203125,-2100.3320456422807,discharge
35099.825705999996,40.37769317626953,-51.97954177856445,-2098.81396484375,-2098.813989377959,discharge
35101.045706,40.376548767089844,-51.99003219604492,-2099.177978515625,-2099.178070366179,discharge
35102.265706,40.37515640258789,-51.99370574951172,-2099.25390625,-2099.254001586669,discharge
35103.495706,40.373687744140625,-51.98097229003906,-2098.66357421875,-2098.6635438748635,discharge
35104.715705999995,40.3724479675293,-52.02488708496094,-2100.3720703125,-2100.3720468541724,discharge
35105.935706,40.37076950073242,-52.03547668457031,-2100.712158203125,-2100.712235093524,discharge
35107.155706,40.36956787109375,-52.0355224609375,-2100.651611328125,-2100.6515556946397,discharge
35108.375706,40.368080139160156,-52.041099548339844,-2100.79931640625,-2100.799277097394,discharge
35109.595706,40.36699295043945,-52.03237533569336,-2100.390625,-2100.3905283705535,discharge
35110.815706,40.36561965942383,-51.997039794921875,-2098.892822265625,-2098.8927317777416,discharge
35112.035705999995,40.36418914794922,-52.010536193847656,-2099.363037109375,-2099.3631206147256,discharge
35113.255705999996,40.36245346069336,-52.01892852783203,-2099.611572265625,-2099.6115817797545,discharge
35114.485706,40.36134719848633,-51.994895935058594,-2098.583984375,-2098.5840473840653,discharge
35115.705706,40.35989761352539,-52.00834274291992,-2099.05126953125,-2099.0513881533843,discharge
35116.925706,40.35877227783203,-52.00023651123047,-2098.665771484375,-2098.6657037501573,discharge
35118.145705999996,40.35745620727539,-52.04682159423828,-2100.477294921875,-2100.4773232173466,discharge
35119.365706,40.35625457763672,-51.98693084716797,-2097.997802734375,-2097.997815978306,discharge
35120.585706,40.3541374206543,-52.01287078857422,-2098.9345703125,-2098.9345354448596,discharge
35121.805706,40.353240966796875,-52.042724609375,-2100.092529296875,-2100.092606730759,discharge
35123.025706,40.35165786743164,-52.05221176147461,-2100.39306640625,-2100.3930402421247,discharge
35124.255705999996,40.35076141357422,-52.05068588256836,-2100.284912109375,-2100.2848074604117,discharge
35125.475706,40.348777770996094,-52.06675720214844,-2100.830078125,-2100.8300156058976,discharge
35126.695706,40.34822463989258,-51.99208068847656,-2097.7880859375,-2097.788151114073,discharge
35127.915706,40.34656524658203,-51.99360656738281,-2097.763427734375,-2097.7634397760266,discharge
35129.135706,40.345420837402344,-51.99470520019531,-2097.748291015625,-2097.748262618552,discharge
35130.355705999995,40.343894958496094,-52.033042907714844,-2099.215576171875,-2099.215617439768,discharge
35131.575705999996,40.34248352050781,-52.05750274658203,-2100.12890625,-2100.128946672776,discharge
35132.795706,40.34120559692383,-51.98235321044922,-2097.03076171875,-2097.0307982746453,discharge
35134.015706,40.34006118774414,-51.99971008300781,-2097.67138671875,-2097.671486493491,discharge
35135.245706,40.33891677856445,-51.961944580078125,-2096.088623046875,-2096.0885580681497,discharge
35136.465705999995,40.337276458740234,-51.97572708129883,-2096.559326171875,-2096.5592724223825,discharge
35137.685706,40.33567428588867,-52.01954650878906,-2098.243408203125,-2098.243484478153,discharge
35138.905706,40.334205627441406,-52.05259323120117,-2099.5,-2099.4999988288328,discharge
35140.125706,40.3327751159668,-52.04582214355469,-2099.15234375,-2099.152440241596,discharge
35141.345706,40.33159255981445,-52.010250091552734,-2097.65625,-2097.6562156265572,discharge
35142.565706,40.33050537109375,-51.94554138183594,-2094.989990234375,-2094.989935704507,discharge
35143.785705999995,40.32886505126953,-52.044010162353516,-2098.8759765625,-2098.875862564455,discharge
35145.015706,40.327415466308594,-52.033233642578125,-2098.36572265625,-2098.3658311597537,discharge
35146.235706,40.32573699951172,-52.054832458496094,-2099.1494140625,-2099.1494832749595,discharge
35147.455706,40.32482147216797,-51.997901916503906,-2096.80615234375,-2096.8061117103207,discharge
35148.675706,40.32327651977539,-52.05559539794922,-2099.05224609375,-2099.0521676330536,discharge
35149.895705999996,40.32236099243164,-51.98760223388672,-2096.262939453125,-2096.262864405726,discharge
35151.115706,40.3205680847168,-52.03981399536133,-2098.27490234375,-2098.2748633159645,discharge
35152.335706,40.31965255737305,-51.957035064697266,-2094.8896484375,-2094.889601719842,discharge
35153.555706,40.31780242919922,-51.98030471801758,-2095.731689453125,-2095.7316558306047,discharge
35154.775706,40.31665802001953,-52.00591278076172,-2096.70458984375,-2096.704600600933,discharge
35156.005705999996,40.31515121459961,-51.99565887451172,-2096.212890625,-2096.212850028678,discharge
35157.225706,40.31330108642578,-52.012969970703125,-2096.814453125,-2096.814518828178,discharge
35158.445706,40.312538146972656,-52.001094818115234,-2096.296142578125,-2096.2961185396125,discharge
35159.665706,40.310935974121094,-52.02545928955078,-2097.195068359375,-2097.194958445325,discharge
35160.885706,40.309486389160156,-52.02784729003906,-2097.2158203125,-2097.2158021951327,discharge
35162.105705999995,40.30803680419922,-51.99742126464844,-2095.9140625,-2095.9139700589003,discharge
35163.325705999996,40.30677795410156,-51.990272521972656,-2095.560302734375,-2095.5603703163797,discharge
35164.545706,40.305633544921875,-52.041053771972656,-2097.547607421875,-2097.547642624704,discharge
35165.775706,40.30427932739258,-52.018165588378906,-2096.5546875,-2096.554675972584,discharge
35166.995706,40.302886962890625,-52.003814697265625,-2095.90380859375,-2095.9038653830066,discharge
35168.215705999995,40.30107498168945,-52.01683044433594,-2096.334228515625,-2096.3341840470093,discharge
35169.435706,40.300235748291016,-51.971771240234375,-2094.474609375,-2094.4746332376963,discharge
35170.655706,40.29844284057617,-52.00624465942383,-2095.770751953125,-2095.770677760811,discharge
35171.875706,40.297088623046875,-52.02159881591797,-2096.319091796875,-2096.3189777976368,discharge
35173.095706,40.29548645019531,-52.04591751098633,-2097.215576171875,-2097.2155638519325,discharge
35174.315706,40.29411315917969,-52.0085334777832,-2095.6376953125,-2095.6377331967815,discharge
35175.535705999995,40.29268264770508,-52.00700759887695,-2095.501953125,-2095.5018526383355,discharge
35176.765706,40.29073715209961,-52.0579833984375,-2097.45458984375,-2097.4545257748105,discharge
35177.985706,40.29024124145508,-51.974342346191406,-2094.058837890625,-2094.058791494026,discharge
35179.205706,40.289268493652344,-51.97744369506836,-2094.13330078125,-2094.1331846443063,discharge
35180.425706,40.28745651245117,-51.94859313964844,-2092.876708984375,-2092.8766869966057,discharge
35181.645705999996,40.28535842895508,-52.01129913330078,-2095.2939453125,-2095.2938279406226,discharge
35182.865706,40.2842903137207,-52.019737243652344,-2095.578125,-2095.57819716676,discharge
35184.085706,40.28297424316406,-52.02632141113281,-2095.77490234375,-2095.774965371238,discharge
35185.305706,40.2812385559082,-52.060604095458984,-2097.065673828125,-2097.065612933875,discharge
35186.535705999995,40.28013229370117,-52.01568603515625,-2095.19873046875,-2095.1987148437183,discharge
35187.755705999996,40.27849197387695,-52.046871185302734,-2096.369384765625,-2096.369483302624,discharge
35188.975706,40.277156829833984,-51.97134017944336,-2093.2578125,-2093.2578190640925,discharge
35190.195706,40.27599334716797,-51.99561309814453,-2094.175048828125,-2094.174967222789,discharge
35191.415706,40.274314880371094,-51.997901916503906,-2094.179931640625,-2094.17987490393,discharge
35192.635706,40.273189544677734,-51.9886474609375,-2093.74853515625,-2093.7486533657648,discharge
35193.855705999995,40.271358489990234,-52.02708435058594,-2095.201416015625,-2095.201365071407,discharge
35195.075705999996,40.27009963989258,-51.97577667236328,-2093.06982421875,-2093.0697054568736,discharge
35196.295706,40.26914596557617,-51.981781005859375,-2093.261962890625,-2093.261926875566,discharge
35197.525706,40.26735305786133,-52.0167350769043,-2094.576171875,-2094.576236258945,discharge
35198.745706,40.26592254638672,-52.03404235839844,-2095.19873046875,-2095.198719378677,discharge
35199.965705999995,40.26405334472656,-52.021934509277344,-2094.614013671875,-2094.6139461774146,discharge
35201.185706,40.26313781738281,-51.969764709472656,-2092.4658203125,-2092.465798834455,discharge
35202.405706,40.26142120361328,-51.976585388183594,-2092.651123046875,-2092.651197039231,discharge
35203.625706,40.26023864746094,-51.98335647583008,-2092.8623046875,-2092.862337412953,discharge
35204.845706,40.2586555480957,-51.97138977050781,-2092.29833984375,-2092.2982791266986,discharge
35206.065706,40.25754928588867,-51.99298858642578,-2093.1103515625,-2093.110300538683,discharge
35207.295706,40.25590896606445,-51.998565673828125,-2093.24951171875,-2093.249526131549,discharge
35208.515706,40.254459381103516,-52.00419616699219,-2093.40087890625,-2093.400802251126,discharge
35209.735706,40.25276184082031,-52.02150344848633,-2094.00927734375,-2094.0091889133328,discharge
35210.955706,40.251808166503906,-51.999568939208984,-2093.07666015625,-2093.076673681935,discharge
35212.175706,40.250492095947266,-51.98688507080078,-2092.497802734375,-2092.4977066351858,discharge
35213.395705999996,40.24850845336914,-52.00505065917969,-2093.125732421875,-2093.125721073884,discharge
35214.615706,40.24738311767578,-51.99613571166992,-2092.70849609375,-2092.708394626243,discharge
35215.835706,40.245723724365234,-52.01559066772461,-2093.405029296875,-2093.405091372915,discharge
35217.055706,40.244388580322266,-51.99494171142578,-2092.504638671875,-2092.5046384458255,discharge
35218.285705999995,40.2427864074707,-52.01883316040039,-2093.3828125,-2093.382792039847,discharge
35219.505705999996,40.24139404296875,-51.9963264465332,-2092.404541015625,-2092.4046613217797,discharge
35220.725706,40.2400016784668,-52.00309753417969,-2092.604736328125,-2092.604732060863,discharge
35221.945706,40.23836135864258,-52.04296112060547,-2094.12353515625,-2094.123475744709,discharge
35223.165706,40.23710250854492,-51.99580383300781,-2092.160400390625,-2092.1604888429283,discharge
35224.385706,40.23611068725586,-51.9969482421875,-2092.155029296875,-2092.1549648721702,discharge
35225.605705999995,40.23458480834961,-51.9862174987793,-2091.643798828125,-2091.643876819944,discharge
35226.825705999996,40.23305892944336,-51.982261657714844,-2091.405517578125,-2091.4053965605854,discharge
35228.045706,40.23141860961914,-51.99928283691406,-2092.0048828125,-2092.0049152118736,discharge
35229.275706,40.22989273071289,-52.01435089111328,-2092.53173828125,-2092.5317568071478,discharge
35230.495706,40.22817611694336,-52.03938293457031,-2093.449462890625,-2093.4494617089513,discharge
35231.715705999995,40.22632598876953,-52.051780700683594,-2093.851806640625,-2093.8518987616408,discharge
35232.935706,40.225830078125,-51.97749328613281,-2090.837890625,-2090.8378128148615,discharge
35234.155706,40.22361755371094,-52.02851104736328,-2092.77490234375,-2092.774930258165,discharge
35235.375706,40.222740173339844,-52.00214385986328,-2091.668701171875,-2091.6687209319207,discharge
35236.595706,40.22134780883789,-51.971771240234375,-2090.374755859375,-2090.374687294825,discharge
35237.815706,40.21923065185547,-52.00762939453125,-2091.706787109375,-2091.7068422748707,discharge
35239.045706,40.2178955078125,-52.02512741088867,-2092.341064453125,-2092.3411379917525,discharge
35240.265706,40.21677017211914,-52.007720947265625,-2091.58251953125,-2091.582560511888,discharge
35241.485706,40.21514892578125,-52.0146369934082,-2091.7763671875,-2091.7763730103616,discharge
35242.705706,40.213890075683594,-52.03833770751953,-2092.6640625,-2092.663992291491,discharge
35243.925706,40.21188735961914,-52.016212463378906,-2091.670166015625,-2091.67007645141,discharge
35245.145705999996,40.210609436035156,-52.02259826660156,-2091.8603515625,-2091.860380746075,discharge
35246.365706,40.20902633666992,-52.001190185546875,-2090.917236328125,-2090.9172257088358,discharge
35247.585706,40.20763397216797,-52.024986267089844,-2091.801513671875,-2091.8016052342136,discharge
35248.805706,40.20622253417969,-52.022743225097656,-2091.637939453125,-2091.637990946765,discharge
35250.035705999995,40.20477294921875,-52.0573616027832,-2092.954345703125,-2092.954403575277,discharge
35251.255705999996,40.20326614379883,-51.98163986206055,-2089.831787109375,-2089.8317019655224,discharge
35252.475706,40.2018928527832,-51.98535919189453,-2089.909912109375,-2089.9098401459923,discharge
35253.695706,40.199851989746094,-52.03509521484375,-2091.80322265625,-2091.803125909064,discharge
35254.915706,40.19886016845703,-52.0359992980957,-2091.787841796875,-2091.7878595100774,discharge
35256.135706,40.19716262817383,-52.07557678222656,-2093.29052734375,-2093.2904288711143,discharge
35257.355705999995,40.19540786743164,-52.03666687011719,-2091.635009765625,-2091.635048906028,discharge
35258.575705999996,40.19392013549805,-52.046058654785156,-2091.93505859375,-2091.9351249378815,discharge
35259.805706,40.19277572631836,-51.990081787109375,-2089.625732421875,-2089.625697262236,discharge
35261.025706,40.191097259521484,-52.00471878051758,-2090.126708984375,-2090.1267104618455,discharge
35262.245706,40.19020080566406,-51.975345611572266,-2088.899658203125,-2088.8995770728798,discharge
35263.465705999995,40.1887321472168,-51.962852478027344,-2088.321044921875,-2088.3211598447815,discharge
35264.685706,40.186920166015625,-51.99575424194336,-2089.54931640625,-2089.549224692746,discharge
35265.905706,40.18526077270508,-52.0014762878418,-2089.69287109375,-2089.6928851925622,discharge
35267.125706,40.18404006958008,-51.9764404296875,-2088.623291015625,-2088.6233649007045,discharge
35268.345706,40.18257141113281,-52.002952575683594,-2089.6123046875,-2089.612355462159,discharge
35269.565706,40.18033981323242,-52.02002716064453,-2090.182373046875,-2090.1823684082774,discharge
35270.795706,40.179080963134766,-51.99775695800781,-2089.22216796875,-2089.2220867172,discharge
35272.015706,40.17778396606445,-52.01578140258789,-2089.87890625,-2089.8788280192093,discharge
35273.235706,40.1762580871582,-52.07023620605469,-2091.9873046875,-2091.9872484737425,discharge
35274.455706,40.174827575683594,-51.992652893066406,-2088.7958984375,-2088.7958651813096,discharge
35275.675706,40.173301696777344,-51.97744369506836,-2088.10546875,-2088.1055269892386,discharge
35276.895705999996,40.172061920166016,-52.0091552734375,-2089.31494140625,-2089.31500606006,discharge
35278.115706,40.1704216003418,-52.00877380371094,-2089.21435546875,-2089.2143706118804,discharge
35279.335706,40.16857147216797,-52.01416015625,-2089.33447265625,-2089.3345098011196,discharge
35280.565706,40.16714096069336,-52.01702117919922,-2089.375,-2089.375022060267,discharge
35281.785705999995,40.16578674316406,-52.025508880615234,-2089.6455078125,-2089.6454949033796,discharge
35283.005705999996,40.16447067260742,-51.98097229003906,-2087.788330078125,-2087.788237076893,discharge
35284.225706,40.163021087646484,-51.98812484741211,-2088.000244140625,-2088.0001545538107,discharge
35285.445706,40.160980224609375,-52.002811431884766,-2088.48388671875,-2088.4838815400144,discharge
35286.665706,40.16014099121094,-51.988365173339844,-2087.860107421875,-2087.8600752638886,discharge
35287.885706,40.158023834228516,-51.99951934814453,-2088.197998046875,-2088.197937351215,discharge
35289.105705999995,40.156803131103516,-51.97010040283203,-2086.953125,-2086.9530905802094,discharge
35290.325705999996,40.154781341552734,-52.02741622924805,-2089.1494140625,-2089.1495224514074,discharge
35291.555706,40.15373229980469,-51.99260711669922,-2087.697265625,-2087.6972277328605,discharge
35292.775706,40.15167236328125,-52.027225494384766,-2088.980224609375,-2088.9801120210905,discharge
35293.995706,40.15012741088867,-51.999855041503906,-2087.80078125,-2087.8008052641235,discharge
35295.215705999995,40.14900207519531,-51.978065490722656,-2086.867431640625,-2086.867459251662,discharge
35296.435706,40.147132873535156,-52.00743865966797,-2087.949462890625,-2087.949550281919,discharge
35297.655706,40.14617919921875,-51.9847412109375,-2086.98876953125,-2086.988736279309,discharge
35298.875706,40.14404296875,-52.016876220703125,-2088.167724609375,-2088.1677141040564,discharge
35300.095706,40.14270782470703,-52.028038024902344,-2088.54638671875,-2088.5463291264023,discharge
35301.325705999996,40.141353607177734,-51.992225646972656,-2087.038330078125,-2087.0383145193045,discharge
35302.545706,40.13956069946289,-51.975250244140625,-2086.263671875,-2086.263712044456,discharge
35303.765706,40.13776779174805,-51.988983154296875,-2086.7216796875,-2086.721733576269,discharge
35304.985706,40.13631820678711,-52.02765655517578,-2088.198486328125,-2088.1985790519684,discharge
35306.205706,40.1348876953125,-52.026939392089844,-2088.095458984375,-2088.095369632356,discharge
35307.425706,40.13317108154297,-51.99871063232422,-2086.873046875,-2086.8731498267152,discharge
35308.645705999996,40.13164520263672,-52.03614044189453,-2088.2958984375,-2088.295925928687,discharge
35309.865706,40.129966735839844,-52.07672119140625,-2089.837158203125,-2089.8370891227387,discharge
35311.085706,40.12866973876953,-52.03676223754883,-2088.166015625,-2088.1660461054707,discharge
35312.315706,40.12739181518555,-52.01153564453125,-2087.087158203125,-2087.0872697175946,discharge
35313.535705999995,40.125484466552734,-52.03948211669922,-2088.109375,-2088.1094313210633,discharge
35314.755705999996,40.123863220214844,-51.9764404296875,-2085.49560546875,-2085.495586474426,discharge
35315.975706,40.12218475341797,-51.981689453125,-2085.618896484375,-2085.6189480330795,discharge
35317.195706,40.12083053588867,-52.01311111450195,-2086.809326171875,-2086.8092166692804,discharge
35318.415706,40.11899948120117,-52.03575897216797,-2087.62255859375,-2087.622587208316,discharge
35319.635706,40.11770248413086,-51.9786376953125,-2085.263427734375,-2085.263522590976,discharge
35320.855705999995,40.115928649902344,-52.012062072753906,-2086.51220703125,-2086.5121710448875,discharge
35322.085706,40.11434555053711,-52.0294189453125,-2087.1259765625,-2087.1260903659277,discharge
35323.305706,40.11320114135742,-51.971099853515625,-2084.727294921875,-2084.7271819616435,discharge
35324.525706,40.1118278503418,-51.98082733154297,-2085.0458984375,-2085.0459974411933,discharge
35325.745706,40.10963439941406,-52.050209045410156,-2087.71484375,-2087.714855224476,discharge
35326.965705999995,40.108299255371094,-51.98249816894531,-2084.9296875,-2084.9295926018385,discharge
35328.185706,40.106258392333984,-52.028656005859375,-2086.6748046875,-2086.6747215768555,discharge
35329.405706,40.10499954223633,-51.993751525878906,-2085.20947265625,-2085.209381144523,discharge
35330.625706,40.102882385253906,-52.03132629394531,-2086.606201171875,-2086.606158714858,discharge
35331.845706,40.10154724121094,-52.027320861816406,-2086.3759765625,-2086.37606537377,discharge
35333.075705999996,40.10000228881836,-52.0374755859375,-2086.702880859375,-2086.7028901004232,discharge
35334.295706,40.0982666015625,-52.05240249633789,-2087.211181640625,-2087.211112549994,discharge
35335.515706,40.096778869628906,-52.02117156982422,-2085.88134765625,-2085.8814129742677,discharge
35336.735706,40.09561538696289,-52.011966705322266,-2085.451904296875,-2085.451812536121,discharge
35337.955706,40.09389877319336,-51.999473571777344,-2084.861572265625,-2084.861629646184,discharge
35339.175706,40.09174346923828,-52.05035400390625,-2086.78955078125,-2086.789440207649,discharge
35340.395705999996,40.09101867675781,-52.02088165283203,-2085.570068359375,-2085.570137925097,discharge
35341.615706,40.08909225463867,-52.008914947509766,-2084.990234375,-2084.990189394375,discharge
35342.845706,40.087528228759766,-52.027034759521484,-2085.63525390625,-2085.635224580983,discharge
35344.065706,40.08567810058594,-52.0313720703125,-2085.712890625,-2085.7128319423646,discharge
35345.285705999995,40.08424758911133,-52.05207061767578,-2086.468017578125,-2086.468086164823,discharge
35346.505705999996,40.08260726928711,-52.04319763183594,-2086.027099609375,-2086.027051714773,discharge
35347.725706,40.08125305175781,-52.036521911621094,-2085.68896484375,-2085.6890026730252,discharge
35348.945706,40.07942199707031,-52.006866455078125,-2084.405029296875,-2084.4051473983563,discharge
35350.165706,40.07802963256836,-51.9703369140625,-2082.86865234375,-2082.868702856358,discharge
35351.385706,40.07627487182617,-52.00643539428711,-2084.22412109375,-2084.2241999653197,discharge
35352.605705999995,40.07438659667969,-52.04143524169922,-2085.528564453125,-2085.528594921925,discharge
35353.835706,40.07314682006836,-51.986122131347656,-2083.24755859375,-2083.2475047754997,discharge
35355.055706,40.07179260253906,-51.9841194152832,-2083.096923828125,-2083.0968518348527,discharge
35356.275706,40.06940841674805,-52.0451545715332,-2085.41845703125,-2085.4185546395456,discharge
35357.495706,40.06813049316406,-52.02369689941406,-2084.4921875,-2084.4922761025373,discharge
35358.715705999995,40.06631851196289,-52.00867462158203,-2083.796142578125,-2083.7961227733467,discharge
35359.935706,40.065269470214844,-51.96847915649414,-2082.131103515625,-2082.131121362181,discharge
35361.155706,40.06338119506836,-51.99894714355469,-2083.253662109375,-2083.2536411544424,discharge
35362.375706,40.06185531616211,-52.01029968261719,-2083.629150390625,-2083.629100835242,discharge
35363.605705999995,40.059776306152344,-52.00309753417969,-2083.232421875,-2083.232454446261,discharge
35364.825705999996,40.05880355834961,-51.977394104003906,-2082.152099609375,-2082.1522198872117,discharge
35366.045706,40.05699157714844,-52.018402099609375,-2083.70068359375,-2083.7006947607733,discharge
35367.265706,40.055198669433594,-52.05016326904297,-2084.879638671875,-2084.8796305179712,discharge
35368.485706,40.053749084472656,-51.99675750732422,-2082.6650390625,-2082.665078404534,discharge
35369.705706,40.052242279052734,-52.01811981201172,-2083.4423828125,-2083.4423376114864,discharge
35370.925706,40.050010681152344,-52.02465057373047,-2083.587890625,-2083.5878111611237,discharge
35372.145705999996,40.0486946105957,-52.007720947265625,-2082.84130859375,-2082.841333610122,discharge
35373.365706,40.0471305847168,-51.99208068847656,-2082.133544921875,-2082.1336447025533,discharge
35374.595706,40.045318603515625,-52.004051208496094,-2082.518798828125,-2082.518799317768,discharge
35375.815706,40.043983459472656,-52.01477813720703,-2082.87890625,-2082.8789153744583,discharge
35377.035705999995,40.04201889038086,-51.9866943359375,-2081.652099609375,-2081.652196648065,discharge
35378.255705999996,40.04030227661133,-52.02393341064453,-2083.053955078125,-2083.0540193805064,discharge
35379.475706,40.0390625,-52.001617431640625,-2082.095947265625,-2082.0960104465485,discharge
35380.695706,40.037174224853516,-51.987648010253906,-2081.4384765625,-2081.438520926895,discharge
35381.915706,40.034942626953125,-52.042388916015625,-2083.51416015625,-2083.514054422267,discharge
35383.135706,40.03398895263672,-52.0115852355957,-2082.231201171875,-2082.2312287309614,discharge
35384.365706,40.03223419189453,-52.01782989501953,-2082.389892578125,-2082.3899485115544,discharge
35385.585706,40.030479431152344,-52.017356872558594,-2082.27978515625,-2082.279734349868,discharge
35386.805706,40.02912521362305,-51.99646759033203,-2081.373046875,-2081.3731118394935,discharge
35388.025706,40.027313232421875,-51.990936279296875,-2081.057373046875,-2081.0574916983023,discharge
35389.245706,40.02521514892578,-52.0115852355957,-2081.77490234375,-2081.7748892914096,discharge
35390.465705999995,40.02462387084961,-51.985504150390625,-2080.7001953125,-2080.700250355876,discharge
35391.685706,40.02248764038086,-52.067230224609375,-2083.860107421875,-2083.8600781332934,discharge
35392.905706,40.020198822021484,-52.03590393066406,-2082.4873046875,-2082.487221188785,discharge
35394.125706,40.01874923706055,-52.00386047363281,-2081.12939453125,-2081.1294516533962,discharge
35395.355705999995,40.01737594604492,-52.02641296386719,-2081.96044921875,-2081.9605266992585,discharge
35396.575705999996,40.01577377319336,-52.04286575317383,-2082.53564453125,-2082.535542487676,discharge
35397.795706,40.013580322265625,-52.05712127685547,-2082.99169921875,-2082.991803557379,discharge
35399.015706,40.01209259033203,-51.992942810058594,-2080.346435546875,-2080.3464417599025,discharge
35400.235706,40.01070022583008,-52.026222229003906,-2081.60546875,-2081.6055814870924,discharge
35401.455706,40.00894546508789,-52.006103515625,-2080.70947265625,-2080.7093594083562,discharge
35402.675706,40.00688552856445,-52.029563903808594,-2081.540771484375,-2081.5408072007995,discharge
35403.895705999996,40.005550384521484,-52.009246826171875,-2080.658447265625,-2080.658544365433,discharge
35405.125706,40.00408172607422,-52.01659393310547,-2080.8759765625,-2080.8760748119676,discharge
35406.345706,40.00225067138672,-51.97052764892578,-2078.93798828125,-2078.9380745365634,discharge
35407.565706,40.00104904174805,-51.99713897705078,-2079.940185546875,-2079.940106251597,discharge
35408.785705999995,39.99876022338867,-52.02641296386719,-2080.991943359375,-2080.9920174247236,discharge
35410.005705999996,39.997291564941406,-51.96929168701172,-2078.630859375,-2078.6309120288934,discharge
35411.225706,39.99563217163086,-52.006004333496094,-2080.012939453125,-2080.0130200387503,discharge
35412.445706,39.99391555786133,-52.01578140258789,-2080.314697265625,-2080.314769091274,discharge
35413.665706,39.99189376831055,-52.02107238769531,-2080.421142578125,-2080.421200642304,discharge
35414.885706,39.98994827270508,-52.04319763183594,-2081.204833984375,-2081.2047812432866,discharge
35416.115706,39.98872756958008,-52.047157287597656,-2081.299560546875,-2081.299593544827,discharge
35417.335706,39.98685836791992,-52.06608581542969,-2081.959228515625,-2081.9591992735513,discharge
35418.555706,39.98533248901367,-52.029991149902344,-2080.4365234375,-2080.436495529284,discharge
35419.775706,39.98395919799805,-52.003623962402344,-2079.310791015625,-2079.310778660729,discharge
35420.995706,39.98188018798828,-52.055885314941406,-2081.292236328125,-2081.292169741646,discharge
35422.215705999995,39.98016357421875,-52.02069091796875,-2079.795654296875,-2079.7957321442664,discharge
35423.435706,39.978485107421875,-52.011871337890625,-2079.355712890625,-2079.355823691003,discharge
35424.655706,39.977149963378906,-52.022647857666016,-2079.71728515625,-2079.7171948979667,discharge
35425.885706,39.97526168823242,-52.02784729003906,-2079.826904296875,-2079.8268104947056,discharge
35427.105705999995,39.973392486572266,-52.03709411621094,-2080.09912109375,-2080.099186968,discharge
35428.325705999996,39.971771240234375,-52.01539993286133,-2079.147705078125,-2079.1476670856355,discharge
35429.545706,39.969825744628906,-52.03895568847656,-2079.988037109375,-2079.9879908008734,discharge
35430.765706,39.968223571777344,-52.01573181152344,-2078.976318359375,-2078.9763982925797,discharge
35431.985706,39.96644973754883,-52.044151306152344,-2080.02001953125,-2080.019957310724,discharge
35433.205706,39.964962005615234,-52.018211364746094,-2078.90576171875,-2078.90584079214,discharge
35434.425706,39.96307373046875,-52.003623962402344,-2078.224609375,-2078.2246586610563,discharge
35435.645705999996,39.961280822753906,-51.98869705200195,-2077.534912109375,-2077.534922504128,discharge
35436.875706,39.959659576416016,-51.998043060302734,-2077.82421875,-2077.8240993295185,discharge
35438.095706,39.95805740356445,-52.03437805175781,-2079.192626953125,-2079.192665150913,discharge
35439.315706,39.95613098144531,-52.027225494384766,-2078.806640625,-2078.8066364548285,discharge
35440.535705999995,39.95464324951172,-52.01139450073242,-2078.0966796875,-2078.0967121863796,discharge
35441.755705999996,39.952545166015625,-52.05192565917969,-2079.60693359375,-2079.606910876464,discharge
35442.975706,39.950904846191406,-52.07061767578125,-2080.268310546875,-2080.268292047549,discharge
35444.195706,39.9492073059082,-52.02436447143555,-2078.33203125,-2078.332121227504,discharge
35445.415706,39.94783401489258,-51.959800720214844,-2075.681396484375,-2075.6814946180384,discharge
35446.635706,39.9458122253418,-52.018070220947266,-2077.904052734375,-2077.9040653706033,discharge
35447.865706,39.94375228881836,-52.06532287597656,-2079.684326171875,-2079.6843597953557,discharge
35449.085706,39.94234085083008,-52.02341079711914,-2077.936767578125,-2077.9368062812864,discharge
35450.305706,39.94010925292969,-52.00510025024414,-2077.08935546875,-2077.089385704312,discharge
35451.525706,39.938507080078125,-52.06432342529297,-2079.371337890625,-2079.3713497405406,discharge
35452.745706,39.93682861328125,-52.06732940673828,-2079.404052734375,-2079.4040108681656,discharge
35453.965705999995,39.935264587402344,-52.046871185302734,-2078.505615234375,-2078.5055717315117,discharge
35455.185706,39.93364334106445,-52.04200744628906,-2078.22705078125,-2078.226964113128,discharge
35456.405706,39.93156433105469,-52.04253387451172,-2078.139892578125,-2078.1397893611575,discharge
35457.635706,39.930477142333984,-52.00185775756836,-2076.458984375,-2076.4589925474866,discharge
35458.855705999995,39.9278450012207,-52.03776550292969,-2077.755859375,-2077.7558352108463,discharge
35460.075705999996,39.92635726928711,-52.051307678222656,-2078.218994140625,-2078.219106694305,discharge
35461.295706,39.924964904785156,-52.00386047363281,-2076.252197265625,-2076.252304323134,discharge
35462.515706,39.923343658447266,-51.95441436767578,-2074.19384765625,-2074.1939393740904,discharge
35463.735706,39.9212646484375,-52.00743865966797,-2076.20263671875,-2076.2027224199846,discharge
35464.955706,39.91981506347656,-51.99689865112305,-2075.70654296875,-2075.706578027166,discharge
35466.175706,39.917545318603516,-52.013397216796875,-2076.2470703125,-2076.247140576015,discharge
35467.395705999996,39.91586685180664,-52.013160705566406,-2076.150390625,-2076.15039726501,discharge
35468.625706,39.914207458496094,-51.990699768066406,-2075.16748046875,-2075.1675764549873,discharge
35469.845706,39.91222381591797,-51.98049545288086,-2074.6572265625,-2074.657168577687,discharge
35471.065706,39.91044998168945,-52.00967788696289,-2075.729736328125,-2075.7296478714125,discharge
35472.285705999995,39.90877151489258,-51.995849609375,-2075.090576171875,-2075.0904817832634,discharge
35473.505705999996,39.90684509277344,-52.019691467285156,-2075.941650390625,-2075.941769158817,discharge
35474.725706,39.905128479003906,-51.97029113769531,-2073.881103515625,-2073.8811449409695,discharge
35475.945706,39.903297424316406,-52.002479553222656,-2075.0703125,-2075.070408414176,discharge
35477.165706,39.90165710449219,-51.989410400390625,-2074.463623046875,-2074.4636268611066,discharge
35478.395705999996,39.899845123291016,-51.962806701660156,-2073.307861328125,-2073.3079395677487,discharge
35479.615706,39.89768981933594,-51.98321533203125,-2074.01025390625,-2074.010201129131,discharge
35480.835706,39.89583969116211,-51.958038330078125,-2072.90966796875,-2072.909567884053,discharge
35482.055706,39.89433288574219,-51.97868347167969,-2073.65478515625,-2073.654901381815,discharge
35483.275706,39.89269256591797,-51.9688606262207,-2073.177734375,-2073.1777799628617,discharge
35484.495706,39.89107131958008,-51.9679069519043,-2073.055419921875,-2073.0554825477157,discharge
35485.715705999995,39.88933563232422,-51.982452392578125,-2073.54541015625,-2073.545490478864,discharge
35486.935706,39.88729476928711,-52.0258903503418,-2075.172119140625,-2075.172024038693,discharge
35488.155706,39.88515853881836,-52.039100646972656,-2075.587890625,-2075.5877795220295,discharge
35489.385706,39.88365173339844,-51.97639465332031,-2073.00830078125,-2073.0084227107,discharge
35490.605705999995,39.88151550292969,-52.06174850463867,-2076.301513671875,-2076.3014300973737,discharge
35491.825705999996,39.87993240356445,-51.99589538574219,-2073.5927734375,-2073.5927932462073,discharge
35493.045706,39.87833023071289,-52.03089904785156,-2074.9052734375,-2074.9053744311095,discharge
35494.265706,39.87653732299805,-51.98283386230469,-2072.8955078125,-2072.8954146653996,discharge
35495.485706,39.87407684326172,-52.004337310791016,-2073.625,-2073.6249421133834,discharge
35496.705706,39.87281799316406,-52.00347900390625,-2073.525146484375,-2073.5252533340827,discharge
35497.925706,39.870567321777344,-52.0085334777832,-2073.609619140625,-2073.609735332866,discharge
35499.155706,39.86865997314453,-52.00743865966797,-2073.466796875,-2073.466887996474,discharge
35500.375706,39.86736297607422,-51.96876525878906,-2071.857666015625,-2071.857627990539,discharge
35501.595706,39.86530303955078,-51.98507308959961,-2072.400634765625,-2072.400692250085,discharge
35502.815706,39.86307144165039,-52.03371047973633,-2074.2236328125,-2074.223518227882,discharge
35504.035705999995,39.86152648925781,-52.04343795776367,-2074.53076171875,-2074.530880745442,discharge
35505.255705999996,39.85950469970703,-52.02899169921875,-2073.849853515625,-2073.849839156028,discharge
35506.475706,39.85727310180664,-52.04811096191406,-2074.495849609375,-2074.4957730421447,discharge
35507.695706,39.85565185546875,-52.03032684326172,-2073.70263671875,-2073.7025925912894,discharge
35508.915706,39.85404968261719,-52.022361755371094,-2073.3017578125,-2073.301790005644,discharge
35510.145705999996,39.85219955444336,-52.00958251953125,-2072.6962890625,-2072.6962613116484,discharge
35511.365706,39.850311279296875,-52.001380920410156,-2072.271240234375,-2072.271216631634,discharge
35512.585706,39.84811782836914,-52.02717590332031,-2073.18505859375,-2073.1850356727955,discharge
35513.805706,39.846839904785156,-51.99341583251953,-2071.7734375,-2071.7733167813276,discharge
35515.025706,39.84413146972656,-52.01749801635742,-2072.592041015625,-2072.592029689986,discharge
35516.245706,39.84235763549805,-52.08973693847656,-2075.3779296875,-2075.3779282417963,discharge
35517.465705999995,39.840736389160156,-52.021121978759766,-2072.559814453125,-2072.5598074241134,discharge
35518.685706,39.83884811401367,-51.98406982421875,-2070.9853515625,-2070.985462075332,discharge
35519.915706,39.836883544921875,-52.02708435058594,-2072.596923828125,-2072.5969004561193,discharge
35521.135706,39.83518600463867,-51.98779296875,-2070.943359375,-2070.9434028808028,discharge
35522.355705999995,39.83375549316406,-51.96409225463867,-2069.925048828125,-2069.9249452954973,discharge
35523.575705999996,39.83182907104492,-51.98139953613281,-2070.51416015625,-2070.514221196936,discharge
35524.795706,39.829654693603516,-51.984596252441406,-2070.528564453125,-2070.5285181211366,discharge
35526.015706,39.82738494873047,-52.047874450683594,-2072.9306640625,-2072.930731510569,discharge
35527.235706,39.82576370239258,-52.04119873046875,-2072.58056640625,-2072.580483428901,discharge
35528.455706,39.82368469238281,-51.97777557373047,-2069.946533203125,-2069.9465454596793,discharge
35529.675706,39.82185363769531,-52.04133987426758,-2072.382568359375,-2072.3826195826405,discharge
35530.905706,39.8204231262207,-51.96709442138672,-2069.351806640625,-2069.3516884998826,discharge
35532.125706,39.818477630615234,-52.01392364501953,-2071.115234375,-2071.115255139739,discharge
35533.345706,39.8162841796875,-52.016258239746094,-2071.09423828125,-2071.094120037742,discharge
35534.565706,39.81405258178711,-52.05769348144531,-2072.627685546875,-2072.6277455568197,discharge
35535.785705999995,39.81245040893555,-52.03013610839844,-2071.447265625,-2071.4472135857795,discharge
35537.005705999996,39.81088638305664,-51.981590270996094,-2069.43310546875,-2069.433184289228,discharge
35538.225706,39.80867385864258,-51.99260711669922,-2069.7568359375,-2069.7567397692183,discharge
35539.445706,39.8065185546875,-52.00733947753906,-2070.231201171875,-2070.2311238925904,discharge
35540.675706,39.80430603027344,-52.013206481933594,-2070.349609375,-2070.349588422687,discharge
35541.895705999996,39.802284240722656,-52.02870178222656,-2070.861083984375,-2070.861177011975,discharge
35543.115706,39.800968170166016,-51.99303436279297,-2069.373046875,-2069.373105743871,discharge
35544.335706,39.79841232299805,-52.061798095703125,-2071.976806640625,-2071.9769068894675,discharge
35545.555706,39.79623794555664,-52.02765655517578,-2070.5048828125,-2070.505000019475,discharge
35546.775706,39.7944450378418,-52.014305114746094,-2069.88037109375,-2069.880406070297,discharge
35547.995706,39.79288101196289,-52.02188491821289,-2070.1005859375,-2070.1006765684724,discharge
35549.215705999995,39.79108810424805,-51.980735778808594,-2068.3701171875,-2068.3700370982115,discharge
35550.435706,39.78912353515625,-52.006385803222656,-2069.28857421875,-2069.2885093414225,discharge
35551.665706,39.7868537902832,-52.006385803222656,-2069.17041015625,-2069.17046811388,discharge
35552.885706,39.78431701660156,-52.028419494628906,-2069.9150390625,-2069.9151350470493,discharge
35554.105705999995,39.782867431640625,-51.985023498535156,-2068.11328125,-2068.113298272947,discharge
35555.325705999996,39.78126525878906,-51.987884521484375,-2068.143798828125,-2068.143824392464,discharge
35556.545706,39.77928161621094,-51.97582244873047,-2067.560791015625,-2067.5608784222277,discharge
35557.765706,39.777069091796875,-52.00157165527344,-2068.47021484375,-2068.4701086138375,discharge
35558.985706,39.774932861328125,-51.991844177246094,-2067.97216796875,-2067.972111486597,discharge
35560.205706,39.77256774902344,-52.03662109375,-2069.630126953125,-2069.630037881434,discharge
35561.435706,39.77071762084961,-52.015541076660156,-2068.6953125,-2068.6953960555547,discharge
35562.655706,39.7685432434082,-52.030517578125,-2069.177978515625,-2069.1778882825747,discharge
35563.875706,39.76705551147461,-51.973628997802734,-2066.838134765625,-2066.838189488408,discharge
35565.095706,39.76499557495117,-51.971961975097656,-2066.664794921875,-2066.664837961289,discharge
35566.315706,39.76297378540039,-51.98826599121094,-2067.2080078125,-2067.208057756943,discharge
35567.535705999995,39.76093292236328,-51.99799346923828,-2067.48876953125,-2067.4887304278673,discharge
35568.755705999996,39.7587776184082,-52.047203063964844,-2069.333251953125,-2069.3331722803123,discharge
35569.975706,39.75667953491211,-52.051639556884766,-2069.400390625,-2069.400353129822,discharge
35571.195706,39.754905700683594,-52.01201629638672,-2067.73291015625,-2067.7328031652723,discharge
35572.425706,39.75263595581055,-51.99766159057617,-2067.044189453125,-2067.0441117636074,discharge
35573.645705999996,39.75048065185547,-52.021644592285156,-2067.885498046875,-2067.885376843333,discharge
35574.865706,39.74845886230469,-51.99289321899414,-2066.637451171875,-2066.637377247389,discharge
35576.085706,39.74651336669922,-51.99256134033203,-2066.52294921875,-2066.523034282436,discharge
35577.305706,39.74458694458008,-51.9963264465332,-2066.572509765625,-2066.5725172530074,discharge
35578.525706,39.74235534667969,-52.01215744018555,-2067.085693359375,-2067.0856433353038,discharge
35579.745706,39.74021911621094,-52.05411911010742,-2068.64208984375,-2068.642099337012,discharge
35580.965705999995,39.7381591796875,-52.024078369140625,-2067.341064453125,-2067.3411074094474,discharge
35582.195706,39.73611831665039,-51.999237060546875,-2066.247802734375,-2066.2478362134425,discharge
35583.415706,39.734039306640625,-52.01134490966797,-2066.620849609375,-2066.62082303199,discharge
35584.635706,39.7320556640625,-52.04624938964844,-2067.904541015625,-2067.9044778551906,discharge
35585.855705999995,39.73003387451172,-51.99718475341797,-2065.849853515625,-2065.84991163254,discharge
35587.075705999996,39.72749710083008,-52.00614929199219,-2066.07421875,-2066.074145222956,discharge
35588.295706,39.72551345825195,-52.00948715209961,-2066.103515625,-2066.103581817515,discharge
35589.515706,39.723453521728516,-52.034996032714844,-2067.009765625,-2067.009746408876,discharge
35590.735706,39.721527099609375,-51.9989013671875,-2065.475830078125,-2065.4757698066533,discharge
35591.955706,39.719295501708984,-51.97601318359375,-2064.45068359375,-2064.450626639882,discharge
35593.185706,39.716796875,-52.00324249267578,-2065.402099609375,-2065.4022189229727,discharge
35594.405706,39.715328216552734,-52.01792907714844,-2065.9091796875,-2065.9091264443123,discharge
35595.625706,39.712982177734375,-52.0252685546875,-2066.07861328125,-2066.0785629041493,discharge
35596.845706,39.710845947265625,-52.02217102050781,-2065.844482421875,-2065.844419237692,discharge
35598.065706,39.70876693725586,-52.0054817199707,-2065.073486328125,-2065.0735530780366,discharge
35599.285705999995,39.706058502197266,-52.017974853515625,-2065.4287109375,-2065.4287526995176,discharge
35600.505705999996,39.704132080078125,-52.01945495605469,-2065.38720703125,-2065.38731030887,discharge
35601.725706,39.702186584472656,-52.001380920410156,-2064.568603515625,-2064.5685279523605,discharge
35602.955706,39.70003128051758,-52.00896453857422,-2064.757568359375,-2064.757519048726,discharge
35604.175706,39.69743728637695,-52.032997131347656,-2065.57666015625,-2065.5766404439055,discharge
35605.395705999996,39.69533920288086,-51.98626708984375,-2063.612548828125,-2063.6125060229097,discharge
35606.615706,39.69358444213867,-52.00519561767578,-2064.272705078125,-2064.2726236801536,discharge
35607.835706,39.69097137451172,-51.98183059692383,-2063.209228515625,-2063.209350217221,discharge
35609.055706,39.6888542175293,-52.045013427734375,-2065.60693359375,-2065.6069506827043,discharge
35610.275706,39.68645095825195,-52.062225341796875,-2066.1650390625,-2066.1649528046837,discharge
35611.495706,39.6844482421875,-52.03643035888672,-2065.037109375,-2065.0370272854343,discharge
35612.715705999995,39.68156814575195,-52.07743835449219,-2066.514404296875,-2066.514418919978,discharge
35613.945706,39.68017578125,-51.99188995361328,-2063.04736328125,-2063.047332558781,discharge
35615.165706,39.677371978759766,-51.99932861328125,-2063.19677734375,-2063.1967040349264,discharge
35616.385706,39.67479705810547,-52.0313720703125,-2064.334228515625,-2064.3341275444254,discharge
35617.605705999995,39.672508239746094,-52.036094665527344,-2064.40234375,-2064.4023943823413,discharge
35618.825705999996,39.670982360839844,-52.005672454833984,-2063.1162109375,-2063.1161146193335,discharge
35620.045706,39.66856002807617,-51.99861526489258,-2062.710205078125,-2062.710191012229,discharge
35621.265706,39.66636657714844,-51.990081787109375,-2062.257568359375,-2062.257642543409,discharge
35622.485706,39.66413497924805,-52.00428771972656,-2062.705078125,-2062.705087614886,discharge
35623.715705999995,39.66144561767578,-52.03380584716797,-2063.73583984375,-2063.7359608881525,discharge
35624.935706,39.65930938720703,-52.0050048828125,-2062.482666015625,-2062.4825783306733,discharge
35626.155706,39.65658187866211,-52.04052734375,-2063.74951171875,-2063.7494336161762,discharge
35627.375706,39.654388427734375,-52.04639434814453,-2063.867919921875,-2063.8679377443623,discharge
35628.595706,39.6522331237793,-51.990081787109375,-2061.52294921875,-2061.522843146813,discharge
35629.815706,39.650230407714844,-51.973106384277344,-2060.74560546875,-2060.745643141272,discharge
35631.035705999995,39.64773178100586,-52.026512145996094,-2062.733154296875,-2062.7331990656967,discharge
35632.255705999996,39.64508056640625,-52.010536193847656,-2061.9619140625,-2061.9618977070786,discharge
35633.475706,39.64265823364258,-52.023651123046875,-2062.355712890625,-2062.355821537203,discharge
35634.705706,39.640254974365234,-52.034950256347656,-2062.6787109375,-2062.6786957400327,discharge
35635.925706,39.63794708251953,-52.00877380371094,-2061.52099609375,-2061.521023858222,discharge
35637.145705999996,39.6356201171875,-52.004337310791016,-2061.22412109375,-2061.224158096593,discharge
35638.365706,39.63350296020508,-51.986026763916016,-2060.388427734375,-2060.388345636966,discharge
35639.585706,39.63111877441406,-51.992942810058594,-2060.53857421875,-2060.53849193675,discharge
35640.805706,39.62858200073242,-52.01683044433594,-2061.353271484375,-2061.3532306815614,discharge
35642.025706,39.62606430053711,-51.99665832519531,-2060.4228515625,-2060.4229262072477,discharge
35643.245706,39.62421417236328,-51.94740295410156,-2058.375,-2058.3750203513773,discharge
35644.475706,39.62080001831055,-52.01549530029297,-2060.8955078125,-2060.89553714628,discharge
35645.695706,39.61875915527344,-52.02817916870117,-2061.2919921875,-2061.2918997721863,discharge
35646.915706,39.616050720214844,-52.00300216674805,-2060.153564453125,-2060.153571441333,discharge
35648.135706,39.61326599121094,-52.034854888916016,-2061.2705078125,-2061.270547528693,discharge
35649.355705999995,39.61141586303711,-51.97715759277344,-2058.888916015625,-2058.8888047859655,discharge
35650.575705999996,39.60834503173828,-52.08201599121094,-2062.882568359375,-2062.8824593283935,discharge
35651.795706,39.60582733154297,-51.95941925048828,-2057.895751953125,-2057.8957870820886,discharge
35653.015706,39.603424072265625,-52.04029083251953,-2060.9736328125,-2060.973706684308,discharge
35654.235706,39.60123062133789,-52.018402099609375,-2059.99267578125,-2059.992738100118,discharge
35655.465705999995,40.05634307861328,0.000858306884765625,0.034380633383989334,0.03438063504290767,rest
35656.685706,40.0877571105957,0.001239776611328125,0.04969986528158188,0.04969986366631929,rest
35657.905706,40.11003494262695,0.0016689300537109375,0.06694084405899048,0.06694084277114598,rest
35659.125706,40.12889862060547,0.00209808349609375,0.08419378101825714,0.08419377991231158,rest
35712.823178,40.44179916381836,-4.76837158203125e-05,-0.001928415265865624,-0.0019284152585896663,rest
35834.823178,40.631446838378906,0.00457763671875,0.18599599599838257,0.18599600298330188,rest
35956.823178,40.68641662597656,0.0010967254638671875,0.04462182894349098,0.044621829147217795,rest
36078.823178,40.71216583251953,0.004291534423828125,0.17471766471862793,0.17471766113885678,rest
36200.823178,40.728206634521484,0.0017642974853515625,0.07185667008161545,0.07185667254816508,rest
36323.823178,40.73957443237305,0.00438690185546875,0.17872051894664764,0.17872051466838457,rest
36445.823178,40.74861526489258,0.004673004150390625,0.19041845202445984,0.1904184482555138,rest
36567.823178,40.755767822265625,0.0046253204345703125,0.18850848078727722,0.1885084857349284,rest
36689.823178,40.7618522644043,0.0034809112548828125,0.14188839495182037,0.14188839031703537,rest
36811.823178,40.76759338378906,0.0045299530029296875,0.18467527627944946,0.18467528207111172,rest
36933.823178,40.77211380004883,0.002956390380859375,0.12053828686475754,0.12053828504576813,rest
37055.823178,40.77653884887695,0.006389617919921875,0.2605465054512024,0.2605465033411747,rest
37177.823178,40.78056335449219,0.0054836273193359375,0.22362540662288666,0.22362541130860336,rest
37300.823178,40.78483581542969,0.0039577484130859375,0.16141611337661743,0.16141611922648735,rest
37422.823178,40.78826904296875,0.003814697265625,0.15559490025043488,0.15559489838778973,rest
37544.823178,40.79153060913086,0.0019073486328125,0.07780367136001587,0.07780367013765499,rest
37666.823178,40.794715881347656,-0.00209808349609375,-0.08559072017669678,-0.08559072011848912,rest
37788.823178,40.797786712646484,0.0038623809814453125,0.15757659077644348,0.15757659548398806,rest
37910.823178,40.80078125,0.004100799560546875,0.16731582581996918,0.16731582581996918,rest
38032.823178,40.80360412597656,0.001811981201171875,0.073935367166996,0.07393536361632869,rest
38154.823178,40.806026458740234,0.0026226043701171875,0.10701806098222733,0.10701806331780972,rest
38276.823178,40.80888748168945,0.00400543212890625,0.1634572297334671,0.163457229064079,rest
38399.823178,40.811004638671875,0.0046253204345703125,0.18876397609710693,0.18876397371059284,rest
38521.823178,40.813446044921875,0.0054836273193359375,0.2238057255744934,0.22380572772817686,rest
38643.823178,40.81605911254883,0.001621246337890625,0.06617288291454315,0.06617288636334706,rest
38765.823178,40.81830978393555,0.0051975250244140625,0.21215417981147766,0.21215418655629037,rest
38887.823178,40.82023620605469,0.0049114227294921875,0.2004854381084442,0.20048543592565693,rest
39009.823178,40.82298278808594,0.00286102294921875,0.11679548770189285,0.1167954906122759,rest
39131.823178,40.82460403442383,0.0038623809814453125,0.15768016874790192,0.15768017419759417,rest
39253.823178,40.826263427734375,0.008296966552734375,0.33873414993286133,0.33873414213303477,rest
39376.823178,40.828819274902344,-0.0019550323486328125,-0.07982166111469269,-0.07982166243891697,rest
39498.823178,40.83030700683594,0.0017642974853515625,0.07203681021928787,0.07203680797829293,rest
39620.823178,40.83263397216797,0.0004291534423828125,0.017523465678095818,0.01752346543071326,rest
39742.823178,40.83385467529297,0.002002716064453125,0.0817786157131195,0.08177861673175357,rest
39864.823178,40.83610534667969,0.0019550323486328125,0.079835906624794,0.07983590694493614,rest
39986.823178,40.83728790283203,0.0023365020751953125,0.09541640430688858,0.09541640793031547,rest
40108.823178,40.83921432495117,0.00324249267578125,0.1324208527803421,0.13242085333331488,rest
40230.823178,40.84074020385742,0.0008106231689453125,0.033106449991464615,0.03310645024612313,rest
40352.823178,40.842437744140625,-0.00152587890625,-0.062320612370967865,-0.062320614233613014,rest
40475.823178,40.84413528442383,-0.00057220458984375,-0.023371201008558273,-0.023371201677946374,rest
40597.823178,40.845680236816406,0.0006198883056640625,0.02531975880265236,0.025319759515696205,rest
40719.823178,40.846920013427734,0.0017642974853515625,0.07206612080335617,0.07206611826404696,rest
40841.823178,40.849246978759766,0.0062465667724609375,0.25516754388809204,0.2551675488575711,rest
40963.823178,40.85012435913086,0.0042438507080078125,0.17336182296276093,0.17336182918370469,rest
41085.823178,40.852203369140625,-0.0002384185791015625,-0.009739924222230911,-0.009739924280438572,rest
41207.823178,40.8527946472168,-0.00019073486328125,-0.00779205234721303,-0.007792052201693878,rest
41329.823178,40.85447311401367,-0.0021457672119140625,-0.08766418695449829,-0.08766418886807514,rest
41452.823178,40.85592269897461,-0.0065326690673828125,-0.2668982148170471,-0.26689822243497474,rest
41574.823178,40.857505798339844,0.0034809112548828125,0.1422213464975357,0.14222135177988093,rest
41696.823178,40.85834503173828,0.0017642974853515625,0.07208627462387085,0.07208627539512236,rest
41818.823178,40.859622955322266,0.002384185791015625,0.09741692990064621,0.0974169324763352,rest
41940.823178,40.86111068725586,0.0013828277587890625,0.05650387704372406,0.05650387811328983,rest
42062.823178,40.86202621459961,0.00247955322265625,0.1013195663690567,0.10131956878467463,rest
42184.823178,40.86324691772461,0.005340576171875,0.21823328733444214,0.2182332827942446,rest
42306.823178,40.86467742919922,0.0031948089599609375,0.13055483996868134,0.13055483759671915,rest
42428.823178,40.8662223815918,-0.0012874603271484375,-0.05261363834142685,-0.052613640036724973,rest
42551.823178,40.86709976196289,0.0026226043701171875,0.1071782335639,0.10717823442973895,rest
42673.823178,40.86835861206055,0.002574920654296875,0.10523278266191483,0.10523278069740627,rest
42795.823178,40.86984634399414,0.007534027099609375,0.30791452527046204,0.307914529912523,rest
42917.823178,40.870914459228516,0.0044345855712890625,0.1812455654144287,0.1812455675462843,rest
43039.823178,40.87211608886719,0.0044345855712890625,0.1812509000301361,0.18125089627574198,rest
43161.823178,40.87308883666992,0.00553131103515625,0.22608177363872528,0.22608176732319407,rest
43283.823178,40.87409973144531,0.003528594970703125,0.14422814548015594,0.14422814274439588,rest
43405.823178,40.87516784667969,0.0039577484130859375,0.16177363693714142,0.16177363067981787,rest
43528.823178,40.87614059448242,0.0058650970458984375,0.23974253237247467,0.23974253144842805,rest
43650.823178,40.87736129760742,-0.0023365020751953125,-0.09551004320383072,-0.0955100395003683,rest
43772.823178,40.87791442871094,0.0033855438232421875,0.13839396834373474,0.138393970701145,rest
43894.823178,40.87919235229492,0.0019073486328125,0.07797086983919144,0.07797087164362893,rest
44016.823178,40.880069732666016,0.004100799560546875,0.16764096915721893,0.1676409719948424,rest
44138.823178,40.880680084228516,0.003814697265625,0.15594741702079773,0.1559474185341969,rest
44260.823178,40.88184356689453,0.003528594970703125,0.14425547420978546,0.14425546760321595,rest
44382.823178,40.882930755615234,0.0054836273193359375,0.2241867631673813,0.22418675598601112,rest
44504.823178,40.88420867919922,0.0032901763916015625,0.13451625406742096,0.13451625818561297,rest
44627.823178,40.88457107543945,0.003147125244140625,0.1286688596010208,0.12866886572737712,rest
44749.823178,40.88523864746094,0.003910064697265625,0.1598639339208603,0.15986392827471718,rest
44871.823178,40.88645935058594,0.0044345855712890625,0.18131449818611145,0.18131450269720517,rest
44993.823178,40.88766098022461,0.0029087066650390625,0.11893021315336227,0.11893021201103693,rest
45115.823178,40.88785171508789,-0.0014781951904296875,-0.06044022738933563,-0.06044022575224517,rest
45237.823178,40.88895797729492,0.003147125244140625,0.1286826729774475,0.12868267185695004,rest
45359.823178,40.88951110839844,0.0018596649169921875,0.07604078948497772,0.07604078928125091,rest
45481.823178,40.8903694152832,0.0077724456787109375,0.31781816482543945,0.3178181750627118,rest
45604.823178,40.8912467956543,0.0009059906005859375,0.03704708442091942,0.03704708524310263,rest
45726.823178,40.892372131347656,0.006580352783203125,0.26908624172210693,0.26908623476629145,rest
45848.823178,40.89263916015625,0.0016689300537109375,0.06824695318937302,0.06824695446994156,rest
45970.823178,40.89338302612305,0.0025272369384765625,0.10334727168083191,0.10334726812288864,rest
46092.823178,40.89445114135742,0.002956390380859375,0.12089996039867401,0.12089996198483277,rest
46214.823178,40.89506149291992,0.00209808349609375,0.08580125123262405,0.08580125359003432,rest
46336.823178,40.89561462402344,0.006198883056640625,0.253507137298584,0.25350713258376345,rest
46458.823178,40.896549224853516,0.0014781951904296875,0.060453083366155624,0.06045308236934943,rest
46580.823178,40.89754104614258,0.0036716461181640625,0.15016129612922668,0.1501612978245248,rest
46703.823178,40.89822769165039,0.00400543212890625,0.16381508111953735,0.16381507521145977,rest
46825.823178,40.89906692504883,0.00362396240234375,0.14821667969226837,0.14821668082731776,rest
46947.823178,40.900306701660156,0.00133514404296875,0.054607801139354706,0.0546078008483164,rest
47069.823178,40.900726318359375,0.001049041748046875,0.04290657117962837,0.042906569433398545,rest
47191.823178,40.900821685791016,0.0019073486328125,0.0780121237039566,0.07801212632330135,rest
47313.823178,40.901851654052734,0.002765655517578125,0.1131204292178154,0.1131204317061929,rest
47435.823178,40.9025764465332,0.0009059906005859375,0.03705735132098198,0.03705734980030684,rest
47557.823178,40.902957916259766,-0.0041961669921875,-0.17163564264774323,-0.17163564189104363,rest
47680.823178,40.9037971496582,-0.0051975250244140625,-0.2125985026359558,-0.2125985092789051,rest
47802.823178,40.9046745300293,0.0019073486328125,0.07801947742700577,0.07801947504049167,rest
47924.823178,40.90496063232422,0.0023365020751953125,0.0955745279788971,0.0955745254032081,rest
48046.823178,40.90534210205078,0.0048160552978515625,0.19700239598751068,0.19700238954101223,rest
48168.823178,40.906314849853516,0.0026226043701171875,0.10728108137845993,0.10728108009061543,rest
48290.823178,40.90736389160156,0.0019550323486328125,0.07997521758079529,0.07997521970537491,rest
48412.823178,40.90730667114258,0.0029087066650390625,0.11898735910654068,0.11898735556314932,rest
48534.823178,40.908546447753906,-0.0005245208740234375,-0.021457387134432793,-0.02145738653780427,rest
48656.823178,40.909271240234375,0.00514984130859375,0.21067625284194946,0.21067625493742526,rest
48695.146578,41.5086555480957,51.956939697265625,2156.66259765625,2156.6627132269787,charge
48707.346578,41.59595489501953,51.938819885253906,2160.44482421875,2160.444809247565,charge
48719.546578,41.65830612182617,52.01335144042969,2166.7880859375,2166.788116727548,charge
48731.746578,41.70623779296875,51.936767578125,2166.087158203125,2166.087178811431,charge
48743.946577999995,41.745052337646484,52.02050018310547,2171.598388671875,2171.5985027742863,charge
48756.146578,41.77713394165039,51.95760726928711,2170.639892578125,2170.6399181766756,charge
48768.346578,41.80463790893555,52.00605392456055,2174.09423828125,2174.09425338883,charge
48780.546578,41.8280029296875,51.973106384277344,2173.93115234375,2173.931246106513,charge
48792.846578,41.85029983520508,51.992462158203125,2175.900146484375,2175.9001304913545,charge
48805.046578,41.87002182006836,52.00218963623047,2177.332763671875,2177.3328147603024,charge
48817.246578,41.888084411621094,51.99675750732422,2178.044677734375,2178.0445675973897,charge
48829.446577999995,41.90469741821289,51.99460983276367,2178.818359375,2178.8183924199984,charge
48841.646578,41.92087173461914,51.93977355957031,2177.360595703125,2177.3605853159097,charge
48853.846578,41.9367790222168,51.940155029296875,2178.202880859375,2178.2028038433054,charge
48866.046578,41.95253372192383,51.947357177734375,2179.3232421875,2179.323253763723,charge
48878.246578,41.96807861328125,52.00634002685547,2182.606201171875,2182.6061666361056,charge
48890.446577999995,41.982269287109375,52.00047302246094,2183.097900390625,2183.0978614860214,charge
48902.746578,41.997642517089844,52.008724212646484,2184.243896484375,2184.243807252642,charge
48914.946577999995,42.01192855834961,52.00014114379883,2184.626220703125,2184.6262147573725,charge
48927.146578,42.02617645263672,51.978065490722656,2184.439453125,2184.4393519798177,charge
48939.346578,42.04008102416992,51.976776123046875,2185.10791015625,2185.107879588031,charge
48951.546578,42.05442428588867,52.011634826660156,2187.3193359375,2187.31935880307,charge
48963.746578,42.06809997558594,51.95884704589844,2185.81005859375,2185.8099721430335,charge
48975.946577999995,42.081947326660156,52.007389068603516,2188.572265625,2188.5722073820943,charge
48988.146578,42.09554672241211,51.987693786621094,2188.450439453125,2188.450392785162,charge
49000.446577999995,42.10958480834961,51.988792419433594,2189.2265625,2189.226463469822,charge
49012.646578,42.12287902832031,51.994468688964844,2190.15673828125,2190.1567147270544,charge
49024.846578,42.136268615722656,52.03752517700195,2192.667236328125,2192.667138955585,charge
49037.046578,42.14897155761719,51.96332931518555,2190.200927734375,2190.200889344851,charge
49049.246578,42.16207504272461,51.93867492675781,2189.84228515625,2189.842309881642,charge
49061.446577999995,42.17536926269531,52.01892852783203,2193.91748046875,2193.9175193110714,charge
49073.646578,42.18791961669922,51.9261360168457,2190.65576171875,2190.6556522844767,charge
49085.846578,42.200984954833984,51.99165344238281,2194.098876953125,2194.0989846989396,charge
49098.046578,42.213287353515625,51.975868225097656,2194.072265625,2194.0722608345095,charge
49110.346578,42.225914001464844,51.985931396484375,2195.153564453125,2195.1534684340004,charge
49122.546578,42.238807678222656,52.01640319824219,2197.11083984375,2197.1108508034376,charge
49134.746578,42.251338958740234,52.004005432128906,2197.23876953125,2197.238860725047,charge
49146.946577999995,42.26423263549805,52.04505920410156,2199.64453125,2199.6444897304173,charge
49159.146578,42.276039123535156,51.97887420654297,2197.4609375,2197.460919553123,charge
49171.346578,42.28830337524414,51.981544494628906,2198.21142578125,2198.211323502619,charge
49183.546578,42.300472259521484,51.974342346191406,2198.539306640625,2198.5392266219424,charge
49195.746578,42.31300354003906,51.996421813964844,2200.124755859375,2200.1247802836588,charge
49208.046578,42.32475280761719,52.0289421081543,2202.112060546875,2202.1121135694557,charge
49220.246578,42.33671188354492,51.94501876831055,2199.181396484375,2199.181293379297,charge
49232.446577999995,42.34882354736328,51.97267532348633,2200.981689453125,2200.9816565587244,charge
49244.646578,42.36083984375,51.94244384765625,2200.325439453125,2200.325544923544,charge
49256.846578,42.373085021972656,52.019073486328125,2204.208740234375,2204.208623600425,charge
49269.046578,42.384910583496094,51.99341583251953,2203.736328125,2203.7362809918704,charge
49281.246578,42.396297454833984,51.970054626464844,2203.337890625,2203.3378946875746,charge
49293.446577999995,42.40827560424805,51.94072723388672,2202.716796875,2202.7166756197403,charge
49305.646578,42.42042541503906,51.97071838378906,2204.619873046875,2204.6199829655234,charge
49317.946577999995,42.43227005004883,52.01496887207031,2207.11328125,2207.113205824571,charge
49330.146578,42.44428634643555,51.988746643066406,2206.625244140625,2206.6252493106003,charge
49342.346578,42.45574951171875,51.991798400878906,2207.350830078125,2207.3507695714943,charge
49354.546578,42.46763229370117,51.99546813964844,2208.12451171875,2208.1244218934444,charge
49366.746578,42.47896194458008,51.99809265136719,2208.824951171875,2208.824998928176,charge
49378.946577999995,42.49135971069336,52.00114440917969,2209.599365234375,2209.599332458165,charge
49391.146578,42.503299713134766,51.98345184326172,2209.46826171875,2209.4682338174607,charge
49403.346578,42.51523971557617,52.04052734375,2212.515380859375,2212.5154949445277,charge
49415.646578,42.52696990966797,51.999900817871094,2211.398193359375,2211.398217387323,charge
49427.846578,42.53896713256836,52.016353607177734,2212.721923828125,2212.7219564517873,charge
49440.046578,42.55117416381836,51.999473571777344,2212.638671875,2212.6386563795677,charge
49452.246578,42.562923431396484,51.98793411254883,2212.758544921875,2212.758458988901,charge
49464.446577999995,42.574729919433594,51.97234344482422,2212.70849609375,2212.708485443436,charge
49476.646578,42.586917877197266,52.00877380371094,2214.893310546875,2214.893378872366,charge
49488.846578,42.59916305541992,51.995513916015625,2214.96533203125,2214.9653754587052,charge
49501.046578,42.61131286621094,52.010536193847656,2216.2373046875,2216.2372300954303,charge
49513.246578,42.623252868652344,51.962135314941406,2214.795166015625,2214.7952331238776,charge
49525.546578,42.635860443115234,51.9740104675293,2215.95654296875,2215.9566569625895,charge
49537.746578,42.64791488647461,51.930091857910156,2214.710205078125,2214.7101376029605,charge
49549.946577999995,42.66040802001953,51.973628997802734,2217.21630859375,2217.2162193273834,charge
49562.146578,42.6732063293457,52.014495849609375,2219.625244140625,2219.6253135072766,charge
49574.346578,42.68585205078125,51.9927978515625,2219.35693359375,2219.356876797974,charge
49586.546578,42.698116302490234,51.96876525878906,2218.96826171875,2218.9683831165894,charge
49598.746578,42.711124420166016,52.01411437988281,2221.581298828125,2221.581310883921,charge
49610.946577999995,42.72336959838867,51.98850631713867,2221.124267578125,2221.1241702552798,charge
49623.146578,42.73653030395508,51.980445861816406,2221.4638671875,2221.463899786613,charge
49635.446577999995,42.74925231933594,51.98955535888672,2222.5146484375,2222.514620007132,charge
49647.646578,42.76206970214844,51.981590270996094,2222.84033203125,2222.840386396856,charge
49659.846578,42.774620056152344,51.99504089355469,2224.068115234375,2224.0681190259056,charge
49672.046578,42.78745651245117,51.971771240234375,2223.739990234375,2223.739901816589,charge
49684.246578,42.800941467285156,52.02980041503906,2226.924560546875,2226.924442118616,charge
49696.446577999995,42.81341552734375,51.9683837890625,2224.944091796875,2224.9440094456077,charge
49708.646578,42.8260612487793,52.016353607177734,2227.655517578125,2227.6555455191556,charge
49720.846578,42.839508056640625,52.019691467285156,2228.498046875,2228.497991716722,charge
49733.146578,42.85236358642578,51.948974609375,2226.13623046875,2226.1363479029387,charge
49745.346578,42.86497116088867,51.99394226074219,2228.71875,2228.7188355476246,charge
49757.546578,42.8779411315918,51.99785232543945,2229.560791015625,2229.5608509793965,charge
49769.746578,42.890357971191406,51.97997283935547,2229.439697265625,2229.4396424127626,charge
49781.946577999995,42.9034423828125,51.97100830078125,2229.735107421875,2229.7351602092385,charge
49794.146578,42.915992736816406,52.03733444213867,2233.23388671875,2233.2338669621095,charge
49806.346578,42.92839050292969,51.9825439453125,2231.52685546875,2231.5269458200783,charge
49818.546578,42.941131591796875,51.985595703125,2232.3203125,2232.320305965841,charge
49830.746578,42.95295715332031,51.92284393310547,2230.23974609375,2230.2396907372167,charge
49843.046578,42.965660095214844,51.95050048828125,2232.087646484375,2232.087545755785,charge
49855.246578,42.978057861328125,51.973915100097656,2233.738037109375,2233.7379304517526,charge
49867.446577999995,42.99070358276367,52.010108947753906,2235.951171875,2235.9511770801328,charge
49879.646578,43.002777099609375,51.984169006347656,2235.463623046875,2235.4636324883904,charge
49891.846578,43.015403747558594,52.044532775878906,2238.716552734375,2238.7165902074776,charge
49904.046578,43.02764892578125,52.0054817199707,2237.673583984375,2237.673609663034,charge
49916.246578,43.03985595703125,51.985740661621094,2237.458740234375,2237.4587898957543,charge
49928.446577999995,43.052406311035156,51.989219665527344,2238.260986328125,2238.2610088339425,charge
49940.746578,43.064212799072266,51.98802947998047,2238.823486328125,2238.823564530321,charge
49952.946577999995,43.07638168334961,51.99861526489258,2239.912109375,2239.912198156162,charge
49965.146578,43.089542388916016,52.019691467285156,2241.504638671875,2241.5047005379165,charge
49977.346578,43.1013298034668,51.9805908203125,2240.4326171875,2240.4325883253478,charge
49989.546578,43.11382293701172,52.00471878051758,2242.122314453125,2242.122237392323,charge
50001.746578,43.1254768371582,51.95793914794922,2240.7109375,2240.7109012313595,charge
50013.946577999995,43.13823699951172,51.963661193847656,2241.620849609375,2241.6207319425303,charge
50026.146578,43.15010070800781,52.01782989501953,2244.57470703125,2244.5745985821122,charge
50038.346578,43.162593841552734,51.959373474121094,2242.701416015625,2242.7013335250376,charge
50050.646578,43.17485809326172,51.97896957397461,2244.1845703125,2244.1846351903223,charge
50062.846578,43.18706512451172,51.978729248046875,2244.808837890625,2244.8087651247624,charge
50075.046578,43.1987190246582,51.98497772216797,2245.684326171875,2245.6844461230503,charge
50087.246578,43.21138381958008,51.97605895996094,2245.95751953125,2245.957433147996,charge
50099.446577999995,43.22420120239258,52.009727478027344,2248.078857421875,2248.07892499186,charge
50111.646578,43.23577880859375,51.94120407104492,2245.718505859375,2245.7184102677274,charge
50123.846578,43.247318267822266,51.94678497314453,2246.55908203125,2246.5591427237086,charge
50136.046578,43.26009750366211,51.99456024169922,2249.289794921875,2249.2897457159415,charge
50148.346578,43.27253341674805,52.022647857666016,2251.15185546875,2251.151767848569,charge
50160.546578,43.28428268432617,52.00815200805664,2251.135498046875,2251.1355534061295,charge
50172.746578,43.296241760253906,52.040626525878906,2253.16357421875,2253.1635474195355,charge
50184.946577999995,43.30772399902344,51.96800231933594,2250.615966796875,2250.6159012264106,charge
50197.146578,43.31989288330078,52.02512741088867,2253.722900390625,2253.7229466797726,charge
50209.346578,43.3311653137207,51.98497772216797,2252.569580078125,2252.569663509348,charge
50221.546578,43.342857360839844,52.00419616699219,2254.010498046875,2254.0104566310765,charge
50233.746578,43.353633880615234,51.971961975097656,2253.17333984375,2253.1734115256404,charge
50245.946577999995,43.36524963378906,52.04143524169922,2256.789794921875,2256.7898305569543,charge
50258.246578,43.37543487548828,51.951454162597656,2253.4169921875,2253.416916716669,charge
50270.446577999995,43.38701248168945,52.040245056152344,2257.870849609375,2257.8707618014596,charge
50282.646578,43.39759826660156,52.00801086425781,2257.022705078125,2257.02276213211,charge
50294.846578,43.40801239013672,51.95698547363281,2255.349365234375,2255.3494691936066,charge
50307.046578,43.41846466064453,51.965667724609375,2256.26953125,2256.2695076677483,charge
50319.246578,43.42924118041992,52.040626525878906,2260.0849609375,2260.0849205725535,charge
50331.446577999995,43.43893051147461,52.024314880371094,2259.880615234375,2259.8805989955144,charge
50343.646578,43.449134826660156,52.016021728515625,2260.051025390625,2260.0511412287597,charge
50355.946577999995,43.459434509277344,51.99656677246094,2259.741455078125,2259.7413883550325,charge
50368.146578,43.46914291381836,52.03242492675781,2261.804931640625,2261.80491529376,charge
50380.346578,43.47848892211914,51.94773864746094,2258.609130859375,2258.6091793127707,charge
50392.546578,43.488121032714844,51.95207595825195,2259.298095703125,2259.298167173256,charge
50404.746578,43.49802017211914,51.99799346923828,2261.809814453125,2261.809768834646,charge
50416.946577999995,43.50791931152344,52.02369689941406,2263.44287109375,2263.442806986859,charge
50429.146578,43.51696014404297,51.99470520019531,2262.651611328125,2262.651513898163,charge
50441.346578,43.52678298950195,52.010581970214844,2263.853271484375,2263.8533145752444,charge
50453.546578,43.536109924316406,51.98645782470703,2263.2880859375,2263.288142432284,charge
50465.846578,43.54515075683594,51.94206237792969,2261.824951171875,2261.8249368679244,charge
50478.046578,43.554325103759766,51.925804138183594,2261.59326171875,2261.5933547086024,charge
50490.246578,43.56468200683594,52.026702880859375,2266.52685546875,2266.526766868774,charge
50502.446577999995,43.572654724121094,51.93309783935547,2262.863037109375,2262.862940908235,charge
50514.646578,43.582210540771484,51.9902229309082,2265.848876953125,2265.848841836487,charge
50526.846578,43.59102249145508,51.996803283691406,2266.59375,2266.5938214231574,charge
50539.046578,43.59916687011719,51.940059661865234,2264.543212890625,2264.543328441505,charge
50551.246578,43.60797882080078,51.94964599609375,2265.4189453125,2265.4190623457544,charge
50563.546578,43.617000579833984,51.967002868652344,2266.644775390625,2266.6447942542436,charge
50575.746578,43.62529754638672,51.98659896850586,2267.930908203125,2267.930848425749,charge
50587.946577999995,43.63344192504883,51.967716217041016,2267.5302734375,2267.5303275336773,charge
50600.146578,43.64208221435547,52.01792907714844,2270.170654296875,2270.170737405424,charge
50612.346578,43.649654388427734,51.97968292236328,2268.895263671875,2268.8951947812166,charge
50624.546578,43.657379150390625,51.979827880859375,2269.302978515625,2269.3030539667234,charge
50636.746578,43.6650276184082,52.001285552978516,2270.637451171875,2270.6375698635384,charge
50648.946577999995,43.67267608642578,51.98626708984375,2270.37939453125,2270.3794035571627,charge
50661.146578,43.679847717285156,51.98631286621094,2270.754150390625,2270.7542293792358,charge
50673.446577999995,43.6871337890625,51.98698043823242,2271.162109375,2271.162169694435,charge
50685.646578,43.694190979003906,52.019309997558594,2272.941650390625,2272.9416656293324,charge
50697.846578,43.70054244995117,51.93758010864258,2269.700439453125,2269.7004242854746,charge
50710.046578,43.70830535888672,52.0228385925293,2273.830078125,2273.830114838347,charge
50722.246578,43.71437072753906,51.97477340698242,2272.04443359375,2272.044513192668,charge
50734.446577999995,43.72203826904297,52.002952575683594,2273.675048828125,2273.6750826172647,charge
50746.646578,43.728485107421875,51.975868225097656,2272.825927734375,2272.8259796265047,charge
50758.846578,43.7346076965332,51.95746612548828,2272.33935546875,2272.339397904143,charge
50771.146578,43.741111755371094,51.94983673095703,2272.343505859375,2272.3436141220736,charge
50783.346578,43.747406005859375,52.013301849365234,2275.447021484375,2275.447033709497,charge
50795.546578,43.753509521484375,51.971290588378906,2273.92626953125,2273.9263576024678,charge
50807.746578,43.75959396362305,51.98149871826172,2274.689208984375,2274.6892775317247,charge
50819.946577999995,43.7657356262207,51.94997787475586,2273.62890625,2273.62899745458,charge
50832.146578,43.77157211303711,51.98383331298828,2275.4140625,2275.4141085715673,charge
50844.346578,43.7782096862793,51.99174880981445,2276.105712890625,2276.105681352419,charge
50856.546578,43.784027099609375,51.97181701660156,2275.535400390625,2275.5354446708225,charge
50868.746578,43.789730072021484,51.99136734008789,2276.68798828125,2276.6879418977624,charge
50881.046578,43.79646301269531,52.017879486083984,2278.19921875,2278.1991349111195,charge
50893.246578,43.801727294921875,51.96685791015625,2276.238037109375,2276.2381385546178,charge
50905.446577999995,43.8068962097168,51.93500518798828,2275.111328125,2275.111381921306,charge
50917.646578,43.8136100769043,52.01730728149414,2279.06591796875,2279.066018481899,charge
50929.846578,43.81919860839844,51.99818420410156,2278.518798828125,2278.518760915613,charge
50942.046578,43.825626373291016,52.04405975341797,2280.863525390625,2280.863517702528,charge
50954.246578,43.83047103881836,51.95793914794922,2277.341064453125,2277.340947060875,charge
50966.446577999995,43.83657455444336,52.01425552368164,2280.126708984375,2280.1267901577376,charge
50978.746578,43.84187698364258,52.00733947753906,2280.099365234375,2280.099379620806,charge
50990.946577999995,43.84725570678711,51.936676025390625,2277.28076171875,2277.2807142458623,charge
51003.146578,43.853092193603516,51.98860168457031,2279.86083984375,2279.860942689993,charge
51015.346578,43.858680725097656,52.03156280517578,2282.03564453125,2282.035700700071,charge
51027.546578,43.86423110961914,51.95793914794922,2279.094970703125,2279.0950507651723,charge
51039.746578,43.8697624206543,51.997230529785156,2281.106201171875,2281.106149873667,charge
51051.946577999995,43.87544631958008,51.962806701660156,2279.891357421875,2279.891336053406,charge
51064.146578,43.880615234375,51.94730758666992,2279.479736328125,2279.479816672392,charge
51076.346578,43.886680603027344,51.997039794921875,2281.9775390625,2281.9774777826387,charge
51088.646578,43.8916015625,51.979732513427734,2281.4736328125,2281.473708804697,charge
51100.846578,43.897705078125,51.97296142578125,2281.49365234375,2281.4937327057123,charge
51113.046578,43.903465270996094,52.03113555908203,2284.34716796875,2284.347153028648,charge
51125.246578,43.9091682434082,52.0146369934082,2283.91943359375,2283.919446863365,charge
51137.446577999995,43.91429901123047,51.992462158203125,2283.212646484375,2283.212529545417,charge
51149.646578,43.9198112487793,51.972816467285156,2282.63623046875,2282.6362893106125,charge
51161.846578,43.92507553100586,52.04319763183594,2286.00146484375,2286.001386853459,charge
51174.046578,43.93098831176758,52.019596099853516,2285.272216796875,2285.272268245535,charge
51186.346578,43.93625259399414,52.01268005371094,2285.2421875,2285.2422489304445,charge
51198.546578,43.94193649291992,52.03118133544922,2286.350830078125,2286.35086589391,charge
51210.746578,43.947200775146484,51.98139953613281,2284.43701171875,2284.437001987535,charge
51222.946577999995,43.95292282104492,52.04711151123047,2287.62255859375,2287.6226753114315,charge
51235.146578,43.95814895629883,51.95808410644531,2283.981201171875,2283.9812006350257,charge
51247.346578,43.96339416503906,52.001617431640625,2286.167724609375,2286.167604366783,charge
51259.546578,43.96860122680664,51.96857452392578,2284.985595703125,2284.9855295680754,charge
51271.746578,43.9747428894043,51.95774841308594,2284.82861328125,2284.828627577808,charge
51283.946577999995,43.98002624511719,51.97248458862305,2285.751220703125,2285.75123623159,charge
51296.246578,43.98578643798828,51.99322509765625,2286.962890625,2286.96289536776,charge
51308.446577999995,43.990840911865234,52.00967788696289,2287.949462890625,2287.9494658027397,charge
51320.646578,43.996334075927734,51.97105407714844,2286.535888671875,2286.535857456329,charge
51332.846578,44.00251388549805,52.03113555908203,2289.500732421875,2289.5007649167383,charge
51345.046577999994,44.00739669799805,51.992652893066406,2288.061279296875,2288.061301246489,charge
51357.246578,44.013118743896484,52.01049041748047,2289.143798828125,2289.143890672858,charge
51369.446577999995,44.018898010253906,52.0665168762207,2291.91064453125,2291.910696123523,charge
51381.646578,44.02456283569336,52.046775817871094,2291.336669921875,2291.3365523891116,charge
51393.946577999995,44.028968811035156,51.905059814453125,2285.326171875,2285.326259705471,charge
51406.146578,44.0349006652832,52.01292037963867,2290.3837890625,2290.383782228673,charge
51418.346578,44.040985107421875,51.96509552001953,2288.593994140625,2288.5939979029354,charge
51430.546577999994,44.04623031616211,52.00676727294922,2290.7021484375,2290.7020493033633,charge
51442.746578,44.052066802978516,52.060081481933594,2293.354248046875,2293.3541872106434,charge
51454.946577999995,44.0570068359375,52.02021789550781,2291.85498046875,2291.855095429346,charge
51467.146578,44.06290054321289,52.021026611328125,2292.197265625,2292.1973217307823,charge
51479.346578,44.06841278076172,51.98340606689453,2290.826171875,2290.8261963058612,charge
51491.546577999994,44.073734283447266,52.01964569091797,2292.699951171875,2292.700041700591,charge
51503.846578,44.0789794921875,51.970767974853516,2290.818359375,2290.818415756803,charge
51516.046577999994,44.08405303955078,51.97300720214844,2291.180908203125,2291.1808061244665,charge
51528.246578,44.09038543701172,52.03094482421875,2294.064453125,2294.0644119516946,charge
51540.446577999995,44.095726013183594,52.04896926879883,2295.13720703125,2295.137088145566,charge
51552.646578,44.101009368896484,52.02812957763672,2294.492919921875,2294.493029949517,charge
51564.846578,44.10655975341797,51.96952819824219,2292.197021484375,2292.197100832709,charge
51577.046577999994,44.111576080322266,51.95374298095703,2291.761474609375,2291.761486161995,charge
51589.246578,44.11722183227539,51.994991302490234,2293.87451171875,2293.874565459191,charge
51601.546577999994,44.12334442138672,52.00629425048828,2294.691650390625,2294.6916332942783,charge
51613.746578,44.12919998168945,52.0115852355957,2295.229736328125,2295.2296462262893,charge
51625.946577999995,44.134254455566406,51.978111267089844,2294.01513671875,2294.0151887814864,charge
51638.146578,44.13969039916992,51.97997283935547,2294.3798828125,2294.379908086412,charge
51650.346578,44.14569854736328,52.015018463134766,2296.2392578125,2296.2393250090827,charge
51662.546577999994,44.15082931518555,51.95932388305664,2294.047119140625,2294.0472400932777,charge
51674.746578,44.15607452392578,51.97882843017578,2295.180908203125,2295.181021829194,charge
51686.946577999995,44.16189193725586,51.98020935058594,2295.54443359375,2295.5443882165127,charge
51699.146578,44.1676139831543,52.03266143798828,2298.158447265625,2298.1585049092246,charge
51711.446577999995,44.17264938354492,51.94268035888672,2294.44580078125,2294.4458075346483,charge
51723.646578,44.17858123779297,51.98207092285156,2296.494140625,2296.4941431739135,charge
51735.846578,44.18375015258789,52.00004577636719,2297.55712890625,2297.557030506141,charge
51748.046577999994,44.189453125,51.96757507324219,2296.418701171875,2296.418722718954,charge
51760.246578,44.1954231262207,51.984832763671875,2297.49169921875,2297.4916801362997,charge
51772.446577999995,44.200782775878906,51.9923210144043,2298.101318359375,2298.1012871714483,charge
51784.646578,44.20614242553711,51.978538513183594,2297.770751953125,2297.77067658506,charge
51796.846578,44.21192169189453,51.986122131347656,2298.40625,2298.406360736408,charge
51809.046577999994,44.21712875366211,51.97162628173828,2298.0361328125,2298.036090836831,charge
51821.346578,44.22330856323242,52.001617431640625,2299.68359375,2299.6835734666092,charge
51833.546577999994,44.228782653808594,51.990936279296875,2299.495849609375,2299.4958206650335,charge
51845.746578,44.23418045043945,51.964805603027344,2298.62060546875,2298.6205881163187,charge
51857.946577999995,44.23952102661133,51.96604919433594,2298.953125,2298.9531260027434,charge
51870.146578,44.245872497558594,52.0050048828125,2301.0068359375,2301.006815279834,charge
51882.346578,44.251461029052734,51.981590270996094,2300.26123046875,2300.2613161051704,charge
51894.546577999994,44.25626754760742,51.96318817138672,2299.69677734375,2299.69675833956,charge
51906.746578,44.2626953125,52.056121826171875,2304.144287109375,2304.144259542227,charge
51919.046577999994,44.26847457885742,51.97406005859375,2300.812255859375,2300.8123564638663,charge
51931.246578,44.273719787597656,51.98817443847656,2301.7099609375,2301.7098673578585,charge
51943.446577999995,44.2791748046875,51.99871063232422,2302.4599609375,2302.4599977070466,charge
51955.646578,44.2852783203125,52.01148986816406,2303.34326171875,2303.343304665759,charge
51967.846578,44.29037094116211,51.99260711669922,2302.77197265625,2302.7718553967134,charge
51980.046577999994,44.29607391357422,51.97734832763672,2302.392578125,2302.3924633525894,charge
51992.246578,44.301910400390625,51.936485290527344,2300.885498046875,2300.885517852148,charge
52004.446577999995,44.30767059326172,51.94377899169922,2301.5078125,2301.5078489333973,charge
52016.646578,44.313297271728516,51.961326599121094,2302.57763671875,2302.577712220227,charge
52028.946577999995,44.319419860839844,52.01945495605469,2305.47216796875,2305.4720651294338,charge
52041.146578,44.32403564453125,51.92809295654297,2301.66259765625,2301.6626431583427,charge
52053.346578,44.33097839355469,51.981544494628906,2304.392822265625,2304.3927258549957,charge
52065.546577999994,44.3365478515625,52.016876220703125,2306.248779296875,2306.2487216480076,charge
52077.746578,44.341773986816406,51.992271423339844,2305.429443359375,2305.4295485149487,charge
52089.946577999995,44.347476959228516,52.00810241699219,2306.42822265625,2306.428123630758,charge
52102.146578,44.35352325439453,51.97782516479492,2305.399658203125,2305.399677159585,charge
52114.346578,44.35873031616211,51.953651428222656,2304.597900390625,2304.598012644419,charge
52126.646578,44.36479568481445,52.03590393066406,2308.562255859375,2308.5622461585444,charge
52138.846578,44.370574951171875,52.0579833984375,2309.8427734375,2309.8426541872323,charge
52151.046577999994,44.37641143798828,52.01373291015625,2308.182861328125,2308.1828120467253,charge
52163.246578,44.381980895996094,51.98798370361328,2307.32958984375,2307.329699555121,charge
52175.446577999995,44.38821792602539,52.01659393310547,2308.923828125,2308.9239072722557,charge
52187.646578,44.39308166503906,51.94477844238281,2305.98876953125,2305.988791465061,charge
52199.846578,44.399681091308594,51.96428298950195,2307.197509765625,2307.1975928723987,charge
52212.046577999994,44.40572738647461,51.973487854003906,2307.920654296875,2307.9205329691467,charge
52224.246578,44.41099166870117,51.94172668457031,2306.78369140625,2306.7835910464055,charge
52236.546577999994,44.41741943359375,52.02088165283203,2310.63330078125,2310.633319679182,charge
52248.746578,44.423179626464844,52.04658508300781,2312.07470703125,2312.0747980865417,charge
52260.946577999995,44.4293212890625,52.01253890991211,2310.8818359375,2310.8818022883497,charge
52273.146578,44.434566497802734,51.99575424194336,2310.40869140625,2310.408799467041,charge
52285.346578,44.441165924072266,52.039100646972656,2312.67822265625,2312.678306391608,charge
52297.546577999994,44.44652557373047,51.97711181640625,2310.2021484375,2310.2020295965485,charge
52309.746578,44.452877044677734,52.03990936279297,2313.32373046875,2313.3236923204095,charge
52321.946577999995,44.45840835571289,51.97997283935547,2310.94677734375,2310.9468588109303,charge
52334.246578,44.46403503417969,51.932525634765625,2309.129638671875,2309.1296392376535,charge
52346.446577999995,44.470481872558594,52.05087661743164,2314.7275390625,2314.7275650662777,charge
52358.646578,44.476051330566406,51.935672760009766,2309.8935546875,2309.893647561694,charge
52370.846578,44.48240280151367,51.99756622314453,2312.976806640625,2312.976685436297,charge
52383.046577999994,44.488677978515625,52.031944274902344,2314.83251953125,2314.8324134422,charge
52395.246578,44.494056701660156,51.981689453125,2312.876220703125,2312.8762379754335,charge
52407.446577999995,44.500465393066406,51.9947509765625,2313.79052734375,2313.7906164536253,charge
52419.646578,44.5068359375,52.0503044128418,2316.59423828125,2316.594358999282,charge
52431.846578,44.51282501220703,51.99880599975586,2314.61376953125,2314.6137523108337,charge
52444.146578,44.51831817626953,52.00920104980469,2315.362060546875,2315.3621604287764,charge
52456.346578,44.52495574951172,52.019500732421875,2316.166015625,2316.1659682227764,charge
52468.546577999994,44.53084945678711,52.014827728271484,2316.264404296875,2316.2644630883733,charge
52480.746578,44.536705017089844,51.910400390625,2311.918212890625,2311.918189516291,charge
52492.946577999995,44.54286575317383,51.97215270996094,2314.988525390625,2314.9886210632394,charge
52505.146578,44.54948425292969,52.009727478027344,2317.006591796875,2317.0065352815436,charge
52517.346578,44.5549201965332,51.97620391845703,2315.795654296875,2315.7956177055894,charge
52529.546577999994,44.561195373535156,51.940250396728516,2314.51953125,2314.5196456789563,charge
52541.846578,44.567832946777344,51.981163024902344,2316.687744140625,2316.687790073047,charge
52554.046577999994,44.57357406616211,51.953125,2315.736572265625,2315.7364651560783,charge
52566.246578,44.58028793334961,52.04906463623047,2320.3623046875,2320.362288144679,charge
52578.446577999995,44.585838317871094,51.94683074951172,2316.093017578125,2316.092996923544,charge
52590.646578,44.592952728271484,52.017066955566406,2319.5947265625,2319.5946078129055,charge
52602.846578,44.599056243896484,52.00657653808594,2319.4443359375,2319.444232074602,charge
52615.046577999994,44.60554122924805,51.963233947753906,2317.84814453125,2317.8481742615986,charge
52627.246578,44.611244201660156,51.9603271484375,2318.014892578125,2318.014843217097,charge
52639.446577999995,44.61822509765625,52.043724060058594,2322.0986328125,2322.098595032003,charge
52651.746578,44.6245002746582,51.94306182861328,2317.93310546875,2317.9331768375414,charge
52663.946577999995,44.630699157714844,52.00481414794922,2321.01123046875,2321.011214989994,charge
52676.146578,44.636993408203125,51.96967315673828,2319.77001953125,2319.7699581237976,charge
52688.346578,44.643497467041016,51.97472381591797,2320.33349609375,2320.33345102609,charge
52700.546577999994,44.64977264404297,51.96094512939453,2320.04443359375,2320.0443863970577,charge
52712.746578,44.65688705444336,52.05311584472656,2324.530029296875,2324.53011510981,charge
52724.946577999995,44.66325759887695,51.996803283691406,2322.3466796875,2322.3466193776403,charge
52737.146578,44.66949462890625,52.02107238769531,2323.755126953125,2323.755013612099,charge
52749.446577999995,44.67634201049805,52.019927978515625,2324.06005859375,2324.0600937296404,charge
52761.646578,44.68252182006836,51.97324752807617,2322.295654296875,2322.2957667330775,charge
52773.846578,44.689292907714844,52.04548645019531,2325.8759765625,2325.8759884972824,charge
52786.046577999994,44.69564437866211,51.99432373046875,2323.919921875,2323.9198031660635,charge
52798.246578,44.70268249511719,52.02198028564453,2325.52197265625,2325.522067476413,charge
52810.446577999995,44.709110260009766,52.04286575317383,2326.790283203125,2326.790223205535,charge
52822.646578,44.71546173095703,51.955177307128906,2323.19970703125,2323.19974260201,charge
52834.846578,44.72261428833008,51.97763442993164,2324.57568359375,2324.575696229658,charge
52847.046577999994,44.72860336303711,51.994895935058594,2325.6591796875,2325.6590771816263,charge
52859.346578,44.73529815673828,51.960227966308594,2324.456298828125,2324.4562903649057,charge
52871.546577999994,44.74191665649414,51.972103118896484,2325.33154296875,2325.3315062083857,charge
52883.746578,44.74958419799805,51.99360656738281,2326.6923828125,2326.6922748446814,charge
52895.946577999995,44.755401611328125,51.93891525268555,2324.547119140625,2324.5470113906777,charge
52908.146578,44.76274490356445,51.99441909790039,2327.412841796875,2327.412918488335,charge
52920.346578,44.769344329833984,51.98631286621094,2327.39306640625,2327.393141145876,charge
52932.546577999994,44.776058197021484,52.01344299316406,2328.95703125,2328.9569504893734,charge
52944.746578,44.78303909301758,51.947689056396484,2326.37548828125,2326.375389804525,charge
52957.046577999994,44.78982925415039,51.950408935546875,2326.849853515625,2326.8499459064333,charge
52969.246578,44.796905517578125,51.97577667236328,2328.35400390625,2328.353956794599,charge
52981.446577999995,44.80447769165039,52.071571350097656,2333.03955078125,2333.039556924632,charge
52993.646578,44.81111526489258,51.990745544433594,2329.76318359375,2329.763291299314,charge
53005.846578,44.81769561767578,51.93104553222656,2327.4296875,2327.429791770992,charge
53018.046577999994,44.825096130371094,51.953792572021484,2328.833740234375,2328.8337463782227,charge
53030.246578,44.8321533203125,51.967002868652344,2329.792724609375,2329.7926402045414,charge
53042.446577999995,44.838600158691406,51.92394256591797,2328.19677734375,2328.196899376053,charge
53054.646578,44.846439361572266,52.00214385986328,2332.111083984375,2332.110991283116,charge
53066.946577999995,44.853172302246094,51.98435974121094,2331.663330078125,2331.6634444944793,charge
53079.146578,44.86085891723633,51.98455047607422,2332.071533203125,2332.071584783116,charge
53091.346578,44.867706298828125,51.989601135253906,2332.654052734375,2332.6541543297935,charge
53103.546577999994,44.87504959106445,52.015159606933594,2334.182861328125,2334.1828668482776,charge
53115.746578,44.88229751586914,52.038002014160156,2335.585205078125,2335.5850885309337,charge
53127.946577999995,44.88954544067383,52.022743225097656,2335.27734375,2335.277295951528,charge
53140.146578,44.89696502685547,52.01239776611328,2335.19873046875,2335.1988034680835,charge
53152.346578,44.90388870239258,51.998138427734375,2334.918701171875,2334.918620690587,charge
53164.646578,44.91090774536133,51.925132751464844,2332.0048828125,2332.0048466666776,charge
53176.846578,44.91870880126953,51.978538513183594,2334.808837890625,2334.808835389267,charge
53189.046577999994,44.92656707763672,52.06752014160156,2339.21484375,2339.2149362078635,charge
53201.246578,44.933738708496094,51.996517181396484,2336.39794921875,2336.3979167806974,charge
53213.446577999995,44.94081497192383,51.98588562011719,2336.2880859375,2336.288066805282,charge
53225.646578,44.94819641113281,52.054691314697266,2339.764404296875,2339.764489333902,charge
53237.846578,44.95506286621094,51.92570495605469,2334.3232421875,2334.3233306717593,charge
53250.046577999994,44.962921142578125,52.00524139404297,2338.3076171875,2338.3075678010937,charge
53262.246578,44.97081756591797,52.02789306640625,2339.73681640625,2339.736887428444,charge
53274.546577999994,44.978370666503906,52.00490951538086,2339.09619140625,2339.0960966607963,charge
53286.746578,44.98577117919922,51.969242095947266,2337.87646484375,2337.8764332846913,charge
53298.946577999995,44.9931526184082,51.994895935058594,2339.414306640625,2339.4142881843436,charge
53311.146578,45.001277923583984,51.98068618774414,2339.197265625,2339.1973057932773,charge
53323.346578,45.008697509765625,51.969383239746094,2339.07421875,2339.0742500068154,charge
53335.546577999994,45.01607894897461,51.97410583496094,2339.67041015625,2339.6704515689635,charge
53347.746578,45.02388000488281,52.043296813964844,2343.191162109375,2343.191150810453,charge
53359.946577999995,45.03156661987305,51.994850158691406,2341.40966796875,2341.4095588114287,charge
53372.246578,45.03904342651367,51.98826599121094,2341.501708984375,2341.5017696472933,charge
53384.446577999995,45.046539306640625,51.956321716308594,2340.452392578125,2340.452488422161,charge
53396.646578,45.054969787597656,52.0197868347168,2343.75,2343.7499241954356,charge
53408.846578,45.06246566772461,51.945159912109375,2340.777099609375,2340.7769851438934,charge
53421.046577999994,45.069580078125,51.97420120239258,2342.455322265625,2342.455423087813,charge
53433.246578,45.07810592651367,52.008914947509766,2344.46337890625,2344.4633771268855,charge
53445.446577999995,45.08567810058594,52.002098083496094,2344.5498046875,2344.549854747602,charge
53457.646578,45.09328842163086,51.913787841796875,2340.96337890625,2340.9634082095,charge
53469.846578,45.10143280029297,51.99188995361328,2344.90869140625,2344.9087309031165,charge
53482.146578,45.10969161987305,52.01435089111328,2346.351318359375,2346.351328505989,charge
53494.346578,45.11728286743164,52.0106315612793,2346.578369140625,2346.578376264006,charge
53506.546577999994,45.124568939208984,51.966285705566406,2344.956298828125,2344.9562418354617,charge
53518.746578,45.13254165649414,51.94544982910156,2344.43017578125,2344.4301782772527,charge
53530.946577999995,45.14028549194336,51.981544494628906,2346.461669921875,2346.4617587997054,charge
53543.146578,45.148658752441406,51.968910217285156,2346.32666015625,2346.326593136473,charge
53555.346578,45.15634536743164,51.973297119140625,2346.924072265625,2346.924154596054,charge
53567.546577999994,45.164794921875,52.04286575317383,2350.50537109375,2350.5053588887677,charge
53579.846578,45.172481536865234,51.990318298339844,2348.53173828125,2348.5316934275033,charge
53592.046577999994,45.18064498901367,52.004146575927734,2349.580810546875,2349.580884403622,charge
53604.246578,45.18878936767578,51.97472381591797,2348.6748046875,2348.674846960639,charge
53616.446577999995,45.19712448120117,51.97925567626953,2349.31298828125,2349.3128892405366,charge
53628.646578,45.20536422729492,51.99341583251953,2350.38134765625,2350.381300130248,charge
53640.846578,45.213565826416016,51.97935104370117,2350.171875,2350.171810028769,charge
53653.046577999994,45.22174835205078,52.00782012939453,2351.884521484375,2351.8845542302006,charge
53665.246578,45.22960662841797,51.96795654296875,2350.490234375,2350.4902317211963,charge
53677.446577999995,45.237979888916016,52.014305114746094,2353.02197265625,2353.0220887168252,charge
53689.746578,45.246429443359375,51.99436950683594,2352.5595703125,2352.5595713430084,charge
53701.946577999995,45.25428771972656,51.98950958251953,2352.748291015625,2352.74822505482,charge
53714.146578,45.26273727416992,51.952266693115234,2351.501708984375,2351.5017981280835,charge
53726.346578,45.270957946777344,51.950599670410156,2351.853515625,2351.853412989003,charge
53738.546577999994,45.28032302856445,52.03709411621094,2356.25634765625,2356.256431049842,charge
53750.746578,45.28877258300781,52.059600830078125,2357.71533203125,2357.715422755573,charge
53762.946577999995,45.29706954956055,51.99351501464844,2355.15380859375,2355.153865744651,charge
53775.146578,45.30500411987305,51.94540023803711,2353.386474609375,2353.3865717927256,charge
53787.346578,45.31425476074219,51.99785232543945,2356.243896484375,2356.243927286414,charge
53799.646578,45.32295227050781,51.99995040893555,2356.791259765625,2356.791270452959,charge
53811.846578,45.3314208984375,51.9755859375,2356.127197265625,2356.1271625757217,charge
53824.046577999994,45.3399658203125,51.95679473876953,2355.71923828125,2355.719297588803,charge
53836.246578,45.349369049072266,52.02488708496094,2359.2958984375,2359.295804152207,charge
53848.446577999995,45.357418060302734,51.97477340698242,2357.44140625,2357.441526010007,charge
53860.646578,45.366268157958984,51.973628997802734,2357.849609375,2357.849590256592,charge
53872.846578,45.3758430480957,51.982688903808594,2358.75830078125,2358.758332917205,charge
53885.046577999994,45.38442611694336,51.98626708984375,2359.366943359375,2359.3668978346977,charge
53897.346578,45.39339065551758,51.96990966796875,2359.09033203125,2359.0904118900653,charge
53909.546577999994,45.40254592895508,52.049400329589844,2363.17529296875,2363.1752890387725,charge
53921.746578,45.4119873046875,52.01564025878906,2362.133544921875,2362.133595077321,charge
53933.946577999995,45.420684814453125,51.964805603027344,2360.277099609375,2360.2770567394327,charge
53946.146578,45.430259704589844,51.94706726074219,2359.96875,2359.968756547314,charge
53958.346578,45.439395904541016,51.93300247192383,2359.80419921875,2359.804259833254,charge
53970.546577999994,45.44841766357422,51.98082733154297,2362.4462890625,2362.446351062099,charge
53982.746578,45.458316802978516,52.04119873046875,2365.705322265625,2365.705298696412,charge
53994.946577999995,45.46834945678711,52.07295227050781,2367.671142578125,2367.671191082045,charge
54007.246578,45.4765510559082,51.95698547363281,2362.824462890625,2362.8245026027435,charge
54019.446577999995,45.48675537109375,51.999855041503906,2365.3046875,2365.304685605224,charge
54031.646578,45.49673080444336,52.01416015625,2366.47412109375,2366.47424264811,charge
54043.846578,45.506134033203125,51.962425231933594,2364.609130859375,2364.609087294666,charge
54056.046577999994,45.51563262939453,51.96900177001953,2365.402099609375,2365.401992680563,charge
54068.246578,45.52553176879883,52.00934600830078,2367.753173828125,2367.7531339753477,charge
54080.446577999995,45.53525924682617,52.00962829589844,2368.27197265625,2368.2719077848014,charge
54092.646578,45.54521560668945,51.95403289794922,2366.257568359375,2366.257629974134,charge
54104.946577999995,45.5548095703125,51.94020080566406,2366.1259765625,2366.1259567458183,charge
54117.146578,45.5653190612793,51.94988250732422,2367.113037109375,2367.1129716422,charge
54129.346578,45.57548522949219,51.978302001953125,2368.936279296875,2368.936335144099,charge
54141.546577999994,45.58530807495117,51.9786376953125,2369.462158203125,2369.4622126570903,charge
54153.746578,45.59541702270508,51.983497619628906,2370.209228515625,2370.2092522657767,charge
54165.946577999995,45.60567855834961,51.97591781616211,2370.39697265625,2370.3970006990858,charge
54178.146578,45.61586380004883,51.975345611572266,2370.900390625,2370.900286377946,charge
54190.346578,45.62662124633789,52.002906799316406,2372.717041015625,2372.716932241019,charge
54202.546577999994,45.63676834106445,51.9719123840332,2371.830078125,2371.830125712222,charge
54214.846578,45.647830963134766,52.03662109375,2375.35888671875,2375.358883580193,charge
54227.046577999994,45.65818786621094,51.96595001220703,2372.671142578125,2372.671108303475,charge
54239.246578,45.66877365112305,52.02169418334961,2375.76708984375,2375.7669766073377,charge
54251.446577999995,45.679569244384766,52.034950256347656,2376.93408203125,2376.9341133629496,charge
54263.646578,45.690364837646484,52.0289421081543,2377.221435546875,2377.2213470383576,charge
54275.846578,45.70028305053711,51.961326599121094,2374.647216796875,2374.647333261237,charge
54288.046577999994,45.710906982421875,51.938629150390625,2374.161865234375,2374.161845888011,charge
54300.246578,45.723018646240234,52.037193298339844,2379.297607421875,2379.297559478,charge
54312.546577999994,45.73362350463867,52.0111083984375,2378.656494140625,2378.656449553091,charge
54324.746578,45.74419021606445,52.00714874267578,2379.02490234375,2379.024904680118,charge
54336.946577999995,45.755462646484375,51.99604034423828,2379.102783203125,2379.1028817358892,charge
54349.146578,45.76648712158203,52.02064514160156,2380.80224609375,2380.8021859294968,charge
54361.346578,45.77802658081055,52.014827728271484,2381.13623046875,2381.1361663410935,charge
54373.546577999994,45.78886032104492,52.000572204589844,2381.046875,2381.0469372903754,charge
54385.746578,45.80007553100586,51.98955535888672,2381.12548828125,2381.125562260422,charge
54397.946577999995,45.81157684326172,51.99017333984375,2381.751708984375,2381.7518210527487,charge
54410.146578,45.82317352294922,52.02770233154297,2384.074462890625,2384.074431938643,charge
54422.446577999995,45.83446502685547,51.935672760009766,2380.44384765625,2380.443776764878,charge
54434.646578,45.84684371948242,52.022125244140625,2385.05029296875,2385.0502460234566,charge
54446.846578,45.857505798339844,51.959754943847656,2382.744873046875,2382.7447636178113,charge
54459.046577999994,45.8702278137207,52.05693054199219,2387.86328125,2387.863263244217,charge
54471.246578,45.88146209716797,52.00376510620117,2386.0087890625,2386.0087776301953,charge
54483.446577999995,45.8930778503418,51.99665832519531,2386.28662109375,2386.2866884758114,charge
54495.646578,45.90494155883789,51.99799346923828,2386.96484375,2386.9648513822176,charge
54507.846578,45.91684341430664,51.995323181152344,2387.461181640625,2387.4611127852404,charge
54520.146578,45.92916488647461,52.0660400390625,2391.349853515625,2391.3497379398905,charge
54532.346578,45.94085693359375,52.010440826416016,2389.404296875,2389.4042210595217,charge
54544.546577999994,45.952396392822266,51.97968292236328,2388.591064453125,2388.5909940216516,charge
54556.746578,45.96525192260742,51.99198913574219,2389.824951171875,2389.824878581858,charge
54568.946577999995,45.97726821899414,51.96571350097656,2389.241455078125,2389.2415478258044,charge
54581.146578,45.98966598510742,52.010440826416016,2391.94287109375,2391.942801345067,charge
54593.346578,46.00189208984375,52.004669189453125,2392.313232421875,2392.3131802212447,charge
54605.546577999994,46.01409912109375,51.97782516479492,2391.712890625,2391.7127992317546,charge
54617.746578,46.026859283447266,52.01954650878906,2394.29638671875,2394.2963471487747,charge
54630.046577999994,46.03914260864258,52.01749801635742,2394.841064453125,2394.8410093198618,charge
54642.246578,46.0516357421875,51.98149871826172,2393.8330078125,2393.833044306375,charge
54654.446577999995,46.06454849243164,52.02403259277344,2396.463623046875,2396.463572141656,charge
54666.646578,46.07769012451172,52.025604248046875,2397.2197265625,2397.2196710819844,charge
54678.846578,46.08966827392578,51.99322509765625,2396.3505859375,2396.350497242529,charge
54691.046577999994,46.10239028930664,51.993988037109375,2397.047119140625,2397.047129184357,charge
54703.246578,46.1152458190918,51.99241638183594,2397.64306640625,2397.6430621769396,charge
54715.446577999995,46.12852096557617,52.0008544921875,2398.722412109375,2398.722506670747,charge
54727.746578,46.14152908325195,52.01954650878906,2400.261474609375,2400.261418132868,charge
54739.946577999995,46.15373611450195,51.96623992919922,2398.43603515625,2398.4361245551554,charge
54752.146578,46.16666793823242,51.9719123840332,2399.3701171875,2399.3700211485702,charge
54764.346578,46.180477142333984,52.034759521484375,2402.989990234375,2402.990022688755,charge
54776.546577999994,46.19392395019531,52.02016830444336,2403.015625,2403.015698531817,charge
54788.746578,46.206817626953125,51.97711181640625,2401.697021484375,2401.696926476434,charge
54800.946577999995,46.219539642333984,51.97649002075195,2402.329345703125,2402.3294409835216,charge
54813.146578,46.233062744140625,51.94854736328125,2401.740478515625,2401.740449713543,charge
54825.346578,46.2462043762207,51.991844177246094,2404.425537109375,2404.425451717543,charge
54837.646578,46.26075744628906,52.05101776123047,2407.91943359375,2407.9195074847667,charge
54849.846578,46.2725830078125,51.946022033691406,2403.676513671875,2403.6766164796427,charge
54862.046577999994,46.28744125366211,52.04477310180664,2409.019287109375,2409.019377510049,charge
54874.246578,46.3005256652832,51.98101806640625,2406.74853515625,2406.7484610911924,charge
54886.446577999995,46.31370544433594,51.964378356933594,2406.662841796875,2406.662912821048,charge
54898.646578,46.327152252197266,51.99089050292969,2408.58984375,2408.5899000565405,charge
54910.846578,46.3404655456543,51.959754943847656,2407.83935546875,2407.839233736013,charge
54923.046577999994,46.354522705078125,52.022125244140625,2411.460693359375,2411.4607857959345,charge
54935.346578,46.36796951293945,51.99441909790039,2410.875732421875,2410.875639574442,charge
54947.546577999994,46.38181686401367,52.00238037109375,2411.96484375,2411.9648828648496,charge
54959.746578,46.39514923095703,51.95455551147461,2410.439453125,2410.4393561829056,charge
54971.946577999995,46.40846252441406,51.94087219238281,2410.49609375,2410.4960206255782,charge
54984.146578,46.42261505126953,51.98488235473633,2413.274169921875,2413.2741820394585,charge
54996.346578,46.43653869628906,52.00939178466797,2415.13623046875,2415.1361341791926,charge
55008.546577999994,46.44990921020508,51.95903778076172,2413.49267578125,2413.4925875659974,charge
55020.746578,46.46383285522461,52.06694793701172,2419.22998046875,2419.2299662269943,charge
55032.946577999995,46.47785186767578,51.999427795410156,2416.82177734375,2416.821702278976,charge
55045.246578,46.4915657043457,52.019309997558594,2418.459228515625,2418.4591686462227,charge
55057.446577999995,46.50510787963867,52.025699615478516,2419.460693359375,2419.4607731315045,charge
55069.646578,46.518898010253906,51.9993782043457,2418.953857421875,2418.9537712845777,charge
55081.846578,46.53221130371094,51.95121765136719,2417.405029296875,2417.4050372384954,charge
55094.046577999994,46.54592514038086,51.96013641357422,2418.53271484375,2418.532619790203,charge
55106.246578,46.55967712402344,51.94525909423828,2418.554443359375,2418.5544915514765,charge
55118.446577999995,46.57398223876953,51.98054504394531,2420.94091796875,2420.9409816382686,charge
55130.646578,46.587677001953125,51.99732971191406,2422.434814453125,2422.4348015827127,charge
55142.946577999995,46.60148620605469,51.969482421875,2421.855224609375,2421.8551182188094,charge
55155.146578,46.61542892456055,51.98068618774414,2423.10205078125,2423.101982434673,charge
55167.346578,46.62952423095703,52.02369689941406,2425.84033203125,2425.840235155192,charge
55179.546577999994,46.64316177368164,52.04277038574219,2427.439453125,2427.439358252741,charge
55191.746578,46.65702819824219,52.00133514404297,2426.227783203125,2426.2277601618553,charge
55203.946577999995,46.67133331298828,52.052642822265625,2429.3662109375,2429.366242979886,charge
55216.146578,46.68415069580078,51.950599670410156,2425.26953125,2425.269623750646,charge
55228.346578,46.698265075683594,51.970054626464844,2426.911376953125,2426.911386944412,charge
55240.546577999994,46.71222686767578,52.03528594970703,2430.68408203125,2430.684082407097,charge
55252.846578,46.72588348388672,51.97649002075195,2428.6474609375,2428.6474166110565,charge
55265.046577999994,46.74001693725586,52.037384033203125,2432.228271484375,2432.2282110824017,charge
55277.246578,46.75365447998047,51.98945999145508,2430.697265625,2430.697249041259,charge
55289.446577999995,46.76746368408203,51.99627685546875,2431.73388671875,2431.73398954561,charge
55301.646578,46.78173065185547,51.99360656738281,2432.350830078125,2432.3508980538463,charge
55313.846578,46.795101165771484,51.90978240966797,2429.12353515625,2429.1235193535977,charge
55326.046577999994,46.809635162353516,52.01725769042969,2434.908935546875,2434.9088546351413,charge
55338.246578,46.8231201171875,51.999046325683594,2434.757568359375,2434.7575920866802,charge
55350.546577999994,46.83736801147461,51.9953727722168,2435.326416015625,2435.326409426125,charge
55362.746578,46.851043701171875,52.00476837158203,2436.477783203125,2436.4776756463107,charge
55374.946577999995,46.865806579589844,52.03528594970703,2438.675537109375,2438.6756466326187,charge
55387.146578,46.879005432128906,51.985694885253906,2437.03759765625,2437.0376729188138,charge
55399.346578,46.892948150634766,51.976585388183594,2437.335205078125,2437.335323655134,charge
55411.546577999994,46.907100677490234,52.03423309326172,2440.77490234375,2440.7750103816215,charge
55423.746578,46.92094802856445,52.016021728515625,2440.64111328125,2440.641052176361,charge
55435.946577999995,46.934146881103516,51.919891357421875,2436.81591796875,2436.8158070201753,charge
55448.146578,46.94904327392578,52.05311584472656,2443.843994140625,2443.843988336739,charge
55460.446577999995,46.96266174316406,51.939727783203125,2439.227783203125,2439.227866914589,charge
55472.646578,46.97742462158203,52.04935073852539,2445.14453125,2445.1444509213616,charge
55484.846578,46.99058532714844,51.95774841308594,2441.52490234375,2441.525010211626,charge
55497.046577999994,47.00519561767578,52.00958251953125,2444.720703125,2444.7206003242172,charge
55509.246578,47.01953887939453,51.99756622314453,2444.901611328125,2444.901586663036,charge
55521.446577999995,47.03361511230469,52.04639434814453,2447.93017578125,2447.93007975386,charge
55533.646578,47.04744338989258,52.029754638671875,2447.866943359375,2447.866935952916,charge
55545.846578,47.0610237121582,52.00476837158203,2447.397705078125,2447.397637480317,charge
55558.146578,47.07540512084961,51.99079513549805,2447.48779296875,2447.4877435586677,charge
55570.346578,47.08972930908203,52.00061798095703,2448.695068359375,2448.6950246282504,charge
55582.546577999994,47.10355758666992,51.94420623779297,2446.7568359375,2446.75690981574,charge
55594.746578,47.117881774902344,52.010154724121094,2450.6083984375,2450.6083213855163,charge
55606.946577999995,47.131290435791016,51.925132751464844,2447.298583984375,2447.298512626294,charge
55619.146578,47.14609146118164,52.01649475097656,2452.37451171875,2452.3744190196157,charge
55631.346578,47.16020584106445,51.97563171386719,2451.181396484375,2451.181490345334,charge
55643.546577999994,47.17449188232422,52.01988220214844,2454.011474609375,2454.0115106647136,charge
55655.746578,47.18860626220703,52.00204849243164,2453.904296875,2453.9041911375534,charge
55668.046577999994,47.202205657958984,51.97138977050781,2453.164306640625,2453.1642282774555,charge
55680.246578,47.21681594848633,51.99017333984375,2454.810546875,2454.810445717303,charge
55692.446577999995,47.23114013671875,51.994178771972656,2455.744384765625,2455.7443438726477,charge
55704.646578,47.24485397338867,51.99718475341797,2456.599365234375,2456.599400702544,charge
55716.846578,47.25931167602539,52.00653076171875,2457.792724609375,2457.7928464568686,charge
55729.046577999994,47.27376937866211,52.06499099731445,2461.308349609375,2461.3083771091624,charge
55741.246578,47.28719711303711,51.928138732910156,2455.5361328125,2455.5361319762596,charge
55753.446577999995,47.30180740356445,52.00524139404297,2459.94189453125,2459.9419123968983,charge
55765.746578,47.31578826904297,51.975059509277344,2459.240966796875,2459.240911011875,charge
55777.946577999995,47.32963562011719,51.92718505859375,2457.69482421875,2457.6947476016358,charge
55790.146578,47.34434127807617,51.995513916015625,2461.693359375,2461.6933557688026,charge
55802.346578,47.35837936401367,52.0111083984375,2463.161865234375,2463.1618026760407,charge
55814.546577999994,47.372188568115234,51.93309783935547,2460.1845703125,2460.184503772325,charge
55826.746578,47.38685607910156,51.95307922363281,2461.89306640625,2461.8930880364496,charge
55838.946577999995,47.401123046875,52.045440673828125,2467.012451171875,2467.01233740896,charge
55851.146578,47.41539001464844,52.027557373046875,2466.906982421875,2466.9069243525155,charge
55863.346578,47.42948532104492,52.0237922668457,2467.461669921875,2467.4616916654486,charge
55875.646578,47.443809509277344,52.018070220947266,2467.935302734375,2467.9354146028345,charge
55887.846578,47.45840072631836,51.985836029052734,2467.16455078125,2467.1646383594634,charge
55900.046577999994,47.47262954711914,52.021644592285156,2469.604248046875,2469.604262161447,charge
55912.246578,47.486724853515625,51.985504150390625,2468.621337890625,2468.621331960894,charge
55924.446577999995,47.5006103515625,51.95746612548828,2468.011474609375,2468.0113532813266,charge
55936.646578,47.51495361328125,52.02174377441406,2471.810791015625,2471.810742323287,charge
55948.846578,47.5291633605957,51.99961853027344,2471.498291015625,2471.4983638140257,charge
55961.046577999994,47.54323959350586,51.9725341796875,2470.942626953125,2470.9426447865553,charge
55973.246578,47.55744934082031,51.92198944091797,2469.27734375,2469.2773825110635,charge
55985.546577999994,47.57192611694336,51.95331573486328,2471.519287109375,2471.519297669147,charge
55997.746578,47.586708068847656,52.01049041748047,2475.008056640625,2475.0080240142415,charge
56009.946577999995,47.60101318359375,51.97882843017578,2474.244873046875,2474.244897372555,charge
56022.146578,47.61573791503906,52.066898345947266,2479.203857421875,2479.203785689606,charge
56034.346578,47.62948989868164,52.013633728027344,2477.3828125,2477.382842242805,charge
56046.546577999994,47.64373779296875,51.963951110839844,2475.7568359375,2475.7568614115007,charge
56058.746578,47.65836715698242,52.00714874267578,2478.57568359375,2478.575789566239,charge
56070.946577999995,47.67230987548828,52.001190185546875,2479.016845703125,2479.0168524195906,charge
56083.246578,47.6872444152832,52.01983642578125,2480.6826171875,2480.6826540792827,charge
56095.446577999995,47.70059585571289,51.93896484375,2477.51953125,2477.519571175799,charge
56107.646578,47.715415954589844,51.907203674316406,2476.77392578125,2476.7738143596216,charge
56119.846578,47.72993087768555,51.969242095947266,2480.48828125,2480.488333005269,charge
56132.046577999994,47.74396896362305,51.94673538208008,2480.143310546875,2480.1433218435704,charge
56144.246578,47.7589225769043,51.99627685546875,2483.2861328125,2483.286160627613,charge
56156.446577999995,47.773399353027344,51.99728012084961,2484.0869140625,2484.0868284845783,charge
56168.646578,47.78770446777344,51.93967819213867,2482.077880859375,2482.07799159718,charge
56180.846578,47.80193328857422,52.02035903930664,2486.673828125,2486.673732444615,charge
56193.146578,47.817039489746094,52.03418731689453,2488.120849609375,2488.120789748791,charge
56205.346578,47.831573486328125,51.99127197265625,2486.824462890625,2486.8243460077792,charge
56217.546577999994,47.8453254699707,51.95098114013672,2485.611572265625,2485.611601134151,charge
56229.746578,47.86012649536133,51.96461486816406,2487.032958984375,2487.033040873066,charge
56241.946577999995,47.87496566772461,52.04682159423828,2491.73974609375,2491.7397969383455,charge
56254.146578,47.88938522338867,52.017066955566406,2491.0654296875,2491.065357625921,charge
56266.346578,47.90393829345703,52.0024299621582,2491.12109375,2491.1211960170476,charge
56278.546577999994,47.91831970214844,51.94850158691406,2489.284912109375,2489.2849070893135,charge
56290.846578,47.932777404785156,51.960227966308594,2490.59814453125,2490.5980410109623,charge
56303.046577999994,47.947750091552734,52.01725769042969,2494.1103515625,2494.110472188622,charge
56315.246578,47.961997985839844,51.97029113769531,2492.598876953125,2492.598998869653,charge
56327.446577999995,47.9765510559082,52.03614044189453,2496.5146484375,2496.5145486629626,charge
56339.646578,47.99123764038086,52.02140808105469,2496.57177734375,2496.5717576051247,charge
56351.846578,48.005619049072266,51.96514129638672,2494.618896484375,2494.618776905554,charge
56364.046577999994,48.02055358886719,51.96657180786133,2495.463623046875,2495.4635463291197,charge
56376.246578,48.03497314453125,51.95164489746094,2495.495849609375,2495.49586746376,charge
56388.446577999995,48.04983139038086,51.986358642578125,2497.935791015625,2497.9357673757477,charge
56400.746578,48.06478500366211,51.96814727783203,2497.837890625,2497.837825947645,charge
56412.946577999995,48.079586029052734,51.965187072753906,2498.464599609375,2498.4646823802905,charge
56425.146578,48.09431076049805,52.048728942871094,2503.247802734375,2503.2477444673714,charge
56437.346578,48.109397888183594,52.01201629638672,2502.266845703125,2502.266786969558,charge
56449.546577999994,48.123931884765625,51.98230743408203,2501.593017578125,2501.5930221707094,charge
56461.746578,48.138580322265625,51.951454162597656,2500.869140625,2500.869249064708,charge
56473.946577999995,48.15380096435547,52.007389068603516,2504.353515625,2504.35346188533,charge
56486.146578,48.16823959350586,51.94640350341797,2502.166748046875,2502.166809973569,charge
56498.446577999995,48.18347930908203,51.98564529418945,2504.849365234375,2504.849264401855,charge
56510.646578,48.198089599609375,51.961421966552734,2504.441162109375,2504.4412716670195,charge
56522.846578,48.21266174316406,51.99003219604492,2506.577880859375,2506.577836284123,charge
56535.046577999994,48.22805404663086,52.01253890991211,2508.463623046875,2508.4635376497317,charge
56547.246578,48.242645263671875,51.99089050292969,2508.177978515625,2508.178087475244,charge
56559.446577999995,48.25775146484375,51.949501037597656,2506.966064453125,2506.96610979503,charge
56571.646578,48.27281951904297,52.046539306640625,2512.43310546875,2512.4331985402387,charge
56583.846578,48.286895751953125,51.95503234863281,2508.747314453125,2508.747230807785,charge
56596.046577999994,48.30242156982422,52.01087188720703,2512.2509765625,2512.251060109993,charge
56608.346578,48.31775665283203,52.03490447998047,2514.2099609375,2514.2098521170556,charge
56620.546577999994,48.33290100097656,52.04987335205078,2515.721435546875,2515.7213758380385,charge
56632.746578,48.34829330444336,52.05512237548828,2516.7763671875,2516.7763246087998,charge
56644.946577999995,48.36282730102539,52.031707763671875,2516.400390625,2516.400496751885,charge
56657.146578,48.378353118896484,52.01878356933594,2516.5830078125,2516.5830803327844,charge
56669.346578,48.393306732177734,51.95274353027344,2514.1650390625,2514.165053238685,charge
56681.546577999994,48.40829849243164,51.97319793701172,2515.93408203125,2515.9340793410956,charge
56693.746578,48.42363357543945,51.97510528564453,2516.823486328125,2516.823453396937,charge
56706.046577999994,48.43963623046875,52.06341552734375,2521.932861328125,2521.9329090602696,charge
56718.246578,48.4539794921875,52.00257110595703,2519.7314453125,2519.7315139090642,charge
56730.446577999995,48.468971252441406,51.96361541748047,2518.623046875,2518.622981842782,charge
56742.646578,48.484535217285156,52.04224395751953,2523.243896484375,2523.2440099449013,charge
56754.846578,48.49956512451172,51.99470520019531,2521.720703125,2521.7205909866607,charge
56767.046577999994,48.51509094238281,51.97539520263672,2521.591064453125,2521.5910250222078,charge
56779.246578,48.530311584472656,51.937721252441406,2520.5537109375,2520.553795368469,charge
56791.446577999995,48.54574203491211,51.994895935058594,2524.130859375,2524.1308051954547,charge
56803.646578,48.56109619140625,52.02770233154297,2526.522216796875,2526.5222575399093,charge
56815.946577999995,48.57667922973633,52.011680603027344,2526.5546875,2526.554724852758,charge
56828.146578,48.59243392944336,52.022457122802734,2527.897705078125,2527.897810587092,charge
56840.346578,48.607845306396484,52.026939392089844,2528.91748046875,2528.9174217359687,charge
56852.546577999994,48.62348556518555,52.02355194091797,2529.56640625,2529.5664268489054,charge
56864.746578,48.638153076171875,51.940582275390625,2526.2939453125,2526.293991575949,charge
56876.946577999995,48.65425109863281,51.94935607910156,2527.55712890625,2527.5570150848944,charge
56889.146578,48.669376373291016,51.95331573486328,2528.535400390625,2528.5354773404833,charge
56901.346578,48.685569763183594,52.01711654663086,2532.48291015625,2532.4829565106484,charge
56913.646578,48.701171875,52.00357437133789,2532.635009765625,2532.6350135728717,charge
56925.846578,48.71692657470703,51.9969482421875,2533.131591796875,2533.1315096234903,charge
56938.046577999994,48.73210906982422,51.975250244140625,2532.863525390625,2532.863563828869,charge
56950.246578,48.74773025512695,52.003334045410156,2535.04443359375,2535.044500412914,charge
56962.446577999995,48.764190673828125,52.041961669921875,2537.7841796875,2537.784141912125,charge
56974.646578,48.77967834472656,52.01597213745117,2537.322509765625,2537.322389653127,charge
56986.846578,48.79526138305664,51.981258392333984,2536.439208984375,2536.4390902741434,charge
56999.046577999994,48.8109016418457,52.02007293701172,2539.146728515625,2539.1466635301185,charge
57011.246578,48.827247619628906,52.03409194946289,2540.681396484375,2540.6814922789636,charge
57023.546577999994,48.84279251098633,51.98054504394531,2538.875,2538.8749761893996,charge
57035.746578,48.85908126831055,52.02793884277344,2542.037353515625,2542.0372921417584,charge
57047.946577999995,48.87397766113281,51.96399688720703,2539.687255859375,2539.6872230485315,charge
57060.146578,48.890132904052734,51.99604034423828,2542.09326171875,2542.0933229142975,charge
57072.346578,48.90625,52.01988220214844,2544.097412109375,2544.097363948822,charge
57084.546577999994,48.92223358154297,51.9764404296875,2542.803466796875,2542.8035594383255,charge
57096.746578,48.938655853271484,51.96504592895508,2543.099609375,2543.099499116579,charge
57108.946577999995,48.955116271972656,52.02793884277344,2547.03369140625,2547.033795439056,charge
57121.246578,48.97092819213867,51.997711181640625,2546.376220703125,2546.376180431689,charge
57133.446577999995,48.987083435058594,51.98554992675781,2546.620361328125,2546.620471679489,charge
57145.646578,49.003353118896484,52.038002014160156,2550.03662109375,2550.0365883017366,charge
57157.846578,49.02030944824219,52.039241790771484,2550.979736328125,2550.979736035515,charge
57170.046577999994,49.03585433959961,51.95465087890625,2547.640625,2547.6406927627977,charge
57182.246578,49.052162170410156,52.030517578125,2552.20947265625,2552.209386052564,charge
57194.446577999995,49.06831741333008,51.94587707519531,2548.896728515625,2548.89678463951,charge
57206.646578,49.0846061706543,51.98945999145508,2551.882080078125,2551.8821687055606,charge
57218.846578,49.10102844238281,52.01153564453125,2553.81982421875,2553.8198910141364,charge
57231.146578,49.11701202392578,51.94115447998047,2551.1943359375,2551.194309129787,charge
57243.346578,49.133644104003906,51.967193603515625,2553.337646484375,2553.337595599005,charge
57255.546577999994,49.1505241394043,52.004669189453125,2556.056640625,2556.0567483579507,charge
57267.746578,49.166603088378906,52.04090881347656,2558.6748046875,2558.674707990722,charge
57279.946577999995,49.182682037353516,51.985504150390625,2556.78662109375,2556.7865211801836,charge
57292.146578,49.19883728027344,51.99079513549805,2557.88671875,2557.8866699434,charge
57304.346578,49.21560287475586,52.004478454589844,2559.431640625,2559.431759329891,charge
57316.546577999994,49.231929779052734,52.01129913330078,2560.61669921875,2560.6166266479704,charge
57328.846578,49.247589111328125,51.91526412963867,2556.70166015625,2556.701596462517,charge
57341.046577999994,49.26544189453125,52.0075798034668,2562.176513671875,2562.1764008828904,charge
57353.246578,49.28110122680664,51.97930145263672,2561.59716796875,2561.5972165860876,charge
57365.446577999995,49.29801940917969,52.03046798706055,2564.9990234375,2564.999020694813,charge
57377.646578,49.314117431640625,51.96223449707031,2562.4716796875,2562.471733998973,charge
57389.846578,49.33094024658203,52.01616287231445,2566.006103515625,2566.006222510623,charge
57402.046577999994,49.34743881225586,52.0176887512207,2566.939697265625,2566.9397128058336,charge
57414.246578,49.36370849609375,52.006195068359375,2567.21875,2567.2186533454806,charge
57426.446577999995,49.38037872314453,51.99951934814453,2567.755859375,2567.7559588328586,charge
57438.746578,49.397125244140625,52.011966705322266,2569.24169921875,2569.241633536876,charge
57450.946577999995,49.41343307495117,51.960609436035156,2567.552001953125,2567.5520969011995,charge
57463.146578,49.430274963378906,52.023460388183594,2571.533935546875,2571.5339515343658,charge
57475.346578,49.44633483886719,51.99913787841797,2571.166748046875,2571.166782868677,charge
57487.546577999994,49.46310043334961,52.020931243896484,2573.116455078125,2573.1165467532264,charge
57499.746578,49.47988510131836,52.03561782836914,2574.71630859375,2574.7163913238182,charge
57511.946577999995,49.496116638183594,51.999664306640625,2573.781494140625,2573.7814496678766,charge
57524.146578,49.51274871826172,52.013492584228516,2575.3310546875,2575.330988282076,charge
57536.446577999995,49.52980041503906,52.02903747558594,2576.98779296875,2576.9878419523593,charge
57548.646578,49.54643249511719,51.98741149902344,2575.790771484375,2575.790774432244,charge
57560.846578,49.56281661987305,51.94807052612305,2574.692626953125,2574.6926932424685,charge
57573.046577999994,49.57918167114258,51.96657180786133,2576.460205078125,2576.460104488433,charge
57585.246578,49.596500396728516,52.03399658203125,2580.7041015625,2580.704132124083,charge
57597.446577999995,49.61259841918945,51.92232131958008,2576.001220703125,2576.0012766204454,charge
57609.646578,49.62900161743164,51.976871490478516,2579.560302734375,2579.560239269995,charge
57621.846578,49.6464729309082,52.00080871582031,2581.65673828125,2581.6567422953085,charge
57634.046577999994,49.66276168823242,52.00395584106445,2582.66015625,2582.6600657801464,charge
57646.346578,49.679012298583984,51.94120407104492,2580.3876953125,2580.387715848701,charge
57658.546577999994,49.6965217590332,52.04692077636719,2586.551025390625,2586.550930853409,charge
57670.746578,49.713172912597656,52.03728485107422,2586.9384765625,2586.938539703551,charge
57682.946577999995,49.72951889038086,51.98139953613281,2585.010009765625,2585.0099901805515,charge
57695.146578,49.74639892578125,51.959800720214844,2584.81298828125,2584.8129747319035,charge
57707.346578,49.763031005859375,52.02131271362305,2588.73828125,2588.73819753353,charge
57719.546577999994,49.77958679199219,51.97916030883789,2587.501220703125,2587.501121968671,charge
57731.746578,49.79585647583008,51.945159912109375,2586.65380859375,2586.6537275974406,charge
57744.046577999994,49.81292724609375,51.981544494628906,2589.352783203125,2589.352894050535,charge
57756.246578,49.82938766479492,51.96571350097656,2589.419677734375,2589.4196833178285,charge
57768.446577999995,49.84588623046875,51.99613571166992,2591.79345703125,2591.793465107912,charge
57780.646578,49.86288070678711,51.91321563720703,2588.54248046875,2588.5424784237694,charge
57792.846578,49.879512786865234,51.939056396484375,2590.69482421875,2590.694827666157,charge
57805.046577999994,49.896888732910156,52.06117630004883,2597.690673828125,2597.6907211479556,charge
57817.246578,49.91312026977539,51.990081787109375,2594.9873046875,2594.9872050754493,charge
57829.446577999995,49.92937088012695,51.92237091064453,2592.451416015625,2592.451314173086,charge
57841.646578,49.94600296020508,51.929283142089844,2593.66015625,2593.660129536147,charge
57853.946577999995,49.963130950927734,52.014827728271484,2598.82373046875,2598.823649177575,charge
57866.146578,49.979496002197266,51.96237564086914,2597.053466796875,2597.053345607492,charge
57878.346578,49.9964714050293,52.03270721435547,2601.45166015625,2601.451758368785,charge
57890.546577999994,50.01300811767578,51.95441436767578,2598.396484375,2598.39654751966,charge
57902.746578,50.03009796142578,52.05240249633789,2604.186767578125,2604.1867960193485,charge
57914.946577999995,50.046119689941406,52.00519561767578,2602.658203125,2602.6582443810184,charge
57927.146578,50.062808990478516,51.989891052246094,2602.760009765625,2602.7599851843843,charge
57939.346578,50.0799560546875,51.993896484375,2603.85205078125,2603.852051049471,charge
57951.646578,50.096588134765625,52.005958557128906,2605.321044921875,2605.321086390177,charge
57963.846578,50.11344909667969,52.031898498535156,2607.497802734375,2607.497896809946,charge
57976.046577999994,50.129432678222656,52.00948715209961,2607.2060546875,2607.2060848200636,charge
57988.246578,50.14610290527344,51.98068618774414,2606.62890625,2606.6288386573433,charge
58000.446577999995,50.16258239746094,52.01539993286133,2609.226806640625,2609.2267850690405,charge
58012.646578,50.17951965332031,52.006004333496094,2609.63623046875,2609.6363165433286,charge
58024.846578,50.19609451293945,52.0477294921875,2612.5927734375,2612.59274877375,charge
58037.046577999994,50.21223068237305,51.954795837402344,2608.76611328125,2608.7661936432414,charge
58049.246578,50.22834777832031,51.994850158691406,2611.615478515625,2611.615416452405,charge
58061.546577999994,50.24578094482422,51.98455047607422,2612.00439453125,2612.0043357359827,charge
58073.746578,50.261802673339844,51.96733474731445,2611.971923828125,2611.971924528916,charge
58085.946577999995,50.27883529663086,52.057220458984375,2617.37646484375,2617.3764134576777,charge
58098.146578,50.29510498046875,52.01826095581055,2616.263916015625,2616.26389567391,charge
58110.346578,50.311317443847656,51.976680755615234,2615.015380859375,2615.0152851732855,charge
58122.546577999994,50.32796859741211,52.02069091796875,2618.095703125,2618.0956989352126,charge
58134.746578,50.34374237060547,51.96251678466797,2615.987548828125,2615.9875579355867,charge
58146.906628,49.886417388916016,-0.023221969604492188,-1.1584608554840088,-1.1584608682824182,rest
58159.106627999994,49.81679916381836,-0.0213623046875,-1.0642015933990479,-1.064201642293483,rest
58171.406628,49.76470947265625,-0.022411346435546875,-1.115294098854065,-1.1152941442560405,rest
58183.606627999994,49.72339630126953,-0.021219253540039062,-1.0550934076309204,-1.0550933529884787,rest
58195.806628,49.68931198120117,-0.022935867309570312,-1.1396675109863281,-1.1396674663046724,rest
58208.006627999996,49.660491943359375,-0.023221969604492188,-1.153214454650879,-1.1532144344528206,rest
58220.206628,49.63672637939453,-0.02079010009765625,-1.0319525003433228,-1.0319525099475868,rest
58232.406628,49.61530685424805,-0.019931793212890625,-0.9889220595359802,-0.9889220364129869,rest
58244.606627999994,49.59806442260742,-0.02460479736328125,-1.2203502655029297,-1.2203503247292247,rest
58256.806628,49.58213806152344,-0.021457672119140625,-1.0639172792434692,-1.0639172614901327,rest
58269.106627999994,49.568443298339844,-0.021696090698242188,-1.0754414796829224,-1.0754414415714564,rest
58281.306628,49.55615997314453,-0.022029876708984375,-1.0917160511016846,-1.0917160943790805,rest
58293.506627999996,49.54570770263672,-0.0213623046875,-1.0584105253219604,-1.0584105039015412,rest
58305.706628,49.53554153442383,-0.023698806762695312,-1.1739332675933838,-1.173933226709778,rest
58317.906628,49.527015686035156,-0.022411346435546875,-1.1099671125411987,-1.1099671064584982,rest
58330.106627999994,49.51944351196289,-0.023508071899414062,-1.1641066074371338,-1.1641066384981968,rest
58342.306628,49.51255798339844,-0.021505355834960938,-1.064785122871399,-1.0647851777321193,rest
58354.506627999996,49.50571060180664,-0.0213623046875,-1.0575560331344604,-1.0575560736469924,rest
58366.706628,49.499778747558594,-0.023746490478515625,-1.1754460334777832,-1.1754460247175302,rest
58379.006627999996,49.49443817138672,-0.03147125244140625,-1.5576519966125488,-1.557651958137285,rest
58391.206628,49.489173889160156,-0.024938583374023438,-1.2341898679733276,-1.2341898891463643,rest
58403.406628,49.48474884033203,-0.02384185791015625,-1.1798083782196045,-1.1798083505709656,rest
58415.606627999994,49.48041915893555,-0.02346038818359375,-1.160829782485962,-1.1608298409555573,rest
58427.806628,49.47614669799805,-0.023937225341796875,-1.184321641921997,-1.1843216725537786,rest
58440.006627999996,49.4720458984375,-0.018739700317382812,-0.9270913004875183,-0.9270913142245263,rest
58452.206628,49.4691276550293,-0.023221969604492188,-1.1487705707550049,-1.1487705787658342,rest
58464.406628,49.46554183959961,-0.023603439331054688,-1.167556881904602,-1.1675569157887367,rest
58476.706628,49.46258544921875,-0.026226043701171875,-1.2972079515457153,-1.297207927564159,rest
58488.906628,49.45966720581055,-0.023365020751953125,-1.1556261777877808,-1.1556261506484589,rest
58501.106627999994,49.457035064697266,-0.027799606323242188,-1.374886155128479,-1.3748861047133687,rest
58513.306628,49.45381164550781,-0.023031234741210938,-1.1389822959899902,-1.1389823448553216,rest
58525.506627999996,49.4517707824707,-0.026464462280273438,-1.308714509010315,-1.308714522565424,rest
58537.706628,49.44887161254883,-0.022935867309570312,-1.1341527700424194,-1.134152757913398,rest
58549.906628,49.44723129272461,-0.029611587524414062,-1.4642109870910645,-1.4642110172644607,rest
58562.106627999994,49.444847106933594,-0.029706954956054688,-1.468855857849121,-1.4688558458146872,rest
58574.306628,49.442386627197266,-0.023174285888671875,-1.145792007446289,-1.1457920027169166,rest
58586.606627999994,49.44059371948242,-0.023889541625976562,-1.1811131238937378,-1.1811131216745707,rest
58598.806628,49.43840026855469,-0.024318695068359375,-1.202277421951294,-1.2022773807984777,rest
58611.006627999996,49.4366455078125,-0.023174285888671875,-1.1456589698791504,-1.145658956374973,rest
58623.206628,49.434814453125,-0.023555755615234375,-1.164474368095398,-1.1644744081422687,rest
58635.406628,49.43315505981445,-0.02536773681640625,-1.2540072202682495,-1.254007267561974,rest
58647.606627999994,49.43174362182617,-0.0232696533203125,-1.1502594947814941,-1.1502595370984636,rest
58659.806628,49.429931640625,-0.022411346435546875,-1.1077913045883179,-1.1077913222834468,rest
58672.006627999996,49.428348541259766,-0.022840499877929688,-1.1289682388305664,-1.1289681888229097,rest
58684.306628,49.4270133972168,-0.02460479736328125,-1.216141700744629,-1.2161416489107069,rest
58696.506627999996,49.425506591796875,-0.020933151245117188,-1.034631609916687,-1.0346316048526205,rest
58708.706628,49.42420959472656,-0.020074844360351562,-0.9921833276748657,-0.9921833152475301,rest
58720.906628,49.42304611206055,-0.018739700317382812,-0.9261730909347534,-0.9261730729122064,rest
58733.106627999994,49.421634674072266,-0.011968612670898438,-0.5915083885192871,-0.5915084029766149,rest
58745.306628,49.42056655883789,-0.015115737915039062,-0.7470283508300781,-0.7470283317161375,rest
58757.506627999996,49.4194221496582,-0.014972686767578125,-0.7399415373802185,-0.7399415280815447,rest
58769.706628,49.41814422607422,-0.015592575073242188,-0.7705561518669128,-0.7705561238253722,rest
58781.906628,49.417266845703125,-0.012922286987304688,-0.6385840773582458,-0.6385841043083929,rest
58794.206628,49.41642761230469,-0.010395050048828125,-0.5136862397193909,-0.5136862382641993,rest
58806.406628,49.414939880371094,-0.012350082397460938,-0.6102786064147949,-0.6102785791881615,rest
58818.606627999994,49.41434860229492,-0.018596649169921875,-0.9189413189888,-0.918941304917098,rest
58830.806628,49.41293716430664,-0.009107589721679688,-0.4500327706336975,-0.4500327586356434,rest
58843.006627999996,49.41221237182617,-0.0125885009765625,-0.6220256686210632,-0.6220256836968474,rest
58855.206628,49.41122055053711,-0.010013580322265625,-0.4947832226753235,-0.49478322580398526,rest
58867.406628,49.410057067871094,-0.008296966552734375,-0.40995359420776367,-0.40995359086082317,rest
58879.606627999994,49.40910339355469,-0.008869171142578125,-0.43821778893470764,-0.43821779399877414,rest
58891.906628,49.40814971923828,-0.008249282836914062,-0.40758180618286133,-0.4075818014825927,rest
58904.106627999994,49.40753936767578,-0.01163482666015625,-0.5748481750488281,-0.5748481562477536,rest
58916.306628,49.4066047668457,-0.0075817108154296875,-0.3745865821838379,-0.374586589714454,rest
58928.506627999996,49.40544128417969,-0.008487701416015625,-0.4193386435508728,-0.41933863394660875,rest
58940.706628,49.40492630004883,-0.008535385131835938,-0.42169007658958435,-0.42169007338088704,rest
58952.906628,49.40420150756836,-0.003147125244140625,-0.15548120439052582,-0.1554812097310787,rest
58965.106627999994,49.40315246582031,-0.006389617919921875,-0.3156672716140747,-0.31566726829623803,rest
58977.306628,49.40216064453125,-0.00133514404296875,-0.06595899909734726,-0.06595900049433112,rest
58989.506627999996,49.401493072509766,-0.0055789947509765625,-0.27561068534851074,-0.275610670541937,rest
59001.806628,49.40113067626953,-0.0061511993408203125,-0.30387619137763977,-0.30387620245164726,rest
59014.006627999996,49.4005012512207,-0.0077724456787109375,-0.3839627206325531,-0.3839627124762046,rest
59026.206628,49.399452209472656,-0.003337860107421875,-0.16488845646381378,-0.16488846085849218,rest
59038.406628,49.39899444580078,-0.010204315185546875,-0.5040829181671143,-0.5040829091740306,rest
59050.606627999994,49.39800262451172,-0.0050067901611328125,-0.24732543528079987,-0.24732543352001812,rest
59062.806628,49.39760208129883,-0.0033855438232421875,-0.16723774373531342,-0.16723774660931667,rest
59075.006627999996,49.39668655395508,-0.0058650970458984375,-0.28971636295318604,-0.289716360384773,rest
59087.206628,49.3963623046875,-0.0012874603271484375,-0.06359585374593735,-0.06359585677273571,rest
59099.506627999996,49.3956184387207,-0.0028133392333984375,-0.1389666348695755,-0.13896663131163223,rest
59111.706628,49.39472198486328,-0.001239776611328125,-0.06123841926455498,-0.061238421039888635,rest
59123.906628,49.394474029541016,-0.0091552734375,-0.4522199034690857,-0.45221991604194045,rest
59136.106627999994,49.39371109008789,-0.0023365020751953125,-0.1154085099697113,-0.11540850846358808,rest
59148.306628,49.39281463623047,-0.0034332275390625,-0.1695767641067505,-0.16957677144091576,rest
59160.506627999996,49.39260482788086,-0.0032901763916015625,-0.16251038014888763,-0.16251038232439896,rest
59172.706628,49.3914794921875,-0.002574920654296875,-0.12717914581298828,-0.12717914069071412,rest
59184.906628,49.39126968383789,-0.0023365020751953125,-0.11540280282497406,-0.11540280411281856,rest
59197.106627999994,49.39048767089844,-0.0024318695068359375,-0.12011121958494186,-0.12011122089461423,rest
59209.406628,49.390411376953125,-0.0013828277587890625,-0.06829842925071716,-0.0682984318700619,rest
59221.606627999994,49.38943862915039,-0.0005245208740234375,-0.025905791670084,-0.02590579151728889,rest
59233.806628,49.388790130615234,0.002956390380859375,0.146012544631958,0.14601254406443331,rest
59246.006627999996,49.38859939575195,-0.005626678466796875,-0.2778937816619873,-0.27789376872533467,rest
59258.206628,49.38800811767578,-0.0010967254638671875,-0.05416508764028549,-0.05416508611233439,rest
59270.406628,49.387359619140625,-0.0005245208740234375,-0.02590470016002655,-0.025904701033141464,rest
59282.606627999994,49.386844635009766,-0.0009059906005859375,-0.04474401846528053,-0.04474401703191688,rest
59294.806628,49.38680648803711,-0.007534027099609375,-0.37208154797554016,-0.3720815384440357,rest
59307.106627999994,49.38589096069336,0.000762939453125,0.037678442895412445,0.03767844464164227,rest
59319.306628,49.386024475097656,-0.005626678466796875,-0.2778792679309845,-0.2778792804747354,rest
59331.506627999996,49.38526153564453,-0.000762939453125,-0.03767796605825424,-0.037677964428439736,rest
59343.706628,49.384727478027344,9.5367431640625e-05,0.004709694534540176,0.004709694621851668,rest
59355.906628,49.38405990600586,0.0036716461181640625,0.18132078647613525,0.18132079185306793,rest
59368.106627999994,49.38404083251953,0.0009059906005859375,0.04474147781729698,0.04474147681321483,rest
59380.306628,49.3836784362793,0.001621246337890625,0.0800631046295166,0.08006310781638604,rest
59392.506627999996,49.3830680847168,-0.001621246337890625,-0.08006212115287781,-0.08006211828615051,rest
59404.706628,49.38295364379883,-0.0005245208740234375,-0.025902390480041504,-0.02590239000710426,rest
59417.006627999996,49.382667541503906,-0.0005245208740234375,-0.025902239605784416,-0.025902239940478466,rest
59429.206628,49.3817138671875,0.0014781951904296875,0.07299581170082092,0.07299581193365157,rest
59441.406628,49.381771087646484,0.0009059906005859375,0.04473942145705223,0.04473942044569412,rest
59453.606627999994,49.38140869140625,0.0004291534423828125,0.02119220234453678,0.02119220152962953,rest
59465.806628,49.38072204589844,-0.0019550323486328125,-0.0965409055352211,-0.09654090899857692,rest
59478.006627999996,49.380245208740234,-0.0003337860107421875,-0.016482435166835785,-0.01648243505769642,rest
59490.206628,49.38009262084961,0.0010013580322265625,0.04944715276360512,0.049447152377979364,rest
59502.406628,49.379215240478516,0.00171661376953125,0.08476503938436508,0.08476504081045277,rest
59514.706628,49.379215240478516,0.0023365020751953125,0.11537463963031769,0.11537463888089405,rest
59526.906628,49.379329681396484,-0.000286102294921875,-0.014127539470791817,-0.014127539543551393,rest
59539.106627999994,49.378604888916016,0.0036716461181640625,0.18130075931549072,0.1813007629607455,rest
59551.306628,49.378318786621094,0.0025272369384765625,0.12479071319103241,0.12479071119742002,rest
59563.506627999996,49.377899169921875,0.000667572021484375,0.032963305711746216,0.03296330396551639,rest
59575.706628,49.377593994140625,0.0015735626220703125,0.0776987373828888,0.07769873627694324,rest
59587.906628,49.37711715698242,0.0032901763916015625,0.16245941817760468,0.16245942515524803,rest
59600.106627999994,49.376888275146484,0.0020503997802734375,0.10124236345291138,0.10124236086994642,rest
59612.306628,49.37639236450195,0.00591278076171875,0.2919517755508423,0.29195178285590373,rest
59624.606627999994,49.37650680541992,0.0010967254638671875,0.0541524738073349,0.054152472330315504,rest
59636.806628,49.375953674316406,0.00171661376953125,0.08475944399833679,0.08475944196106866,rest
59649.006627999996,49.375667572021484,0.0004291534423828125,0.02118973806500435,0.021189737708482426,rest
59661.206628,49.37541961669922,-0.0007152557373046875,-0.03531605377793312,-0.03531605216267053,rest
59673.406628,49.37461853027344,0.001239776611328125,0.06121349707245827,0.06121349724708125,rest
59685.606627999994,49.375038146972656,0.003910064697265625,0.19305959343910217,0.19305959358462133,rest
59697.806628,49.37459945678711,0.00171661376953125,0.08475711941719055,0.08475711729261093,rest
59710.006627999996,49.37427520751953,0.0061511993408203125,0.3037109971046448,0.30371100910997484,rest
59722.306628,49.37408447265625,0.0043392181396484375,0.21424491703510284,0.21424492297228426,rest
59734.506627999996,49.37347412109375,0.000667572021484375,0.032960351556539536,0.03296034992672503,rest
59746.706628,49.373435974121094,0.0019073486328125,0.09417235851287842,0.09417235560249537,rest
59758.906628,49.37305450439453,0.00324249267578125,0.16009177267551422,0.16009176761144772,rest
59771.106627999994,49.37307357788086,-0.0007152557373046875,-0.035314373672008514,-0.03531437414494576,rest
59783.306628,49.3726921081543,0.0005245208740234375,0.025897007435560226,0.025897007617459167,rest
59795.506627999996,49.372291564941406,0.0013828277587890625,0.06827337294816971,0.06827337529102806,rest
59807.706628,49.37185287475586,0.0018596649169921875,0.09181509912014008,0.09181510267808335,rest
59819.906628,49.37196731567383,0.00400543212890625,0.1977560669183731,0.19775606415350921,rest
59832.206628,49.371891021728516,0.002002716064453125,0.09887787699699402,0.09887787928164471,rest
59844.406628,49.37141418457031,0.0013828277587890625,0.06827215850353241,0.0682721620250959,rest
59856.606627999994,49.37095642089844,0.00286102294921875,0.14125144481658936,0.14125143934506923,rest
59868.806628,49.3707275390625,0.0051021575927734375,0.25189724564552307,0.2518972323741764,rest
59881.006627999996,49.3705940246582,0.0039577484130859375,0.19539639353752136,0.19539639015420107,rest
59893.206628,49.37061309814453,0.0011920928955078125,0.0588543564081192,0.05885435712116305,rest
59905.406628,49.37021255493164,0.006961822509765625,0.3437066674232483,0.34370665707683656,rest
59917.606627999994,49.369964599609375,0.0026702880859375,0.1318320333957672,0.13183202827349305,rest
59929.906628,49.36958312988281,0.002574920654296875,0.12712275981903076,0.1271227592951618,rest
59942.106627999994,49.36958312988281,0.00133514404296875,0.06591550260782242,0.06591550481971353,rest
59954.306628,49.369354248046875,0.0010967254638671875,0.05414462834596634,0.05414462793851271,rest
59966.506627999996,49.3687629699707,0.0011920928955078125,0.05885215103626251,0.05885215159651125,rest
59978.706628,49.36859130859375,0.00400543212890625,0.1977425366640091,0.19774254178628325,rest
59990.906628,49.36836242675781,0.0014781951904296875,0.07297607511281967,0.0729760758986231,rest
60003.106627999994,49.36809539794922,0.0014781951904296875,0.07297568023204803,0.07297568117792252,rest
60015.306628,49.368247985839844,0.002956390380859375,0.14595180749893188,0.14595181346521713,rest
60027.506627999996,49.36796188354492,0.002765655517578125,0.13653478026390076,0.13653477617481258,rest
60039.806628,49.36784744262695,-4.76837158203125e-05,-0.0023540423717349768,-0.002354042408114765,rest
60052.006627999996,49.36758041381836,0.0030994415283203125,0.15301193296909332,0.1530119288872811,rest
60064.206628,49.36727523803711,0.0030517578125,0.15065696835517883,0.15065696788951755,rest
60076.406628,49.367103576660156,0.0016689300537109375,0.08239024132490158,0.08239024282374885,rest
60088.606627999994,49.3670654296875,0.00247955322265625,0.12240826338529587,0.12240826617926359,rest
60100.806628,49.366722106933594,0.004673004150390625,0.23069089651107788,0.2306908972968813,rest
60113.006627999996,49.36666488647461,0.002384185791015625,0.11769930273294449,0.11769930097216275,rest
60125.206628,49.366207122802734,0.00476837158203125,0.23539641499519348,0.23539641915704124,rest
60137.506627999996,49.36634063720703,0.0021457672119140625,0.10592867434024811,0.10592867511149962,rest
60149.706628,49.366416931152344,0.00209808349609375,0.10357486456632614,0.1035748646245338,rest
60161.906628,49.365787506103516,0.0036716461181640625,0.18125370144844055,0.18125370206689695,rest
60174.106627999994,49.365806579589844,0.0020503997802734375,0.10121963918209076,0.10121963896381203,rest
60186.306628,49.36500549316406,0.002956390380859375,0.14594222605228424,0.14594222739106044,rest
60198.506627999996,49.364967346191406,0.0003337860107421875,0.01647733524441719,0.01647733552090358,rest
60210.706628,49.364891052246094,0.00171661376953125,0.08474045246839523,0.08474045171169564,rest
60222.906628,49.36445236206055,0.001811981201171875,0.08944746106863022,0.08944745968619827,rest
60235.106627999994,49.364891052246094,0.00133514404296875,0.0659092366695404,0.06590924022020772,rest
60247.406628,49.36454772949219,0.001239776611328125,0.06120100989937782,0.06120101170381531,rest
60259.606627999994,49.36443328857422,0.0020503997802734375,0.10121682286262512,0.10121682316821534,rest
60271.806628,49.364070892333984,0.002384185791015625,0.11769311875104904,0.11769311640819069,rest
60284.006627999996,49.363765716552734,0.0,0.0,0.0,rest
60296.206628,49.36389923095703,0.0021457672119140625,0.10592343658208847,0.1059234364220174,rest
60308.406628,49.36372756958008,9.5367431640625e-05,0.004707691725343466,0.004707691914518364,rest
60320.606627999994,49.36357498168945,0.0007152557373046875,0.03530757874250412,0.035307580219523516,rest
60332.806628,49.36332702636719,0.00171661376953125,0.08473777025938034,0.08473776688333601,rest
60345.006627999996,49.36311721801758,0.00019073486328125,0.009415267035365105,0.0094152674137149,rest
60357.306628,49.36250686645508,0.0019550323486328125,0.0965052992105484,0.096505297733529,rest
60369.506627999996,49.36281204223633,9.5367431640625e-05,0.004707604646682739,0.004707604603026994,rest
60381.706628,49.362449645996094,0.002765655517578125,0.13651953637599945,0.13651953122462146,rest
60393.906628,49.362430572509766,9.5367431640625e-05,0.004707568325102329,0.004707568223238923,rest
60406.106627999994,49.3623161315918,0.0037670135498046875,0.18594852089881897,0.1859485137174488,rest
60418.306628,49.361934661865234,0.00095367431640625,0.04707520827651024,0.047075209295144305,rest
60430.506627999996,49.36220169067383,-0.0025272369384765625,-0.12474998086690903,-0.12474997947720112,rest
60442.706628,49.36199188232422,0.0038623809814453125,0.19065481424331665,0.19065481865254696,rest
60455.006627999996,49.36140060424805,-0.00019073486328125,-0.009414940141141415,-0.009414939995622262,rest
60467.206628,49.361305236816406,0.002288818359375,0.11297906190156937,0.11297906166873872,rest
60479.406628,49.361629486083984,0.0026226043701171875,0.129456028342247,0.12945602520630928,rest
60491.606627999994,49.360923767089844,0.0030994415283203125,0.15299129486083984,0.15299129699997138,rest
60503.806628,49.36098098754883,0.006198883056640625,0.30598294734954834,0.30598294870287646,rest
60516.006627999996,49.36086654663086,0.0019073486328125,0.09414838254451752,0.09414838132215664,rest
60528.206628,49.360389709472656,0.000667572021484375,0.03295161575078964,0.0329516151396092,rest
60540.406628,49.3604850769043,0.0058650970458984375,0.2895040214061737,0.2895040352086653,rest
60552.606627999994,49.36042785644531,0.0001430511474609375,0.007061065640300512,0.0070610658440273255,rest
60564.906628,49.36046600341797,0.001811981201171875,0.0894402340054512,0.08944023647927679,rest
60577.106627999994,49.36004638671875,0.0011920928955078125,0.0588417612016201,0.05884176061954349,rest
60589.306628,49.36006546020508,-0.003719329833984375,-0.18358635902404785,-0.18358636407356244,rest
60601.506627999996,49.3602180480957,0.0007152557373046875,0.03530517965555191,0.035305179153510835,rest
60613.706628,49.35995101928711,-0.00057220458984375,-0.02824399061501026,-0.02824399052769877,rest
60625.906628,49.35956954956055,0.0018596649169921875,0.0917922630906105,0.09179225980915362,rest
60638.106627999994,49.35930252075195,0.0028133392333984375,0.1388644576072693,0.13886446231481386,rest
60650.306628,49.359092712402344,0.00019073486328125,0.009414499625563622,0.009414499800186604,rest
60662.606627999994,49.35905456542969,-4.76837158203125e-05,-0.002353623043745756,-0.0023536231310572475,rest
60674.806628,49.35941696166992,0.00095367431640625,0.04707280918955803,0.047072808229131624,rest
60687.006627999996,49.35873031616211,0.00019073486328125,0.0094144307076931,0.00941443067858927,rest
60699.206628,49.35861587524414,0.0019550323486328125,0.09649769216775894,0.09649769071984338,rest
60711.406628,49.358482360839844,0.0032901763916015625,0.16239811480045319,0.1623981133889174,rest
60723.606627999994,49.358482360839844,0.0027179718017578125,0.13415496051311493,0.13415496323432308,rest
60735.806628,49.358367919921875,0.0019550323486328125,0.09649720788002014,0.09649720595916733,rest
60748.006627999996,49.358367919921875,-0.0034809112548828125,-0.17181210219860077,-0.1718120984151028,rest
60760.206628,49.35813903808594,-9.5367431640625e-05,-0.004707159008830786,-0.004707158950623125,rest
60772.506627999996,49.35808181762695,0.006866455078125,0.33891505002975464,0.3389150515431538,rest
60784.706628,49.35798645019531,-0.000476837158203125,-0.023535722866654396,-0.023535721993539482,rest
60796.906628,49.35783386230469,0.001049041748046875,0.05177842825651169,0.05177842831471935,rest
60809.106627999994,49.357261657714844,0.0031948089599609375,0.1576870232820511,0.15768702178320382,rest
60821.306628,49.3574333190918,0.001621246337890625,0.08002055436372757,0.08002055801625829,rest
60833.506627999996,49.357032775878906,0.0016689300537109375,0.08237343281507492,0.08237343536166009,rest
60845.706628,49.35720443725586,4.76837158203125e-05,0.0023535348009318113,0.0023535349100711755,rest
60857.906628,49.357261657714844,0.002956390380859375,0.1459193378686905,0.1459193335904274,rest
60870.206628,49.35710906982422,-9.5367431640625e-05,-0.004707060754299164,-0.004707060725195333,rest
60882.406628,49.356727600097656,-0.002574920654296875,-0.12708966434001923,-0.12708965732599609,rest
60894.606627999994,49.35636520385742,0.002956390380859375,0.14591668546199799,0.14591668332286645,rest
60906.806628,49.35646057128906,0.0041961669921875,0.20710794627666473,0.20710795070044696,rest
60919.006627999996,49.35659408569336,-0.0021457672119140625,-0.10590776056051254,-0.10590776128083235,rest
60931.206628,49.35640335083008,-0.004673004150390625,-0.2306426763534546,-0.2306426777067827,rest
60943.406628,49.356632232666016,-0.0037670135498046875,-0.1859271079301834,-0.18592710239317967,rest
60955.606627999994,49.35606002807617,0.002288818359375,0.11296705901622772,0.11296705633867532,rest
60967.806628,49.356040954589844,0.005340576171875,0.2635897099971771,0.26358969626016915,rest
60980.106627999994,49.35565948486328,-0.0012874603271484375,-0.06354345381259918,-0.06354345350700896,rest
60992.306628,49.35600280761719,0.0006198883056640625,0.030595209449529648,0.03059520895476453,rest
61004.506627999996,49.35600280761719,0.0027179718017578125,0.1341482251882553,0.13414822387858294,rest
61016.706628,49.35564041137695,-0.004482269287109375,-0.22122527658939362,-0.22122527116152924,rest
61028.906628,49.355430603027344,0.0011920928955078125,0.058836258947849274,0.05883625817659777,rest
61041.106627999994,49.35535430908203,0.0008106231689453125,0.04000859335064888,0.04000859371444676,rest
61053.306628,49.355430603027344,0.0005245208740234375,0.025887953117489815,0.025887953597703017,rest
61065.506627999996,49.35518264770508,0.0032901763916015625,0.16238725185394287,0.16238725675066235,rest
61077.806628,49.35495376586914,0.0026226043701171875,0.12943851947784424,0.12943851743330015,rest
61090.006627999996,49.35523986816406,0.0022411346435546875,0.11061173677444458,0.11061173790949397,rest
61102.206628,49.35462951660156,0.0010013580322265625,0.049421653151512146,0.04942165469401516,rest
61114.406628,49.3547248840332,0.002288818359375,0.11296399682760239,0.11296400043647736,rest
61126.606627999994,49.35483932495117,0.0024318695068359375,0.12002453207969666,0.12002452876913594,rest
61138.806628,49.3543815612793,0.001621246337890625,0.08001560717821121,0.08001561036508065,rest
61151.006627999996,49.354095458984375,0.0028133392333984375,0.13884980976581573,0.1388498130836524,rest
61163.206628,49.354515075683594,0.00362396240234375,0.1788589060306549,0.17885890702018514,rest
61175.406628,49.354286193847656,0.001621246337890625,0.08001545816659927,0.08001545575098135,rest
61187.706628,49.3537712097168,0.003147125244140625,0.15532249212265015,0.15532249926764052,rest
61199.906628,49.35415267944336,0.0003337860107421875,0.01647372543811798,0.016473725736432243,rest
61212.106627999994,49.35401916503906,0.0006198883056640625,0.030593980103731155,0.030593979317927733,rest
61224.306628,49.35361862182617,0.0014781951904296875,0.07295428216457367,0.07295428167708451,rest
61236.506627999996,49.353580474853516,0.004291534423828125,0.21180258691310883,0.21180258954700548,rest
61248.706628,49.35346603393555,0.0032901763916015625,0.1623816043138504,0.16238160878856434,rest
61260.906628,49.3535041809082,0.0033855438232421875,0.16708844900131226,0.16708845123503124,rest
61273.106627999994,49.35310363769531,0.0015735626220703125,0.07766019552946091,0.07766019916743971,rest
61285.406628,49.35312271118164,0.0024318695068359375,0.12002035230398178,0.1200203541884548,rest
61297.606627999994,49.35356140136719,0.00209808349609375,0.10354789346456528,0.10354789264965802,rest
61309.806628,49.352989196777344,0.0029087066650390625,0.14355336129665375,0.1435533686162671,rest
61322.006627999996,49.352989196777344,-0.0024318695068359375,-0.12002003192901611,-0.12002002949884627,rest
61334.206628,49.352970123291016,0.0061511993408203125,0.3035799562931061,0.3035799572899123,rest
61346.406628,49.35312271118164,0.0010967254638671875,0.05412682518362999,0.05412682639871491,rest
61358.606627999994,49.353065490722656,0.002193450927734375,0.10825352370738983,0.10825352728716098,rest
61370.806628,49.352684020996094,0.0014781951904296875,0.07295290380716324,0.07295290015463252,rest
61383.006627999996,49.35243606567383,0.0014781951904296875,0.07295253127813339,0.0729525336282677,rest
61395.306628,49.35283660888672,0.0050067901611328125,0.24709929525852203,0.2470992967573693,rest
61407.506627999996,49.35234069824219,0.006198883056640625,0.30592939257621765,0.30592938855988905,rest
61419.706628,49.352684020996094,0.002002716064453125,0.0988394096493721,0.09883941311272793,rest
61431.906628,49.35222625732422,0.00152587890625,0.0753055214881897,0.07530552102252841,rest
61444.106627999994,49.35239791870117,-0.0047206878662109375,-0.2329772710800171,-0.23297726602322655,rest
61456.306628,49.35211181640625,0.0010967254638671875,0.054125718772411346,0.05412571772467345,rest
61468.506627999996,49.35218811035156,0.0043392181396484375,0.21414990723133087,0.21414990987977944,rest
61480.706628,49.35279846191406,0.00152587890625,0.07530639320611954,0.07530639413744211,rest
61493.006627999996,49.35220718383789,0.0024318695068359375,0.1200181245803833,0.12001812774542486,rest
61505.206628,49.35192108154297,0.0027179718017578125,0.1341371238231659,0.1341371298622107,rest
61517.406628,49.35190200805664,0.002574920654296875,0.12707723677158356,0.12707723180938046,rest
61529.606627999994,49.35178756713867,0.00152587890625,0.07530485093593597,0.0753048516344279,rest
61541.806628,49.35169219970703,-0.0028133392333984375,-0.13884304463863373,-0.13884305190003943,rest
61554.006627999996,49.351844787597656,0.002765655517578125,0.13649019598960876,0.1364902018394787,rest
61566.206628,49.35159683227539,0.002288818359375,0.11295684427022934,0.112956840894185,rest
61578.406628,49.351558685302734,0.001049041748046875,0.051771845668554306,0.05177184539206792,rest
61590.606627999994,49.351806640625,0.0030040740966796875,0.14825648069381714,0.14825648395344615,rest
61602.906628,49.35131072998047,0.000667572021484375,0.032945554703474045,0.03294555426691659,rest
61615.106627999994,49.351139068603516,0.002002716064453125,0.09883631765842438,0.0988363190117525,rest
61627.306628,49.35127258300781,0.002193450927734375,0.10824959725141525,0.10824959463207051,rest
61639.506627999996,49.35131072998047,0.002574920654296875,0.1270757019519806,0.1270757093152497,rest
61651.706628,49.3511962890625,0.003528594970703125,0.17414037883281708,0.17414038302376866,rest
61663.906628,49.35110092163086,0.003337860107421875,0.1647270768880844,0.16472707102366257,rest
61676.106627999994,49.35081481933594,0.002574920654296875,0.1270744353532791,0.1270744323846884,rest
61688.306628,49.35110092163086,0.0003337860107421875,0.01647270657122135,0.016472707102366257,rest
61700.606627999994,49.350547790527344,0.003337860107421875,0.16472522914409637,0.16472522474941798,rest
61712.806628,49.350852966308594,0.003719329833984375,0.1835521012544632,0.18355209977016784,rest
61725.006627999996,49.3507194519043,0.0032901763916015625,0.16237257421016693,0.16237257204920752,rest
61737.206628,49.35068130493164,0.0012874603271484375,0.06353704631328583,0.06353704429784557,rest
61851.113728,49.3498420715332,0.00247955322265625,0.1223655566573143,0.12236555994604714,rest
61973.113728,49.349002838134766,0.0030517578125,0.15060120820999146,0.15060120495036244,rest
62095.113728,49.34816360473633,0.0010013580322265625,0.04941517859697342,0.04941518000123324,rest
62217.113728,49.34885025024414,-0.0065326690673828125,-0.3223797082901001,-0.32237970754067646,rest
62339.113728,49.34906005859375,-0.0102996826171875,-0.5082796812057495,-0.50827965606004,rest
62462.113728,49.349002838134766,-0.015115737915039062,-0.7459465861320496,-0.745946593269764,rest
62584.113728,49.34865951538086,-0.020742416381835938,-1.0236104726791382,-1.0236104435534799,rest
62706.113728,49.34803009033203,-0.021505355834960938,-1.0612469911575317,-1.0612469468469499,rest
62828.113728,49.3467903137207,-0.021648406982421875,-1.0682793855667114,-1.0682793999876594,rest
62950.113728,49.34650421142578,-0.022935867309570312,-1.1318048238754272,-1.1318048727844143,rest
63072.113728,49.34673309326172,-0.025701522827148438,-1.2682862281799316,-1.2682861870416673,rest
63194.113728,49.34553146362305,-0.014781951904296875,-0.7294232845306396,-0.7294232727872441,rest
63316.113728,49.34459686279297,-0.00400543212890625,-0.19764643907546997,-0.1976464336621575,rest
63439.113728,49.34429168701172,-0.0058650970458984375,-0.2894090712070465,-0.28940905940544326,rest
63561.113728,49.343013763427734,-0.005340576171875,-0.26352012157440186,-0.2635201235534623,rest
63683.113728,49.34255599975586,-0.002193450927734375,-0.10823047161102295,-0.10823047523444984,rest
63805.113728,49.3419075012207,-0.00247955322265625,-0.12234588712453842,-0.12234588575665839,rest
63927.113728,49.34150695800781,-0.00019073486328125,-0.009411145932972431,-0.009411145583726466,rest
64049.113728,49.340972900390625,0.0008106231689453125,0.03999693691730499,0.039996935811359435,rest
64171.113728,49.34074401855469,0.0005245208740234375,0.025880251079797745,0.025880250177579,rest
64293.113728,49.33977127075195,0.003910064697265625,0.1929216980934143,0.19292169781692792,rest
64415.113728,49.33961868286133,0.0037670135498046875,0.18586301803588867,0.18586301212053513,rest
64538.113728,49.339351654052734,-0.00095367431640625,-0.04705367237329483,-0.04705367246060632,rest
64660.113728,49.33835983276367,-0.0013828277587890625,-0.06822645664215088,-0.06822645354986889,rest
64782.113728,49.338645935058594,-0.0004291534423828125,-0.02117384970188141,-0.021173849745537154,rest
64904.113728,49.33870315551758,-0.0020503997802734375,-0.1011640653014183,-0.1011640661090496,rest
65026.113728,49.33788299560547,-0.0008106231689453125,-0.03999442979693413,-0.03999443106295075,rest
65148.113728,49.33734893798828,-0.0033855438232421875,-0.16703376173973083,-0.16703375695215072,rest
65270.113728,49.33717727661133,-0.00133514404296875,-0.06587223708629608,-0.06587223833776079,rest
65392.113728,49.33727264404297,-0.000858306884765625,-0.0423465222120285,-0.04234652078594081,rest
65515.113728,49.3370246887207,-0.0048160552978515625,-0.2376098334789276,-0.23760983913234668,rest
65637.113728,49.33652877807617,-0.0010013580322265625,-0.04940352961421013,-0.04940352937410353,rest
65759.113728,49.33624267578125,-0.00209808349609375,-0.10351155698299408,-0.10351155651733279,rest
65881.113728,49.33582305908203,-0.0004291534423828125,-0.02117263898253441,-0.021172638298594393,rest
66003.113728,49.33591842651367,0.00133514404296875,0.06587056070566177,0.06587055759155191,rest
66125.113728,49.33563232421875,-0.0074863433837890625,-0.36934348940849304,-0.36934348463546485,rest
66247.113728,49.335479736328125,-0.0030517578125,-0.1505599319934845,-0.1505599357187748,rest
66369.113728,49.33521270751953,-0.0004291534423828125,-0.021172376349568367,-0.021172376364120282,rest
66491.113728,49.33483123779297,-0.00286102294921875,-0.14114809036254883,-0.14114808436715975,rest
66614.113728,49.334449768066406,0.004673004150390625,0.23054008185863495,0.23054008852341212,rest
66736.113728,49.334449768066406,0.00400543212890625,0.19760578870773315,0.19760579016292468,rest
66858.113728,49.3339729309082,0.000667572021484375,0.032933980226516724,0.032933980037341826,rest
66980.113728,49.334068298339844,-0.0007152557373046875,-0.03528647497296333,-0.035286475394968875,rest
67102.113728,49.33361053466797,0.0023365020751953125,0.11526808142662048,0.11526808339112904,rest
67224.113728,49.33359146118164,0.002193450927734375,0.10821080952882767,0.10821081195899751,rest
67346.113728,49.333248138427734,0.0017642974853515625,0.08703852444887161,0.0870385256348527,rest
67468.113728,49.33317184448242,0.002193450927734375,0.10820989310741425,0.10820989155035932,rest
67591.113728,49.33305740356445,0.0007152557373046875,0.03528575226664543,0.035285752346680965,rest
